VBELN,FKDAT,MATNR,KUNNR,FKIMG,NETWR,WAVWR,VKBUR,INCO1
0090001001,2025-01-01,PRD-02 ,CLI-1001,111,801952.8,396527.52,CC-202,RETAIL
0090001002,2025-01-01,PRD-01 ,CLI-1013,140,996889.6,430103.8,CC-202,HORECA
0090001003,01/01/2025,PRD-04,CLI-1027,252,1480431.96,688993.2,CC-202,HORECA
0090001004,2025-01-02,prd-05,CLI-1044,81,708872.31,354289.14,CC-202, HORECA 
0090001005,02/01/2025,PRD-02,CLI-1032,171,1343776.14,576935.19,CC-203,FOB
0090001006,2025/01/03,prd-03,CLI-1012,199,619703.91,336606.51,CC-202,RETAIL
0090001007,2025/01/03,prd-05,CLI-1049,58,528892.14,258413.2,CC-202,DIST
0090001008,2025-01-04,PRD-03,CLI-1023,206,665060.7,332984.58,CC-202,DIST
0090001009,04-01-2025,PRD-02,CLI-1002,248,1788744.64,862960.64,CC-202,RETAIL
0090001010,05-01-2025, PRD-02,CLI-1004,191,1398809.51,659328.18,CC-202,DIST
0090001011,2025-01-05,PRD-05 ,CLI-1038,202,1913295.52,894241.88,CC-202,RETAIL
0090001012,2025-01-05,PRD-01,CLI-1022,43,298407.53,145628.1,CC-202,DIST
0090001013,2025-01-05,PRD-04 ,CLI-1009,158,999751.32,460023.32,CC-203,FOB
0090001014,2025/01/05,PRD-01,CLI-1003,143,997905.48,471136.38,CC-202,RETAIL
0090001015,2025-01-05,PRD-04,CLI-1026,167,984209.49,459194.89,CC-202,RETAIL
0090001016,2025-01-06,PRD-03,CLI-1041,166,515783.58,257530.74,CC-202,DIST
0090001017,06/01/2025, PRD-05,CLI-1040,180,1617436.8,819538.2,CC-203, FOB 
0090001018,06-01-2025,PRD-02,CLI-1023,148,1120323.0,520067.56,CC-202,DIST
0090001019,06/01/2025,PRD-01,CLI-1016,178,1309170.42,561508.12,CC-202, DIST 
0090001020,2025/01/07,PRD-05,CLI-1002,131,1204700.89,597142.54,CC-203,FOB
0090001021,2025/01/07,PRD-03 ,CLI-1037,148,442266.92,248573.4,CC-202,RETAIL
0090001022,2025-01-07, PRD-01,CLI-1035,179,1271931.04,569307.71,CC-202,HORECA
0090001023,2025/01/08,prd-01,CLI-1033,67,490680.53,224183.34,CC-202,HORECA
0090001024,08-01-2025,PRD-03 ,CLI-1036,171,571256.28,288254.7,CC-202,DIST
0090001025,08-01-2025,PRD-02 ,CLI-1048,185,1399064.35,640364.55, CC-203 ,FOB
0090001026,2025-01-08,PRD-03 ,CLI-1046,236,767833.08,362687.16,CC-203,FOB
0090001027,2025/01/09,PRD-01 ,CLI-1041,213,1526300.49,698774.19, CC-202 ,RETAIL
0090001028,09-01-2025,PRD-02,CLI-1021,247,1879460.05,826131.02, CC-203 , FOB 
0090001029,2025-01-09,PRD-02,CLI-1007,67,512296.07,233486.96,CC-203,FOB
0090001030,2025-01-10,prd-01,CLI-1022,164,1110972.08,532280.04,CC-202,DIST
0090001031,10-01-2025,PRD-02 ,CLI-1038,138,981249.0,478109.28,CC-202,HORECA
0090001032,2025-01-10,PRD-03 ,CLI-1027,128,405931.52,215165.44,CC-203,FOB
0090001033,2025/01/10,PRD-03,CLI-1047,245,761408.55,401608.9,CC-202,HORECA
0090001034,2025-01-11,PRD-01,CLI-1004,216,1446074.64,698055.84, CC-202 ,HORECA
0090001035,2025-01-11,PRD-02 ,CLI-1044,54,414182.16,177056.82,CC-202,HORECA
0090001036,12/01/2025,PRD-05,CLI-1035,177,1721942.73,837509.13,CC-203,FOB
0090001037,12/01/2025, PRD-02,CLI-1049,143,980506.67,511887.09, CC-202 ,DIST
0090001038,2025-01-12, PRD-04,CLI-1033,65,419931.85,192257.65,CC-202, HORECA 
0090001039,12/01/2025,PRD-01,CLI-1023,135,912645.9,431356.05, CC-202 ,DIST
0090001040,12/01/2025,prd-01,CLI-1025,180,1220986.8,562723.2,CC-202,RETAIL
0090001041,2025-01-13,PRD-05,CLI-1046,242,2318848.84,1146719.42,CC-202,HORECA
0090001042,13/01/2025, PRD-02,CLI-1023,43,303822.09,150164.17,CC-202,HORECA
0090001043,13-01-2025,prd-05,CLI-1026,213,1873188.03,948463.44,CC-202,RETAIL
0090001044,14/01/2025,PRD-03,CLI-1048,123,402100.53,202753.2,CC-101,HORECA
0090001045,2025-01-14, PRD-02,CLI-1035,58,415110.64,205272.44,CC-202,DIST
0090001046,2025/01/15,PRD-01,CLI-1007,172,1218403.28,532874.92,CC-202,DIST
0090001047,2025-01-15,prd-04,CLI-1008,76,468212.44,208422.4,CC-202,HORECA
0090001048,15-01-2025,prd-03,CLI-1023,257,851965.28,431348.8,CC-202,DIST
0090001049,16-01-2025,prd-05,CLI-1022,117,1003914.99,535886.91,CC-202,DIST
0090001050,2025/01/16,prd-01,CLI-1022,70,485443.7,227195.5,CC-202,RETAIL
0090001051,16-01-2025,prd-03,CLI-1042,77,257571.93,121355.08, CC-202 ,HORECA
0090001052,2025/01/16,prd-02,CLI-1037,89,637910.17,306748.29,CC-203,FOB
0090001053,16/01/2025,prd-01,CLI-1044,244,1782280.92,770769.16,CC-203,FOB
0090001054,2025-01-17,PRD-03,CLI-1030,122,364132.18,188400.94,CC-203,FOB
0090001055,17-01-2025, PRD-01,CLI-1016,66,473451.0,205673.82,CC-101,DIST
0090001056,2025/01/17, PRD-03,CLI-1019,32,108666.56,52810.88,CC-203,FOB
0090001057,2025/01/17,PRD-03,CLI-1026,164,513393.8,263279.04,CC-203, FOB 
0090001058,2025-01-17,PRD-03 ,CLI-1009,248,751618.56,384137.12,CC-202,HORECA
0090001059,2025/01/17,PRD-03,CLI-1001,159,498490.44,248633.07,CC-202,RETAIL
0090001060,18/01/2025,PRD-02 ,CLI-1040,115,854813.4,403300.4,CC-203,FOB
0090001061,18/01/2025,PRD-04,CLI-1039,256,1498301.44,756572.16,CC-202,HORECA
0090001062,2025/01/18,PRD-04 ,CLI-1003,211,1286171.6,603308.08,CC-203,FOB
0090001063,19/01/2025, PRD-01,CLI-1029,173,1180394.57,573410.23,CC-202, RETAIL 
0090001064,2025-01-19,prd-02,CLI-1030,225,1561306.5,741602.25,CC-202, DIST 
0090001065,2025/01/19,PRD-04 ,CLI-1016,257,1663270.59,703432.13,CC-202,DIST
0090001066,19-01-2025,PRD-01,CLI-1036,237,1715555.31,789259.77,CC-203,FOB
0090001067,2025/01/19,PRD-01,CLI-1010,52,360566.44,170556.36, CC-202 ,DIST
0090001068,20-01-2025,PRD-04,CLI-1010,88,562294.48,242972.4,CC-202,RETAIL
0090001069,2025/01/20,PRD-05 ,CLI-1005,166,1515030.54,781099.72,CC-202,DIST
0090001070,20/01/2025,PRD-03,CLI-1002,256,773314.56,396106.24,CC-203,FOB
0090001071,2025/01/20, PRD-02,CLI-1024,239,1785960.96,856499.52,CC-202,RETAIL
0090001072,20-01-2025,prd-04,CLI-1033,159,945816.27,456031.08,CC-202, DIST 
0090001073,2025-01-20,prd-01,CLI-1003,208,1459438.24,701640.16,CC-203,FOB
0090001074,20-01-2025,PRD-05 ,CLI-1044,84,818007.96,397102.44,CC-203, FOB 
0090001075,21-01-2025,PRD-05,CLI-1035,160,1398636.8,718363.2,CC-202,DIST
0090001076,2025-01-21,PRD-03 ,CLI-1026,234,696875.4,371367.36,CC-202,DIST
0090001077,2025/01/21,PRD-04,CLI-1041,221,1243257.6,644447.05,CC-202, HORECA 
0090001078,21-01-2025, PRD-01,CLI-1045,154,1013401.62,507423.84,CC-203,FOB
0090001079,2025-01-21,PRD-03 ,CLI-1021,94,315183.88,155439.34,CC-202,RETAIL
0090001080,2025/01/21,prd-03,CLI-1035,183,554034.33,303066.3,CC-202,HORECA
0090001081,2025/01/22,PRD-02,CLI-1039,118,859704.34,400077.82,CC-202,DIST
0090001082,2025-01-22, PRD-04,CLI-1037,115,679260.15,339090.15,CC-202,RETAIL
0090001083,23-01-2025, PRD-02,CLI-1035,132,999798.36,464055.24,CC-202,HORECA
0090001084,23/01/2025,prd-04,CLI-1020,124,736471.96,351863.64,CC-202,HORECA
0090001085,23/01/2025,PRD-05,CLI-1019,131,1175743.34,583466.14,CC-202,HORECA
0090001086,23-01-2025,PRD-01 ,CLI-1019,196,1276853.76,662231.08,CC-203, FOB 
0090001087,23-01-2025,PRD-02 ,CLI-1031,95,686213.5,340984.45,CC-202,DIST
0090001088,24/01/2025,PRD-04 ,CLI-1005,102,616215.66,276554.64,CC-202,RETAIL
0090001089,24-01-2025,prd-04,CLI-1021,118,724302.88,335478.72,CC-203,FOB
0090001090,24/01/2025,prd-03,CLI-1039,247,836090.06,410269.47,CC-203,FOB
0090001091,2025/01/24,PRD-05,CLI-1014,128,1241317.12,609076.48,CC-202, DIST 
0090001092,2025/01/24,PRD-04 ,CLI-1029,242,1368376.9,700437.54, CC-203 ,FOB
0090001093,25/01/2025,prd-04,CLI-1010,94,536608.4,256435.76,CC-202,RETAIL
0090001094,2025/01/25,PRD-04,CLI-1007,205,1261184.6,556843.55,CC-202,RETAIL
0090001095,2025/01/25,prd-01,CLI-1027,193,1384773.07,597389.04,CC-202, RETAIL 
0090001096,25/01/2025,prd-02,CLI-1038,141,986764.53,484832.73,CC-203,FOB
0090001097,2025-01-26,prd-01,CLI-1017,155,1060472.8,494544.55, CC-202 ,RETAIL
0090001098,26/01/2025,prd-05,CLI-1006,90,879417.9,419311.8, CC-202 , RETAIL 
0090001099,26-01-2025,PRD-02 ,CLI-1039,178,1310115.6,603868.56,CC-202,HORECA
0090001100,2025-01-26,prd-03,CLI-1003,110,336672.6,174772.4,CC-202,HORECA
0090001101,27/01/2025,PRD-04 ,CLI-1020,160,954176.0,455681.6,CC-202,HORECA
0090001102,2025/01/27,prd-01,CLI-1039,239,1730967.06,797134.31,CC-202,HORECA
0090001103,27-01-2025,PRD-05 ,CLI-1049,20,187283.8,88537.6,CC-203,FOB
0090001104,2025/01/27,PRD-03,CLI-1006,172,576010.8,270346.16,CC-202,HORECA
0090001105,2025-01-27, PRD-02,CLI-1047,77,527691.01,276719.52, CC-202 ,HORECA
0090001106,2025/01/27,PRD-02,CLI-1037,168,1156994.16,601167.84,CC-203,FOB
0090001107,2025/01/28, PRD-03,CLI-1047,246,804019.02,380825.22,CC-203, FOB 
0090001108,2025-01-28,PRD-04,CLI-1001,252,1460813.76,698155.92,CC-202,DIST
0090001109,28-01-2025,prd-01,CLI-1023,136,975236.96,434511.84,CC-202,RETAIL
0090001110,28-01-2025,PRD-01 ,CLI-1016,204,1508286.24,689271.12,CC-202,RETAIL
0090001111,2025-01-28,PRD-04,CLI-1008,219,1303958.85,595217.91,CC-202,HORECA
0090001112,2025-01-29,prd-01,CLI-1028,111,790296.69,354783.75,CC-202,HORECA
0090001113,29-01-2025,PRD-02 ,CLI-1027,239,1727771.63,801218.82, CC-203 ,FOB
0090001114,2025/01/29,PRD-04,CLI-1020,210,1276684.5,582680.7,CC-203,FOB
0090001115,2025-01-30,PRD-03 ,CLI-1035,239,733969.0,372197.09,CC-203,FOB
0090001116,30-01-2025,PRD-04,CLI-1047,153,986172.21,442353.6, CC-202 ,RETAIL
0090001117,30/01/2025,PRD-05,CLI-1045,172,1550296.2,815233.56, CC-203 ,FOB
0090001118,30/01/2025,PRD-05 ,CLI-1001,24,203764.8,107745.84,CC-203,FOB
0090001119,2025/01/30,PRD-04 ,CLI-1021,165,1068992.1,450469.8,CC-202, HORECA 
0090001120,2025-01-30,PRD-03,CLI-1027,45,140494.95,76103.55, CC-202 ,HORECA
0090001121,31/01/2025,PRD-04,CLI-1001,224,1268111.04,604421.44,CC-202,DIST
0090001122,2025/01/31,PRD-04 ,CLI-1017,168,950021.52,492260.16,CC-203,FOB
0090001123,2025-02-01, PRD-01,CLI-1023,114,823639.74,383519.94,CC-203,FOB
0090001124,01/02/2025, PRD-03,CLI-1019,248,814097.2,410968.24,CC-203,FOB
0090001125,2025/02/01,PRD-05,CLI-1001,164,1439403.4,723612.28,CC-203,FOB
0090001126,01-02-2025,PRD-05 ,CLI-1001,70,617523.9,308927.5,CC-202,DIST
0090001127,01/02/2025,PRD-04 ,CLI-1031,132,828292.08,356549.16, CC-202 ,DIST
0090001128,01-02-2025,PRD-01 ,CLI-1003,91,589919.33,294058.31,CC-202,HORECA
0090001129,02-02-2025,PRD-02,CLI-1005,69,535464.84,238163.85,CC-203,FOB
0090001130,02-02-2025, PRD-01,CLI-1048,241,1772359.79,771467.51,CC-203,FOB
0090001131,2025/02/02,PRD-05,CLI-1014,66,595083.72,308424.6,CC-202,HORECA
0090001132,2025/02/02,PRD-01 ,CLI-1034,85,618897.75,285685.85,CC-202,HORECA
0090001133,03/02/2025,PRD-03,CLI-1027,69,222132.39,110314.44, CC-202 ,HORECA
0090001134,2025/02/03,PRD-03 ,CLI-1038,198,666355.14,315160.56,CC-202,DIST
0090001135,03-02-2025,prd-02,CLI-1042,244,1875469.4,829312.08,CC-202,HORECA
0090001136,2025-02-03,prd-05,CLI-1010,70,657044.5,327488.7,CC-202,DIST
0090001137,03/02/2025, PRD-04,CLI-1020,203,1289100.75,589369.9,CC-202, DIST 
0090001138,03-02-2025, PRD-04,CLI-1002,235,1326713.65,672530.05, CC-203 ,FOB
0090001139,03/02/2025,PRD-04,CLI-1011,224,1296977.92,638467.2,CC-202,DIST
0090001140,2025-02-04,PRD-01 ,CLI-1031,130,856889.8,404686.1,CC-202, RETAIL 
0090001141,2025/02/04,PRD-05 ,CLI-1040,222,1918153.26,1023062.58,CC-202,RETAIL
0090001142,2025/02/04,PRD-02,CLI-1003,151,1089211.32,538905.41,CC-202,RETAIL
0090001143,04/02/2025,PRD-01,CLI-1019,174,1242518.34,544122.36, CC-202 ,RETAIL
0090001144,05/02/2025,PRD-02,CLI-1022,24,173104.56,81172.56,CC-202,RETAIL
0090001145,05-02-2025,PRD-05,CLI-1012,168,1543505.04,766162.32,CC-202,RETAIL
0090001146,2025/02/05, PRD-03,CLI-1026,109,366328.29,169669.4, CC-202 ,HORECA
0090001147,2025-02-05,PRD-04,CLI-1047,64,376934.4,173685.76,CC-202, RETAIL 
0090001148,2025-02-05, PRD-04,CLI-1043,140,869916.6,396376.4,CC-202,RETAIL
0090001149,2025/02/05,PRD-02 ,CLI-1036,82,594292.54,267720.16,CC-202,HORECA
0090001150,2025-02-06,PRD-01 ,CLI-1015,27,195026.94,84538.35, CC-202 ,RETAIL
0090001151,06-02-2025, PRD-01,CLI-1026,66,451300.08,212985.3,CC-203, FOB 
0090001152,2025-02-07, PRD-04,CLI-1026,234,1421589.78,676199.16,CC-203,FOB
0090001153,2025/02/07,PRD-04,CLI-1003,33,189279.75,89933.91,CC-203,FOB
0090001154,07/02/2025,PRD-04 ,CLI-1045,130,825802.9,376725.7, CC-202 ,DIST
0090001155,2025-02-07, PRD-05,CLI-1015,37,334935.1,168708.16, CC-202 ,HORECA
0090001156,07/02/2025,PRD-04,CLI-1010,211,1232932.08,589458.04,CC-101,DIST
0090001157,2025/02/08,prd-02,CLI-1044,36,254460.96,121512.6,CC-202, DIST 
0090001158,2025/02/08, PRD-02,CLI-1004,44,343277.88,152496.08,CC-202,DIST
0090001159,2025-02-09,PRD-02,CLI-1036,86,648502.78,294727.16, CC-202 ,RETAIL
0090001160,2025/02/09,PRD-02,CLI-1040,130,992650.1,448971.9,CC-202,RETAIL
0090001161,09-02-2025,PRD-03,CLI-1037,132,423386.04,210751.2,CC-202,DIST
0090001162,10/02/2025, PRD-04,CLI-1045,199,1229151.36,566716.18,CC-202,HORECA
0090001163,2025-02-10,PRD-04,CLI-1022,217,1332620.87,597709.14,CC-202,HORECA
0090001164,2025/02/10,PRD-04 ,CLI-1004,40,229611.2,110274.8,CC-202,HORECA
0090001165,10-02-2025,PRD-03,CLI-1031,113,342587.75,178723.06,CC-202,RETAIL
0090001166,10-02-2025,PRD-01,CLI-1031,171,1261073.7,529701.57,CC-202,DIST
0090001167,2025/02/10,PRD-04 ,CLI-1006,59,367086.79,175066.57,CC-202,HORECA
0090001168,2025-02-10,PRD-04,CLI-1015,85,519754.6,250313.95, CC-202 ,HORECA
0090001169,2025-02-11,prd-03,CLI-1002,137,419894.04,214177.58,CC-202,HORECA
0090001170,11/02/2025, PRD-04,CLI-1045,98,595693.98,276502.1,CC-203,FOB
0090001171,11/02/2025,PRD-03,CLI-1004,63,191542.68,106525.44,CC-202,DIST
0090001172,2025-02-11, PRD-05,CLI-1012,38,331410.92,176749.78,CC-202,HORECA
0090001173,11/02/2025, PRD-05,CLI-1038,66,620343.9,307923.0,CC-202,HORECA
0090001174,2025/02/11,PRD-03,CLI-1013,56,178099.04,94366.72,CC-202,DIST
0090001175,11/02/2025,PRD-01,CLI-1010,254,1794703.04,810298.1,CC-202,DIST
0090001176,2025-02-12,PRD-03,CLI-1040,170,544042.5,266607.6, CC-202 ,HORECA
0090001177,12/02/2025, PRD-01,CLI-1009,149,975894.87,464346.58,CC-203,FOB
0090001178,12-02-2025,PRD-02,CLI-1038,36,250777.08,123295.68, CC-202 ,HORECA
0090001179,2025/02/12, PRD-05,CLI-1044,182,1623574.68,862368.78,CC-202,HORECA
0090001180,12-02-2025,prd-03,CLI-1009,197,591551.6,325629.18,CC-202,DIST
0090001181,12/02/2025,prd-04,CLI-1040,181,1043535.59,489898.22,CC-202,DIST
0090001182,13/02/2025,PRD-01 ,CLI-1041,79,578174.93,246221.67,CC-202,HORECA
0090001183,2025-02-13,PRD-05 ,CLI-1021,248,2163594.16,1089625.2,CC-203,FOB
0090001184,2025-02-13,prd-03,CLI-1026,184,611575.52,302207.12,CC-203,FOB
0090001185,13/02/2025,PRD-02 ,CLI-1025,81,585430.74,288542.25,CC-203,FOB
0090001186,2025/02/13, PRD-02,CLI-1014,165,1274118.45,563196.15,CC-202, DIST 
0090001187,2025/02/13, PRD-03,CLI-1023,51,161167.65,80795.22, CC-202 ,DIST
0090001188,13-02-2025,PRD-02,CLI-1033,82,605401.08,274121.9,CC-202,DIST
0090001189,14/02/2025,PRD-04,CLI-1039,225,1274391.0,619229.25,CC-203,FOB
0090001190,14/02/2025,prd-03,CLI-1008,198,622840.68,314671.5,CC-203, FOB 
0090001191,2025-02-14,PRD-05,CLI-1029,61,527096.73,285315.91,CC-202,RETAIL
0090001192,15-02-2025, PRD-03,CLI-1038,241,809919.06,400585.38,CC-202,HORECA
0090001193,15/02/2025,PRD-04,CLI-1033,204,1199697.48,562546.32,CC-202,HORECA
0090001194,16/02/2025,PRD-05 ,CLI-1010,215,1981397.0,1002568.65,CC-202,DIST
0090001195,2025/02/16,PRD-01,CLI-1047,116,761536.52,376265.72,CC-202, DIST 
0090001196,2025-02-16, PRD-03,CLI-1015,247,779904.97,403259.61,CC-202,RETAIL
0090001197,2025/02/16,PRD-03,CLI-1004,176,562503.04,284032.32,CC-202, RETAIL 
0090001198,16-02-2025,PRD-03,CLI-1036,95,313873.35,146105.25,CC-202,DIST
0090001199,2025/02/16,PRD-02,CLI-1020,55,418740.85,190721.85,CC-202,HORECA
0090001200,16/02/2025,PRD-05,CLI-1006,30,292060.8,134224.2, CC-203 ,FOB
0090001201,2025/02/17,prd-02,CLI-1040,65,487769.75,232311.95,CC-202,RETAIL
0090001202,2025-02-17,PRD-02,CLI-1040,209,1452311.74,700369.45, CC-202 ,RETAIL
0090001203,2025/02/17,PRD-03,CLI-1048,79,254437.67,122635.65, CC-202 ,DIST
0090001204,18-02-2025,prd-05,CLI-1042,152,1472354.08,705015.52,CC-203, FOB 
0090001205,18-02-2025, PRD-05,CLI-1029,111,993990.57,482962.11,CC-203,FOB
0090001206,18-02-2025, PRD-02,CLI-1023,225,1766052.0,805205.25,CC-203,FOB
0090001207,18-02-2025,prd-02,CLI-1046,20,139246.0,71977.0, CC-202 ,DIST
0090001208,2025-02-18,PRD-03,CLI-1040,183,549543.51,308049.39,CC-202,HORECA
0090001209,19-02-2025, PRD-02,CLI-1026,194,1338433.16,655326.18, CC-203 ,FOB
0090001210,19-02-2025,prd-01,CLI-1026,188,1236391.4,602472.32,CC-203,FOB
0090001211,2025/02/19, PRD-05,CLI-1027,94,910592.1,425779.58, CC-202 ,DIST
0090001212,2025/02/19, PRD-01,CLI-1044,181,1338824.42,590034.66,CC-202,HORECA
0090001213,19-02-2025, PRD-01,CLI-1006,198,1329211.62,644854.32, CC-203 ,FOB
0090001214,2025/02/19,PRD-04,CLI-1043,107,629229.55,310999.78, CC-202 ,HORECA
0090001215,2025-02-20,PRD-02,CLI-1007,173,1185766.22,603700.8,CC-203, FOB 
0090001216,2025-02-20,PRD-02 ,CLI-1022,100,787796.0,331455.0,CC-203, FOB 
0090001217,20/02/2025,PRD-05,CLI-1007,239,2191467.48,1052319.39,CC-101,DIST
0090001218,20/02/2025,PRD-02,CLI-1019,20,143494.6,67981.8,CC-203,FOB
0090001219,20/02/2025,PRD-01,CLI-1045,81,540208.44,253774.62,CC-202,HORECA
0090001220,2025-02-20,PRD-03,CLI-1018,240,759482.4,390328.8,CC-202,RETAIL
0090001221,2025/02/20, PRD-05,CLI-1002,20,189806.6,90479.6,CC-202, DIST 
0090001222,21-02-2025,PRD-04 ,CLI-1004,239,1441351.64,675691.24, CC-202 ,DIST
0090001223,2025-02-21, PRD-01,CLI-1003,148,1006555.4,458231.68, CC-202 , DIST 
0090001224,2025/02/21, PRD-03,CLI-1034,51,156652.62,85659.09,CC-203,FOB
0090001225,21/02/2025, PRD-03,CLI-1032,143,474381.05,242046.09,CC-202,HORECA
0090001226,21-02-2025,PRD-04 ,CLI-1003,197,1255341.13,552041.28,CC-203,FOB
0090001227,2025/02/21, PRD-04,CLI-1008,235,1357961.6,664941.9,CC-202,RETAIL
0090001228,21-02-2025, PRD-05,CLI-1033,73,650278.89,334066.25,CC-202, RETAIL 
0090001229,22/02/2025,PRD-05 ,CLI-1024,258,2429660.82,1208056.62,CC-101,DIST
0090001230,22-02-2025,PRD-05 ,CLI-1016,97,898246.19,454258.76,CC-202,RETAIL
0090001231,22-02-2025,PRD-03,CLI-1014,215,727592.25,335092.55, CC-202 ,DIST
0090001232,2025-02-22,prd-01,CLI-1010,242,1643293.74,750156.44,CC-202,HORECA
0090001233,2025/02/22,prd-05,CLI-1048,26,245373.18,122243.16,CC-203,FOB
0090001234,2025-02-23, PRD-05,CLI-1002,166,1532737.76,748600.24,CC-203,FOB
0090001235,23/02/2025,PRD-02 ,CLI-1042,148,1142980.32,500272.56, CC-203 ,FOB
0090001236,2025/02/23,prd-04,CLI-1020,149,883020.19,401939.42,CC-202,RETAIL
0090001237,23/02/2025,PRD-01 ,CLI-1009,24,163490.4,79671.12,CC-202,DIST
0090001238,2025/02/23,PRD-03,CLI-1022,245,819623.0,384924.4,CC-202,RETAIL
0090001239,23-02-2025,PRD-03,CLI-1046,127,382289.05,212718.65,CC-202, DIST 
0090001240,2025-02-24, PRD-01,CLI-1040,133,862228.36,420011.34,CC-202,RETAIL
0090001241,24-02-2025, PRD-01,CLI-1022,213,1513609.95,671912.76,CC-203,FOB
0090001242,25/02/2025,PRD-05,CLI-1045,257,2510679.26,1171035.92,CC-202,DIST
0090001243,2025-02-25,PRD-02,CLI-1018,117,834688.53,382619.25, CC-202 ,DIST
0090001244,2025/02/25,PRD-01,CLI-1038,147,967276.17,478704.03, CC-202 ,DIST
0090001245,25/02/2025,PRD-03,CLI-1012,53,169742.57,86932.19,CC-202,RETAIL
0090001246,2025/02/26, PRD-02,CLI-1031,125,873902.5,419206.25, CC-202 ,HORECA
0090001247,2025-02-26,PRD-02,CLI-1045,153,1167506.28,512435.25,CC-202,RETAIL
0090001248,2025-02-26,PRD-01,CLI-1026,72,477999.36,242251.92,CC-202,RETAIL
0090001249,26-02-2025,PRD-04,CLI-1002,232,1379026.56,657325.6,CC-202,RETAIL
0090001250,26-02-2025,PRD-03 ,CLI-1036,73,240037.87,113095.25, CC-202 ,HORECA
0090001251,26/02/2025,PRD-04 ,CLI-1040,134,780165.42,374798.0, CC-202 ,DIST
0090001252,2025/02/27,PRD-03 ,CLI-1035,183,600122.88,289787.82,CC-202,DIST
0090001253,2025-02-27,PRD-04,CLI-1022,73,439919.9,209789.59, CC-202 ,RETAIL
0090001254,27/02/2025,PRD-03 ,CLI-1047,88,278955.6,138968.72,CC-203,FOB
0090001255,27-02-2025, PRD-05,CLI-1017,167,1448105.43,784681.23,CC-202,DIST
0090001256,2025/02/28,PRD-03 ,CLI-1002,128,386165.76,209373.44,CC-202, HORECA 
0090001257,28-02-2025,PRD-02,CLI-1025,92,636745.8,323065.36,CC-202, RETAIL 
0090001258,28/02/2025,PRD-03,CLI-1039,80,261208.8,128445.6,CC-202,HORECA
0090001259,28/02/2025, PRD-04,CLI-1044,54,341815.14,157239.36,CC-202,HORECA
0090001260,2025-02-28,PRD-01 ,CLI-1019,198,1334042.82,645652.26,CC-203,FOB
0090001261,28/02/2025,PRD-02,CLI-1017,120,832669.2,429106.8,CC-203,FOB
0090001262,2025/02/28,prd-02,CLI-1012,93,705480.33,320035.32, CC-203 ,FOB
0090001263,01/03/2025,PRD-03 ,CLI-1021,99,331741.08,163662.84,CC-203, FOB 
0090001264,01-03-2025,PRD-02 ,CLI-1006,100,755149.0,349937.0,CC-202,RETAIL
0090001265,01-03-2025, PRD-05,CLI-1015,219,1924639.89,994312.56,CC-203,FOB
0090001266,2025/03/01, PRD-05,CLI-1047,78,762336.12,370096.74,CC-202,HORECA
0090001267,01-03-2025,PRD-01,CLI-1023,51,366164.19,171772.08,CC-203,FOB
0090001268,01-03-2025,prd-02,CLI-1014,45,335402.1,160887.15,CC-202,HORECA
0090001269,01-03-2025,PRD-03 ,CLI-1048,98,320391.4,155190.84,CC-202,DIST
0090001270,02-03-2025,prd-01,CLI-1030,78,579005.7,251452.5,CC-202,DIST
0090001271,02/03/2025,prd-03,CLI-1042,135,450592.2,214253.1,CC-203,FOB
0090001272,02/03/2025,PRD-05 ,CLI-1035,122,1037538.02,559775.04,CC-202,DIST
0090001273,03/03/2025,prd-03,CLI-1043,207,655918.83,347263.2,CC-203,FOB
0090001274,2025/03/03,PRD-03,CLI-1039,187,589064.96,299334.64,CC-203,FOB
0090001275,03-03-2025,PRD-03,CLI-1022,34,112840.9,55152.76, CC-202 ,RETAIL
0090001276,03/03/2025,PRD-03 ,CLI-1045,172,565553.2,278507.56,CC-202,DIST
0090001277,2025/03/03,PRD-02,CLI-1035,189,1471705.2,643724.55,CC-202,DIST
0090001278,2025/03/04,PRD-01,CLI-1013,53,343529.57,177650.7,CC-203,FOB
0090001279,04-03-2025,PRD-01,CLI-1039,37,274460.45,123121.57,CC-202,DIST
0090001280,2025-03-04, PRD-02,CLI-1029,65,469220.05,229114.6, CC-202 ,RETAIL
0090001281,2025/03/05,prd-05,CLI-1047,255,2369643.6,1201853.25, CC-202 ,HORECA
0090001282,05/03/2025,PRD-01 ,CLI-1039,140,1014109.6,448796.6,CC-203,FOB
0090001283,05/03/2025,PRD-01,CLI-1003,103,742869.99,324286.23, CC-202 ,RETAIL
0090001284,05-03-2025,PRD-03 ,CLI-1004,192,597100.8,303736.32, CC-203 ,FOB
0090001285,2025/03/05,prd-03,CLI-1001,165,503848.95,254550.45,CC-202,HORECA
0090001286,05-03-2025, PRD-01,CLI-1049,200,1493496.0,641778.0,CC-202,RETAIL
0090001287,2025/03/05,PRD-04,CLI-1037,140,868908.6,384875.4,CC-202, RETAIL 
0090001288,06/03/2025, PRD-04,CLI-1046,248,1409664.24,695620.16,CC-202, DIST 
0090001289,2025-03-06, PRD-03,CLI-1025,107,338370.38,174854.05,CC-202,HORECA
0090001290,06/03/2025, PRD-04,CLI-1020,218,1413115.24,600125.66,CC-202,DIST
0090001291,2025/03/06, PRD-01,CLI-1045,112,797735.68,365845.76,CC-202,RETAIL
0090001292,2025/03/06,PRD-04,CLI-1026,129,749379.06,353128.47,CC-202,RETAIL
0090001293,2025-03-06,PRD-02,CLI-1006,188,1323773.8,663463.28,CC-202,HORECA
0090001294,07/03/2025,PRD-01,CLI-1009,24,170456.88,75389.28, CC-202 ,DIST
0090001295,07-03-2025,PRD-05 ,CLI-1042,118,1091778.48,537638.68,CC-202,HORECA
0090001296,07-03-2025,PRD-01 ,CLI-1024,182,1316478.8,599640.86,CC-202,DIST
0090001297,2025/03/07,PRD-03,CLI-1047,22,73135.92,34582.02, CC-203 ,FOB
0090001298,2025-03-07,PRD-05,CLI-1034,108,998629.56,494752.32,CC-202,HORECA
0090001299,2025/03/07,PRD-01 ,CLI-1028,30,220650.3,94709.7, CC-202 ,HORECA
0090001300,2025-03-08, PRD-04,CLI-1042,156,880506.12,456551.16,CC-203,FOB
0090001301,2025/03/08,prd-05,CLI-1011,28,249039.84,132698.16,CC-202, RETAIL 
0090001302,08-03-2025,PRD-02,CLI-1038,206,1471643.4,690079.4,CC-202,HORECA
0090001303,2025-03-08,PRD-05 ,CLI-1018,91,853923.98,395117.45,CC-202,DIST
0090001304,2025-03-08,PRD-01 ,CLI-1028,217,1614775.12,674225.51, CC-202 ,HORECA
0090001305,08-03-2025,PRD-04,CLI-1045,216,1400211.36,584327.52, CC-202 ,HORECA
0090001306,09/03/2025,PRD-02,CLI-1040,112,875731.36,387324.0,CC-202,DIST
0090001307,2025/03/09,PRD-02,CLI-1033,117,868991.76,416277.81,CC-202,RETAIL
0090001308,2025/03/09,prd-03,CLI-1028,25,79684.75,41872.75,CC-202,DIST
0090001309,09-03-2025,PRD-04,CLI-1013,116,666333.0,317017.56,CC-203, FOB 
0090001310,09-03-2025, PRD-05,CLI-1036,126,1105479.9,597056.04,CC-203,FOB
0090001311,09-03-2025,prd-02,CLI-1005,210,1594931.1,698951.4, CC-202 ,RETAIL
0090001312,2025/03/09,PRD-01,CLI-1031,254,1889897.16,818121.3,CC-203,FOB
0090001313,2025-03-10,prd-03,CLI-1039,157,522225.96,246895.06,CC-202,RETAIL
0090001314,2025-03-10,prd-05,CLI-1013,178,1505257.0,813509.84,CC-202,HORECA
0090001315,2025-03-10,PRD-02,CLI-1013,240,1708651.2,799120.8,CC-202,DIST
0090001316,2025/03/11,prd-02,CLI-1031,174,1374544.32,605314.68,CC-202,HORECA
0090001317,11/03/2025,prd-04,CLI-1035,117,721433.7,332186.4,CC-202,RETAIL
0090001318,11-03-2025, PRD-03,CLI-1010,259,775640.25,429359.84,CC-202,RETAIL
0090001319,2025/03/11,prd-03,CLI-1015,252,854983.08,400856.4, CC-202 ,RETAIL
0090001320,11/03/2025,PRD-02,CLI-1020,241,1844611.59,851257.79,CC-202,RETAIL
0090001321,11/03/2025,prd-02,CLI-1017,115,882339.8,412399.2,CC-202,RETAIL
0090001322,2025/03/11,PRD-03 ,CLI-1001,31,92265.92,50503.65,CC-203,FOB
0090001323,2025-03-12,PRD-05 ,CLI-1014,237,2027468.64,1114750.83,CC-202,DIST
0090001324,12-03-2025,PRD-05,CLI-1035,211,1974438.83,953863.48,CC-202,HORECA
0090001325,12-03-2025,prd-02,CLI-1011,199,1524125.08,651199.64, CC-202 ,HORECA
0090001326,12-03-2025,PRD-03,CLI-1011,52,160964.96,83937.36, CC-203 ,FOB
0090001327,12-03-2025,PRD-01,CLI-1034,77,497500.85,240460.22,CC-202,RETAIL
0090001328,12/03/2025,PRD-02,CLI-1041,48,377272.8,158340.0,CC-202,HORECA
0090001329,2025/03/12, PRD-03,CLI-1011,58,185024.06,96752.7,CC-203, FOB 
0090001330,2025-03-13, PRD-02,CLI-1022,51,353377.47,178263.87,CC-202,HORECA
0090001331,2025-03-13,PRD-04 ,CLI-1044,222,1297996.26,655841.28, CC-203 ,FOB
0090001332,2025-03-13,PRD-02,CLI-1016,203,1483304.76,727720.49,CC-203,FOB
0090001333,13-03-2025,PRD-05,CLI-1005,120,1116891.6,539870.4,CC-202,DIST
0090001334,2025-03-13,PRD-03,CLI-1038,150,463509.0,238098.0,CC-202,HORECA
0090001335,14-03-2025, PRD-02,CLI-1024,208,1467729.12,740305.28,CC-202,HORECA
0090001336,14/03/2025, PRD-01,CLI-1027,31,218054.31,99909.59,CC-202,DIST
0090001337,14-03-2025,prd-04,CLI-1029,91,522879.63,249798.64,CC-202,HORECA
0090001338,15/03/2025,PRD-02,CLI-1007,27,207160.2,95883.21,CC-202,RETAIL
0090001339,15-03-2025, PRD-01,CLI-1024,150,1090909.5,474919.5,CC-203,FOB
0090001340,2025-03-15,PRD-02,CLI-1015,79,622907.89,262837.74,CC-203, FOB 
0090001341,15-03-2025, PRD-01,CLI-1044,172,1111336.72,561315.12,CC-202,DIST
0090001342,15/03/2025, PRD-03,CLI-1022,103,323944.27,161512.24,CC-202, HORECA 
0090001343,15-03-2025,prd-01,CLI-1013,136,960441.52,436647.04,CC-202,HORECA
0090001344,16/03/2025,PRD-01,CLI-1018,91,630983.99,299367.25, CC-202 ,HORECA
0090001345,2025/03/16,PRD-04,CLI-1011,129,834321.69,372826.77,CC-202,RETAIL
0090001346,17/03/2025,PRD-05,CLI-1008,236,2266369.36,1102339.48, CC-202 ,DIST
0090001347,17/03/2025, PRD-03,CLI-1017,30,95053.2,46583.7, CC-203 , FOB 
0090001348,17-03-2025, PRD-04,CLI-1016,95,615429.0,259150.5,CC-203,FOB
0090001349,2025-03-17,PRD-05,CLI-1010,73,677457.52,338436.03, CC-202 ,DIST
0090001350,2025/03/17, PRD-04,CLI-1002,187,1049752.55,519749.67,CC-203,FOB
0090001351,17-03-2025, PRD-03,CLI-1033,244,728549.84,388472.4, CC-202 ,DIST
0090001352,18/03/2025, PRD-03,CLI-1038,135,420036.3,214317.9,CC-203,FOB
0090001353,2025/03/18, PRD-04,CLI-1015,122,705496.72,351614.98, CC-202 ,HORECA
0090001354,2025-03-18,PRD-05,CLI-1040,245,2084945.1,1132309.15,CC-203,FOB
0090001355,18-03-2025,PRD-04 ,CLI-1009,222,1268714.46,652444.68,CC-202,DIST
0090001356,18-03-2025,PRD-04,CLI-1041,25,153767.5,71490.5,CC-203,FOB
0090001357,2025-03-18,PRD-05,CLI-1028,133,1290564.17,631259.23,CC-202,RETAIL
0090001358,19-03-2025,prd-01,CLI-1007,103,701042.72,343272.22,CC-202,RETAIL
0090001359,2025/03/19,PRD-03 ,CLI-1022,222,746161.98,360441.42,CC-202, HORECA 
0090001360,2025/03/19, PRD-04,CLI-1042,173,1043293.8,466997.93,CC-203,FOB
0090001361,2025-03-19,PRD-03,CLI-1023,33,98437.68,51006.78,CC-203, FOB 
0090001362,19/03/2025, PRD-02,CLI-1019,31,217381.61,110372.71,CC-202,RETAIL
0090001363,2025-03-19,PRD-04,CLI-1029,74,445562.14,214333.6,CC-203,FOB
0090001364,2025/03/19,PRD-01,CLI-1044,138,952521.54,425863.86,CC-202,RETAIL
0090001365,20-03-2025,prd-05,CLI-1032,217,2043083.21,959747.6,CC-202,DIST
0090001366,20-03-2025,prd-02,CLI-1010,75,591958.5,261383.25,CC-203,FOB
0090001367,2025-03-20,PRD-05 ,CLI-1015,54,472470.3,243447.12,CC-203, FOB 
0090001368,2025-03-21,PRD-05,CLI-1031,154,1397180.4,725450.88, CC-202 ,DIST
0090001369,21/03/2025,PRD-03 ,CLI-1004,205,674523.8,328836.4,CC-202,RETAIL
0090001370,2025-03-22,PRD-03 ,CLI-1049,127,419352.73,205331.06,CC-202,DIST
0090001371,22/03/2025, PRD-02,CLI-1034,198,1478064.06,675799.74, CC-202 ,HORECA
0090001372,22-03-2025,PRD-02,CLI-1006,247,1922475.1,881849.28, CC-203 ,FOB
0090001373,2025/03/22,prd-04,CLI-1012,58,339299.42,165523.88,CC-203,FOB
0090001374,22-03-2025,prd-05,CLI-1015,150,1392999.0,690630.0, CC-203 ,FOB
0090001375,23-03-2025,PRD-05,CLI-1030,118,1119933.28,531282.02,CC-202,RETAIL
0090001376,23-03-2025,PRD-05,CLI-1002,106,985740.64,475704.68,CC-203,FOB
0090001377,2025-03-24,prd-04,CLI-1047,88,498623.84,247316.08,CC-202,HORECA
0090001378,24-03-2025,prd-03,CLI-1002,33,105084.87,52584.84,CC-202,RETAIL
0090001379,24/03/2025,PRD-05,CLI-1028,250,2168325.0,1123997.5,CC-202,HORECA
0090001380,2025/03/24,PRD-05,CLI-1001,85,816034.85,367545.1,CC-203,FOB
0090001381,2025-03-24,PRD-03,CLI-1023,187,602775.8,299100.89,CC-203,FOB
0090001382,2025/03/24,prd-02,CLI-1014,66,468167.7,235254.36,CC-202,RETAIL
0090001383,2025/03/25,prd-02,CLI-1001,112,806843.52,397131.84,CC-202,HORECA
0090001384,2025-03-25, PRD-03,CLI-1001,152,465218.8,248480.48,CC-202,RETAIL
0090001385,2025/03/25,PRD-02 ,CLI-1043,76,533551.16,252395.24,CC-202,HORECA
0090001386,26-03-2025,prd-02,CLI-1049,194,1466040.54,664521.78,CC-202,RETAIL
0090001387,2025-03-26,PRD-02,CLI-1015,139,1071706.68,481359.78,CC-202,RETAIL
0090001388,26-03-2025,PRD-04,CLI-1014,153,885437.01,416059.02,CC-202,RETAIL
0090001389,26-03-2025,PRD-03,CLI-1026,149,447324.82,234374.02,CC-202,HORECA
0090001390,26/03/2025,PRD-03,CLI-1037,48,155644.8,75453.6,CC-203,FOB
0090001391,26-03-2025, PRD-03,CLI-1014,78,241176.78,126138.48, CC-202 ,RETAIL
0090001392,2025-03-27,PRD-03,CLI-1043,253,791834.34,408033.34,CC-202, HORECA 
0090001393,2025/03/27,PRD-02 ,CLI-1039,145,1140854.2,504788.5,CC-203, FOB 
0090001394,2025/03/27,prd-03,CLI-1023,242,741296.82,391914.16,CC-202, RETAIL 
0090001395,2025-03-27,PRD-01 ,CLI-1045,191,1337551.99,594437.84,CC-202,RETAIL
0090001396,2025/03/27,PRD-01,CLI-1008,71,509692.67,222697.89, CC-202 ,DIST
0090001397,28-03-2025,PRD-05 ,CLI-1032,104,892357.44,480757.68,CC-202, HORECA 
0090001398,2025-03-28,PRD-02 ,CLI-1034,121,941088.39,402231.83, CC-202 ,HORECA
0090001399,2025/03/28, PRD-01,CLI-1010,212,1550754.56,715347.36, CC-202 ,RETAIL
0090001400,29/03/2025,PRD-02,CLI-1047,133,944789.44,471684.5, CC-202 ,HORECA
0090001401,2025-03-29,prd-02,CLI-1025,251,1925170.0,828917.46,CC-203,FOB
0090001402,2025/03/29,PRD-02,CLI-1031,65,509091.05,225433.65,CC-203,FOB
0090001403,2025-03-29,PRD-03,CLI-1041,227,755791.96,372897.44,CC-202,DIST
0090001404,2025/03/29,prd-03,CLI-1006,109,338672.81,170202.41,CC-202,DIST
0090001405,2025-03-29,PRD-04 ,CLI-1048,82,530523.6,229758.26,CC-202,HORECA
0090001406,2025/03/29, PRD-03,CLI-1041,32,105881.92,52055.04,CC-202,DIST
0090001407,2025/03/30,PRD-04,CLI-1004,87,537720.9,252495.75, CC-202 ,HORECA
0090001408,30-03-2025,PRD-01,CLI-1013,121,835739.74,406613.24,CC-203,FOB
0090001409,2025-03-30,PRD-04 ,CLI-1001,252,1483201.44,738685.08,CC-202,HORECA
0090001410,30/03/2025,PRD-03,CLI-1021,107,329885.28,175463.95, CC-202 ,DIST
0090001411,2025/03/31,PRD-04,CLI-1019,95,583746.5,270347.2,CC-202,HORECA
0090001412,2025-03-31,prd-01,CLI-1032,79,554538.13,257767.52, CC-202 ,HORECA
0090001413,2025-04-01,prd-03,CLI-1035,54,164736.72,83576.34, CC-202 , HORECA 
0090001414,2025/04/01,PRD-02 ,CLI-1046,219,1656005.73,760943.97,CC-202,RETAIL
0090001415,2025-04-02,prd-03,CLI-1002,22,70338.4,37141.28, CC-202 ,RETAIL
0090001416,2025-04-02,PRD-03 ,CLI-1025,217,731316.04,361565.4,CC-202,RETAIL
0090001417,2025/04/03,PRD-04 ,CLI-1044,152,905609.92,433268.4,CC-202, RETAIL 
0090001418,2025-04-03,PRD-03,CLI-1006,247,797236.96,409619.86,CC-101,HORECA
0090001419,2025-04-03,PRD-02,CLI-1045,65,495012.05,233277.2,CC-203,FOB
0090001420,03/04/2025,PRD-05 ,CLI-1047,40,348654.4,172936.0,CC-202,DIST
0090001421,2025/04/03,PRD-01,CLI-1011,136,1003134.64,428387.76,CC-202, RETAIL 
0090001422,04/04/2025,PRD-05,CLI-1019,34,296418.8,154211.42,CC-203, FOB 
0090001423,04/04/2025,PRD-03,CLI-1046,53,160184.02,86643.34,CC-203, FOB 
0090001424,2025/04/04,prd-05,CLI-1008,46,446016.92,209737.92,CC-203,FOB
0090001425,04/04/2025,prd-05,CLI-1002,163,1397667.95,756799.22,CC-202, DIST 
0090001426,05/04/2025, PRD-01,CLI-1011,96,660654.72,298656.0,CC-202,HORECA
0090001427,2025/04/05,prd-01,CLI-1013,26,186023.24,81381.56,CC-202,DIST
0090001428,06/04/2025,PRD-03,CLI-1020,189,572883.57,318056.76,CC-202,HORECA
0090001429,2025-04-06,PRD-04,CLI-1044,215,1221636.45,627028.15,CC-202,HORECA
0090001430,07-04-2025,prd-04,CLI-1022,125,713048.75,336090.0,CC-202,DIST
0090001431,2025/04/07, PRD-03,CLI-1026,137,436284.72,223442.89, CC-203 ,FOB
0090001432,07-04-2025,PRD-02,CLI-1042,28,211073.24,93055.76, CC-202 ,HORECA
0090001433,07/04/2025,PRD-03 ,CLI-1027,91,300574.82,147880.46,CC-202,HORECA
0090001434,2025-04-07, PRD-04,CLI-1036,56,328849.92,162005.2,CC-202, HORECA 
0090001435,2025-04-07, PRD-02,CLI-1019,79,597646.06,279599.96,CC-202, DIST 
0090001436,2025/04/08, PRD-03,CLI-1047,221,697270.47,360199.06,CC-202, DIST 
0090001437,2025-04-08,PRD-01 ,CLI-1021,68,490389.48,227670.8, CC-202 ,HORECA
0090001438,2025-04-08,prd-01,CLI-1035,228,1514378.28,723200.04,CC-202,DIST
0090001439,2025-04-08,PRD-05,CLI-1009,239,2086532.14,1101092.12, CC-202 ,RETAIL
0090001440,2025-04-08,PRD-02 ,CLI-1025,97,729690.26,318535.39,CC-202, DIST 
0090001441,09-04-2025,PRD-01 ,CLI-1003,83,547731.11,273439.35,CC-202,HORECA
0090001442,2025/04/09,PRD-04,CLI-1049,61,365021.56,176224.73, CC-203 ,FOB
0090001443,2025/04/09, PRD-02,CLI-1019,222,1756144.32,734298.3, CC-202 ,RETAIL
0090001444,10-04-2025,PRD-03 ,CLI-1045,237,735128.97,398368.56,CC-203,FOB
0090001445,2025-04-10,PRD-02 ,CLI-1036,257,1831405.13,895233.8,CC-202,DIST
0090001446,10/04/2025, PRD-04,CLI-1006,150,894007.5,418612.5,CC-203,FOB
0090001447,10/04/2025, PRD-04,CLI-1002,188,1156421.84,528631.56,CC-101, DIST 
0090001448,2025-04-10,PRD-01 ,CLI-1021,207,1506206.52,651385.53,CC-202,RETAIL
0090001449,2025/04/11,prd-02,CLI-1003,219,1651906.05,754500.99,CC-202,RETAIL
0090001450,2025/04/11,PRD-05 ,CLI-1002,105,981620.85,500572.8,CC-202,RETAIL
0090001451,11/04/2025, PRD-05,CLI-1030,121,1113156.44,562503.59, CC-202 ,RETAIL
0090001452,11-04-2025,PRD-05,CLI-1036,135,1152264.15,617359.05, CC-202 ,DIST
0090001453,2025/04/11, PRD-05,CLI-1016,216,1876830.48,1000188.0, CC-202 ,DIST
0090001454,2025/04/11,prd-05,CLI-1016,125,1073007.5,565333.75, CC-202 ,HORECA
0090001455,2025-04-11, PRD-02,CLI-1020,31,223676.78,108192.17,CC-202,DIST
0090001456,2025-04-12,PRD-02,CLI-1040,163,1182260.19,538672.62,CC-202,DIST
0090001457,12-04-2025,PRD-03 ,CLI-1044,137,466690.5,230751.84,CC-202,HORECA
0090001458,12/04/2025, PRD-04,CLI-1006,84,533416.8,238045.08,CC-202,DIST
0090001459,2025/04/12,PRD-02,CLI-1033,169,1172226.25,595013.51,CC-202,DIST
0090001460,2025/04/13,PRD-01,CLI-1014,35,244194.3,109304.3,CC-203,FOB
0090001461,13-04-2025, PRD-05,CLI-1002,55,487282.4,244112.0, CC-202 ,DIST
0090001462,2025-04-13, PRD-02,CLI-1009,124,859896.6,444238.68,CC-202,HORECA
0090001463,13/04/2025,PRD-03 ,CLI-1023,212,654458.84,339098.24,CC-202,HORECA
0090001464,13-04-2025,PRD-01,CLI-1035,173,1223561.53,560004.46,CC-202,HORECA
0090001465,13-04-2025,PRD-04 ,CLI-1037,169,1021572.89,501220.2, CC-202 ,RETAIL
0090001466,2025-04-14,prd-05,CLI-1038,253,2308382.12,1138178.69,CC-101,DIST
0090001467,14-04-2025, PRD-03,CLI-1042,101,326937.0,166032.89, CC-202 , HORECA 
0090001468,2025-04-14,PRD-02,CLI-1007,177,1348587.78,586229.31,CC-202,HORECA
0090001469,2025/04/14,prd-04,CLI-1035,199,1259586.42,552883.69, CC-203 ,FOB
0090001470,14-04-2025,PRD-02 ,CLI-1014,85,595517.65,283902.55,CC-202,RETAIL
0090001471,15/04/2025,PRD-05,CLI-1025,229,2132150.3,1074037.48,CC-203,FOB
0090001472,2025-04-15,PRD-05 ,CLI-1001,73,647789.59,335279.51,CC-202, DIST 
0090001473,15/04/2025,PRD-04,CLI-1003,129,825594.84,376707.09,CC-202,RETAIL
0090001474,15-04-2025,PRD-01,CLI-1034,246,1689193.44,767234.64,CC-203,FOB
0090001475,2025-04-15, PRD-01,CLI-1015,155,1076909.0,501262.25,CC-203,FOB
0090001476,2025/04/16,PRD-02,CLI-1032,192,1427230.08,689736.96,CC-202,HORECA
0090001477,16-04-2025,PRD-05,CLI-1018,111,984710.97,504801.36,CC-203,FOB
0090001478,2025-04-16,prd-05,CLI-1029,240,2063054.4,1106008.8,CC-203,FOB
0090001479,2025/04/16,PRD-05,CLI-1019,62,575493.3,285980.58,CC-202, DIST 
0090001480,16-04-2025,prd-02,CLI-1010,50,345313.0,176473.0, CC-202 , DIST 
0090001481,2025-04-17,prd-02,CLI-1031,149,1097142.13,524547.05,CC-202,RETAIL
0090001482,2025-04-17,PRD-04,CLI-1009,75,440112.0,210636.75,CC-203,FOB
0090001483,2025-04-18,PRD-05,CLI-1007,168,1447664.4,748686.96, CC-203 , FOB 
0090001484,18-04-2025,PRD-01,CLI-1004,99,709379.55,323708.22,CC-202,HORECA
0090001485,18-04-2025,PRD-03 ,CLI-1029,122,372275.68,191932.84,CC-203,FOB
0090001486,2025/04/18,PRD-02,CLI-1037,71,535920.78,252215.43,CC-203, FOB 
0090001487,19/04/2025,PRD-01 ,CLI-1007,210,1452943.8,658198.8, CC-202 ,RETAIL
0090001488,2025/04/19, PRD-03,CLI-1037,174,545937.18,290303.34,CC-203,FOB
0090001489,2025-04-19, PRD-02,CLI-1027,105,827497.65,351594.6,CC-203,FOB
0090001490,19/04/2025,PRD-02 ,CLI-1010,168,1152602.64,563193.12,CC-202,DIST
0090001491,2025-04-19,PRD-01,CLI-1001,234,1544364.9,758932.2,CC-202, DIST 
0090001492,20/04/2025,prd-02,CLI-1018,232,1795923.6,806886.72,CC-202,DIST
0090001493,2025-04-20, PRD-02,CLI-1035,248,1953332.32,850607.76,CC-202,RETAIL
0090001494,20-04-2025,prd-01,CLI-1026,207,1473635.07,668980.53,CC-202,RETAIL
0090001495,2025-04-20,PRD-05,CLI-1018,215,2066003.8,952357.55,CC-202,RETAIL
0090001496,2025/04/20,PRD-03,CLI-1029,251,833814.47,410196.75,CC-203, FOB 
0090001497,2025-04-20,prd-02,CLI-1049,185,1343801.15,663987.2,CC-101,DIST
0090001498,21/04/2025,prd-04,CLI-1001,211,1329597.51,585801.41, CC-202 ,DIST
0090001499,21/04/2025, PRD-05,CLI-1010,149,1346840.8,660755.4,CC-202,RETAIL
0090001500,2025-04-22,PRD-02 ,CLI-1028,77,547724.1,271779.2,CC-202,RETAIL
0090001501,2025-04-22,PRD-01,CLI-1022,222,1546309.92,709429.86,CC-202,RETAIL
0090001502,22/04/2025,PRD-04,CLI-1023,219,1271483.34,643209.57,CC-202,RETAIL
0090001503,23-04-2025,prd-03,CLI-1023,230,688654.5,389647.6,CC-202,DIST
0090001504,23-04-2025,prd-03,CLI-1023,120,356068.8,185049.6,CC-202,HORECA
0090001505,23/04/2025,PRD-04 ,CLI-1035,62,383671.5,180581.2,CC-202,HORECA
0090001506,2025/04/23,PRD-02,CLI-1040,171,1176209.82,587713.32,CC-203,FOB
0090001507,23/04/2025,prd-05,CLI-1015,77,698520.9,366998.17, CC-202 , RETAIL 
0090001508,23/04/2025,prd-05,CLI-1043,230,2147723.9,1012768.2,CC-202,RETAIL
0090001509,24-04-2025, PRD-04,CLI-1008,24,146193.84,70093.2,CC-202,RETAIL
0090001510,2025-04-24,PRD-01,CLI-1048,83,572100.74,257170.52, CC-202 ,HORECA
0090001511,2025/04/24,PRD-04,CLI-1040,239,1529726.67,694796.9,CC-202,RETAIL
0090001512,2025-04-25,PRD-03 ,CLI-1049,92,287279.2,144339.72,CC-203, FOB 
0090001513,25-04-2025, PRD-04,CLI-1041,55,338210.95,159769.5, CC-202 ,DIST
0090001514,2025-04-26,prd-03,CLI-1010,141,446601.99,236785.53, CC-202 ,DIST
0090001515,26-04-2025,PRD-02,CLI-1002,168,1171842.0,575445.36,CC-203,FOB
0090001516,2025/04/27,PRD-01,CLI-1032,32,225730.24,105964.16,CC-202,DIST
0090001517,2025-04-27,PRD-01,CLI-1015,51,363610.11,158762.49,CC-202,DIST
0090001518,27/04/2025,PRD-04,CLI-1025,36,231348.6,99032.04,CC-202,RETAIL
0090001519,27-04-2025,PRD-04,CLI-1025,251,1502834.89,705568.53,CC-202,RETAIL
0090001520,2025/04/27,prd-03,CLI-1021,133,450009.49,209409.83,CC-202,DIST
0090001521,27/04/2025,prd-02,CLI-1021,191,1347174.57,681020.05,CC-202,DIST
0090001522,2025-04-27,PRD-01 ,CLI-1039,246,1757640.48,780661.32,CC-202,RETAIL
0090001523,28/04/2025,PRD-01,CLI-1013,31,229316.61,97734.32,CC-202,HORECA
0090001524,2025-04-28,prd-04,CLI-1046,168,1087107.84,486778.32,CC-202,DIST
0090001525,2025-04-29, PRD-05,CLI-1043,243,2112124.41,1109358.18,CC-202,DIST
0090001526,2025/04/29,PRD-03,CLI-1018,108,365136.12,166634.28,CC-202,HORECA
0090001527,29-04-2025,PRD-03 ,CLI-1027,21,63131.25,34695.36,CC-202,RETAIL
0090001528,2025-04-29,prd-03,CLI-1024,69,210055.32,111568.86, CC-202 , HORECA 
0090001529,2025-04-29,PRD-05 ,CLI-1033,63,594297.27,287532.63,CC-202,DIST
0090001530,2025-04-30,prd-03,CLI-1030,210,628794.6,327652.5,CC-203,FOB
0090001531,2025-04-30,PRD-02,CLI-1037,58,432874.3,206609.34,CC-202,RETAIL
0090001532,30/04/2025,PRD-01,CLI-1008,130,861129.1,422574.1,CC-202,HORECA
0090001533,30/04/2025,PRD-04,CLI-1004,148,926690.16,434351.88, CC-202 ,RETAIL
0090001534,01-05-2025,PRD-02,CLI-1025,243,1893018.6,847479.51,CC-203,FOB
0090001535,2025/05/01,prd-04,CLI-1027,29,181597.42,84570.67,CC-202, HORECA 
0090001536,01-05-2025,PRD-01 ,CLI-1009,174,1246125.36,555421.92,CC-203,FOB
0090001537,2025/05/01,PRD-03,CLI-1012,183,539379.69,303370.08,CC-202,HORECA
0090001538,02/05/2025,PRD-04 ,CLI-1020,225,1301445.0,665158.5,CC-202,HORECA
0090001539,2025-05-02,PRD-01,CLI-1006,94,679750.66,314094.42,CC-202,DIST
0090001540,2025-05-03,prd-04,CLI-1004,120,685844.4,335509.2,CC-203,FOB
0090001541,03-05-2025,prd-01,CLI-1026,39,282984.39,122518.89,CC-203,FOB
0090001542,2025/05/03,prd-03,CLI-1039,56,182185.36,86032.8, CC-202 ,RETAIL
0090001543,03-05-2025,PRD-05 ,CLI-1045,168,1426960.08,738376.8, CC-203 ,FOB
0090001544,04-05-2025,PRD-05 ,CLI-1014,36,332649.0,163311.84,CC-202,HORECA
0090001545,2025-05-04,PRD-01,CLI-1004,22,143575.3,71666.98,CC-101,FOB
0090001546,04-05-2025,PRD-05,CLI-1018,139,1287231.74,642792.99,CC-202,RETAIL
0090001547,04-05-2025, PRD-03,CLI-1049,166,509698.02,276889.66,CC-202,HORECA
0090001548,04/05/2025,PRD-03 ,CLI-1045,82,244428.06,126720.34,CC-101, HORECA 
0090001549,2025/05/05,PRD-03,CLI-1036,49,166679.38,76908.93, CC-202 ,RETAIL
0090001550,05-05-2025,prd-04,CLI-1030,211,1279812.06,589232.27,CC-203, FOB 
0090001551,05-05-2025,PRD-02 ,CLI-1049,202,1542138.7,675526.38, CC-202 ,DIST
0090001552,2025/05/05,PRD-01,CLI-1045,239,1723280.82,810561.33,CC-202,HORECA
0090001553,2025/05/05,PRD-04,CLI-1048,180,1076004.0,515903.4,CC-202,HORECA
0090001554,06/05/2025,prd-05,CLI-1011,162,1458359.64,761061.42,CC-202, DIST 
0090001555,06/05/2025,PRD-05 ,CLI-1010,122,1124650.9,559309.0,CC-203,FOB
0090001556,06-05-2025, PRD-04,CLI-1030,69,396839.01,199000.83, CC-202 ,RETAIL
0090001557,2025/05/06,PRD-05,CLI-1045,137,1208278.35,623780.18,CC-202,RETAIL
0090001558,2025/05/07,prd-02,CLI-1005,166,1181926.64,566073.28,CC-202,RETAIL
0090001559,07-05-2025,PRD-05,CLI-1021,112,1015997.92,508077.92,CC-202,RETAIL
0090001560,2025/05/07, PRD-05,CLI-1026,93,902692.41,431307.03,CC-101,FOB
0090001561,07/05/2025,PRD-01,CLI-1035,23,149749.32,77308.75,CC-202,DIST
0090001562,08-05-2025,PRD-02,CLI-1046,43,327998.41,151543.61,CC-202,RETAIL
0090001563,08/05/2025,PRD-01,CLI-1020,79,520924.42,252770.77,CC-202,DIST
0090001564,2025-05-09,PRD-01 ,CLI-1042,55,356051.85,173936.4,CC-203,FOB
0090001565,2025/05/09, PRD-01,CLI-1028,177,1149970.77,559360.71,CC-202,DIST
0090001566,2025/05/10,PRD-03,CLI-1031,139,472363.7,221759.21,CC-202,DIST
0090001567,2025-05-10,prd-01,CLI-1009,125,915211.25,394725.0, CC-202 ,DIST
0090001568,10/05/2025, PRD-04,CLI-1018,64,407038.72,172865.28,CC-202, RETAIL 
0090001569,10/05/2025,prd-04,CLI-1033,126,721756.98,357472.08,CC-202,HORECA
0090001570,2025/05/10,PRD-04,CLI-1018,238,1407151.2,699708.1,CC-202, RETAIL 
0090001571,2025/05/10,PRD-05,CLI-1015,179,1672067.64,850881.87,CC-202,DIST
0090001572,10-05-2025, PRD-02,CLI-1044,195,1531095.15,639945.15,CC-202,RETAIL
0090001573,2025/05/11,PRD-05,CLI-1005,76,692749.88,361820.8,CC-202,HORECA
0090001574,11/05/2025, PRD-01,CLI-1049,150,1079949.0,469977.0,CC-203,FOB
0090001575,11/05/2025,PRD-01,CLI-1012,166,1124628.42,560258.3,CC-202,RETAIL
0090001576,2025-05-11, PRD-02,CLI-1004,208,1448349.76,689607.36, CC-202 ,HORECA
0090001577,11-05-2025,prd-01,CLI-1033,146,980534.54,488253.2,CC-202,DIST
0090001578,2025-05-11,prd-01,CLI-1028,100,746013.0,314477.0,CC-202,HORECA
0090001579,11-05-2025, PRD-02,CLI-1049,205,1522319.75,724301.9,CC-202,HORECA
0090001580,2025-05-12,PRD-04 ,CLI-1001,117,664247.61,329509.44,CC-203,FOB
0090001581,2025-05-12,PRD-05,CLI-1048,93,806896.83,441337.08, CC-202 ,HORECA
0090001582,2025-05-13, PRD-03,CLI-1039,85,254181.45,142283.2,CC-202,HORECA
0090001583,13/05/2025,prd-04,CLI-1038,105,615527.85,305376.75,CC-202, DIST 
0090001584,2025/05/14, PRD-02,CLI-1049,78,572206.44,255970.26, CC-202 ,RETAIL
0090001585,2025-05-14,PRD-01,CLI-1026,211,1436186.27,707077.88,CC-202,HORECA
0090001586,2025/05/14,prd-03,CLI-1015,146,481459.82,241872.36,CC-202,RETAIL
0090001587,2025-05-14,prd-02,CLI-1028,139,969712.65,484869.53,CC-202,DIST
0090001588,2025-05-14,PRD-05 ,CLI-1028,33,289535.07,149260.98, CC-202 ,HORECA
0090001589,2025/05/15,PRD-02,CLI-1003,132,906752.88,433774.44,CC-203,FOB
0090001590,15/05/2025, PRD-01,CLI-1035,219,1477829.52,700149.57,CC-202,HORECA
0090001591,15/05/2025,prd-05,CLI-1043,25,223788.25,113081.5,CC-202,RETAIL
0090001592,16/05/2025,prd-02,CLI-1010,216,1702432.08,719988.48,CC-203,FOB
0090001593,2025/05/16,PRD-04 ,CLI-1036,27,158196.24,78570.0,CC-203,FOB
0090001594,2025/05/16,PRD-05,CLI-1047,248,2306938.16,1160406.88, CC-202 ,RETAIL
0090001595,16-05-2025,PRD-03,CLI-1042,162,546024.24,262647.36,CC-202,HORECA
0090001596,17-05-2025,prd-05,CLI-1016,231,2125128.39,1015180.32,CC-202,HORECA
0090001597,17/05/2025, PRD-02,CLI-1043,150,1084822.5,535356.0,CC-203,FOB
0090001598,2025/05/17,PRD-02 ,CLI-1008,59,435869.58,204574.24,CC-202,HORECA
0090001599,2025/05/17,prd-05,CLI-1037,120,1131968.4,562700.4,CC-203,FOB
0090001600,17/05/2025, PRD-04,CLI-1019,23,145170.48,68056.31,CC-202,HORECA
0090001601,18-05-2025,PRD-02,CLI-1001,31,236806.21,104553.39,CC-202,DIST
0090001602,18/05/2025,PRD-01,CLI-1030,82,570315.74,255116.76,CC-202, RETAIL 
0090001603,2025-05-19,PRD-03,CLI-1031,181,547012.77,303556.91,CC-202,DIST
0090001604,19/05/2025, PRD-05,CLI-1025,78,676383.24,337402.26,CC-203,FOB
0090001605,2025/05/19,PRD-04 ,CLI-1034,150,910762.5,433413.0, CC-202 ,HORECA
0090001606,19/05/2025,PRD-02,CLI-1028,173,1198156.48,607698.83, CC-202 ,RETAIL
0090001607,19-05-2025,PRD-05,CLI-1006,240,2124194.4,1135965.6,CC-202,DIST
0090001608,2025/05/19,prd-04,CLI-1002,230,1443762.9,681871.8,CC-202,DIST
0090001609,2025/05/20,PRD-05,CLI-1022,127,1127032.29,563173.88,CC-202, DIST 
0090001610,2025-05-20,prd-01,CLI-1048,150,1103613.0,486021.0,CC-202,RETAIL
0090001611,2025/05/20,PRD-03,CLI-1033,40,119900.8,61998.0,CC-202,DIST
0090001612,20/05/2025,PRD-02 ,CLI-1047,232,1692145.36,828662.24,CC-202,DIST
0090001613,20-05-2025, PRD-02,CLI-1048,101,772521.73,352024.39, CC-203 ,FOB
0090001614,21-05-2025,prd-04,CLI-1015,36,228588.48,101518.56,CC-202, HORECA 
0090001615,2025-05-21,PRD-02,CLI-1016,110,827735.7,363762.3,CC-202,HORECA
0090001616,21-05-2025,PRD-01 ,CLI-1028,181,1229281.41,595783.22,CC-101,DIST
0090001617,21-05-2025,PRD-05 ,CLI-1001,66,573439.02,310535.28,CC-202,RETAIL
0090001618,2025-05-21, PRD-04,CLI-1003,219,1241578.89,593398.02,CC-202,HORECA
0090001619,2025-05-21,PRD-03,CLI-1015,23,77001.01,36121.04, CC-203 ,FOB
0090001620,21/05/2025,PRD-05,CLI-1046,210,1794754.5,979318.2,CC-202,HORECA
0090001621,22-05-2025, PRD-04,CLI-1009,161,1031155.09,443260.37,CC-202,HORECA
0090001622,22-05-2025, PRD-05,CLI-1033,118,1006999.02,557488.64,CC-202,RETAIL
0090001623,22-05-2025, PRD-02,CLI-1027,153,1157351.67,528546.15,CC-203,FOB
0090001624,2025/05/22,PRD-02,CLI-1036,117,856769.94,400200.84,CC-202,DIST
0090001625,2025-05-22,PRD-05 ,CLI-1014,91,785057.91,410022.34,CC-202,RETAIL
0090001626,23-05-2025,PRD-02 ,CLI-1014,103,706522.32,350950.87,CC-202,HORECA
0090001627,2025-05-23,PRD-01,CLI-1019,173,1288083.61,538512.67, CC-202 ,RETAIL
0090001628,2025/05/23,PRD-04 ,CLI-1009,129,827022.87,373985.19,CC-202,RETAIL
0090001629,23/05/2025,PRD-04 ,CLI-1009,47,264184.18,139006.73,CC-202,HORECA
0090001630,2025-05-24,PRD-02,CLI-1047,143,1106212.25,480439.96,CC-202,DIST
0090001631,2025/05/24,PRD-02,CLI-1036,161,1139223.12,532085.68,CC-202,RETAIL
0090001632,24/05/2025,PRD-05,CLI-1033,187,1646821.11,811722.12,CC-202,HORECA
0090001633,24-05-2025, PRD-03,CLI-1035,139,427700.22,231842.27, CC-202 ,DIST
0090001634,25/05/2025,PRD-05,CLI-1004,206,1942555.28,945428.76,CC-202,RETAIL
0090001635,25-05-2025,PRD-03,CLI-1046,239,798570.7,392641.15,CC-202,RETAIL
0090001636,26-05-2025,PRD-04,CLI-1016,188,1218294.52,538306.04,CC-203,FOB
0090001637,2025/05/26,PRD-04,CLI-1012,240,1523222.4,664291.2,CC-202,HORECA
0090001638,26/05/2025, PRD-02,CLI-1021,54,384976.8,190744.74,CC-101,FOB
0090001639,2025/05/26, PRD-02,CLI-1003,168,1160666.64,595840.56,CC-202,HORECA
0090001640,2025/05/26, PRD-04,CLI-1009,191,1089983.52,518427.48,CC-202,RETAIL
0090001641,2025/05/26,prd-04,CLI-1032,87,554509.29,235431.57,CC-202,DIST
0090001642,2025-05-26,PRD-02,CLI-1040,84,576840.6,294009.24, CC-202 ,RETAIL
0090001643,27-05-2025,PRD-04,CLI-1041,201,1203913.62,583842.69,CC-101,HORECA
0090001644,27/05/2025,PRD-03,CLI-1040,166,557763.32,266752.04,CC-202,RETAIL
0090001645,27-05-2025,prd-04,CLI-1029,40,246548.4,114147.2,CC-202,RETAIL
0090001646,2025/05/27,PRD-04,CLI-1028,198,1151395.74,560629.08,CC-202,HORECA
0090001647,2025/05/27,PRD-04,CLI-1022,23,136741.67,64964.65, CC-203 ,FOB
0090001648,28/05/2025,PRD-04,CLI-1041,213,1245057.42,600747.33,CC-202,HORECA
0090001649,28-05-2025, PRD-02,CLI-1022,20,142609.6,68047.4,CC-203,FOB
0090001650,2025/05/28,PRD-02 ,CLI-1006,172,1177021.8,563733.44,CC-202,RETAIL
0090001651,28-05-2025,prd-05,CLI-1042,237,2290924.95,1049315.13,CC-202,HORECA
0090001652,28-05-2025,prd-02,CLI-1035,212,1553218.0,726059.72, CC-202 ,DIST
0090001653,2025-05-29,prd-04,CLI-1049,54,324054.54,152323.2,CC-202,RETAIL
0090001654,2025-05-29,PRD-04,CLI-1049,160,972840.0,468345.6,CC-202, DIST 
0090001655,29/05/2025, PRD-04,CLI-1033,209,1325580.41,611178.7,CC-202,RETAIL
0090001656,2025/05/29,PRD-03,CLI-1042,109,344465.07,175072.53,CC-203, FOB 
0090001657,29-05-2025,PRD-05,CLI-1024,126,1072796.76,560072.52,CC-202,DIST
0090001658,2025/05/29,PRD-04,CLI-1021,56,327983.04,163357.6,CC-203,FOB
0090001659,2025/05/29,PRD-03 ,CLI-1039,70,234789.8,113957.2, CC-203 ,FOB
0090001660,30-05-2025,prd-03,CLI-1013,211,690297.05,357613.35,CC-202,RETAIL
0090001661,2025/05/30,PRD-03 ,CLI-1044,146,448621.5,233472.98,CC-202,RETAIL
0090001662,2025-05-30,PRD-02,CLI-1045,38,276788.2,135758.42,CC-202,DIST
0090001663,30-05-2025,prd-02,CLI-1026,31,234625.98,104311.59, CC-203 , FOB 
0090001664,2025-05-30,PRD-05,CLI-1025,122,1186892.86,566644.86,CC-202,HORECA
0090001665,2025/05/30,PRD-03,CLI-1047,110,324057.8,181589.1,CC-202, DIST 
0090001666,2025/05/31, PRD-02,CLI-1004,194,1509578.02,650148.32, CC-203 ,FOB
0090001667,31/05/2025,PRD-01,CLI-1037,241,1753602.76,791456.05,CC-202,RETAIL
0090001668,01-06-2025,PRD-05 ,CLI-1033,258,2325689.4,1201771.74,CC-202,DIST
0090001669,2025-06-01,PRD-05 ,CLI-1039,95,813393.8,425566.75,CC-202,RETAIL
0090001670,2025-06-01, PRD-04,CLI-1002,21,130130.49,60438.63, CC-202 ,RETAIL
0090001671,01-06-2025,PRD-01,CLI-1018,70,494587.1,215266.8,CC-101,DIST
0090001672,2025-06-02, PRD-04,CLI-1003,137,781917.91,374175.77,CC-202,HORECA
0090001673,2025/06/02, PRD-05,CLI-1029,103,958576.71,479304.32,CC-202,DIST
0090001674,02/06/2025,PRD-04 ,CLI-1002,185,1172655.8,548626.75,CC-202,DIST
0090001675,02/06/2025,PRD-03,CLI-1043,100,326812.0,162120.0,CC-202,RETAIL
0090001676,2025-06-03,PRD-01 ,CLI-1021,74,521606.76,228364.0,CC-203,FOB
0090001677,03/06/2025,PRD-02,CLI-1023,81,602909.73,273835.08, CC-202 ,HORECA
0090001678,04-06-2025,PRD-02 ,CLI-1018,57,441935.25,199468.65, CC-202 ,HORECA
0090001679,04-06-2025, PRD-02,CLI-1038,183,1384724.4,614446.29,CC-203,FOB
0090001680,05-06-2025, PRD-01,CLI-1003,49,338852.15,163046.52,CC-202,HORECA
0090001681,05-06-2025,PRD-01,CLI-1023,214,1569627.94,720178.48,CC-203,FOB
0090001682,2025-06-05,PRD-01,CLI-1036,123,906196.35,378340.62,CC-202,DIST
0090001683,06/06/2025,PRD-02 ,CLI-1028,180,1333418.4,618834.6,CC-202,HORECA
0090001684,06-06-2025,prd-03,CLI-1001,184,597129.68,283941.44,CC-202,HORECA
0090001685,2025-06-06,prd-03,CLI-1010,212,717660.28,337156.32,CC-202,RETAIL
0090001686,06-06-2025,PRD-02 ,CLI-1047,207,1500588.54,676119.96,CC-202, RETAIL 
0090001687,2025/06/06,PRD-02,CLI-1049,242,1862204.52,838926.88,CC-202,HORECA
0090001688,07/06/2025,PRD-03,CLI-1012,83,267815.27,132329.39, CC-202 ,DIST
0090001689,2025/06/07,PRD-01,CLI-1045,249,1723846.92,819770.25,CC-202,RETAIL
0090001690,07-06-2025,prd-04,CLI-1003,197,1188845.75,531054.87,CC-202,RETAIL
0090001691,2025-06-07,PRD-02,CLI-1046,94,656745.1,309989.44, CC-203 ,FOB
0090001692,07/06/2025,PRD-04 ,CLI-1006,126,749494.62,344334.06,CC-202,RETAIL
0090001693,2025/06/07,PRD-03 ,CLI-1042,78,235043.64,125896.68,CC-202,RETAIL
0090001694,07-06-2025,PRD-01,CLI-1037,248,1813423.12,791251.44,CC-202,DIST
0090001695,08/06/2025,PRD-01,CLI-1009,106,732779.06,359377.1,CC-203,FOB
0090001696,08-06-2025,prd-05,CLI-1017,132,1131603.0,606287.88,CC-202,RETAIL
0090001697,08/06/2025,PRD-02,CLI-1005,128,1009715.2,451456.0, CC-203 ,FOB
0090001698,2025/06/08,PRD-03 ,CLI-1045,184,582766.64,298293.44,CC-202, RETAIL 
0090001699,2025-06-09,PRD-02,CLI-1042,72,557304.48,245790.0, CC-202 , DIST 
0090001700,09/06/2025,PRD-05 ,CLI-1049,117,1029741.57,515686.86,CC-203,FOB
0090001701,2025-06-09,PRD-02,CLI-1044,104,749823.36,349011.52,CC-202, HORECA 
0090001702,09/06/2025,PRD-04,CLI-1028,158,963574.06,440067.92,CC-202,RETAIL
0090001703,2025-06-09,PRD-01,CLI-1047,210,1386415.8,674958.9,CC-202,RETAIL
0090001704,2025/06/09,PRD-02,CLI-1017,117,862057.17,397870.2,CC-202, HORECA 
0090001705,09/06/2025,prd-05,CLI-1024,118,1136365.96,542862.54,CC-202,DIST
0090001706,10-06-2025,PRD-04 ,CLI-1028,38,219760.08,106348.32, CC-202 ,HORECA
0090001707,10/06/2025, PRD-05,CLI-1019,24,218156.4,109544.64,CC-202,DIST
0090001708,10/06/2025, PRD-05,CLI-1045,83,767473.61,380936.8,CC-202,RETAIL
0090001709,11/06/2025,prd-05,CLI-1005,168,1587720.96,767289.6,CC-202,DIST
0090001710,11/06/2025,PRD-04 ,CLI-1012,228,1415303.16,642663.6, CC-203 , FOB 
0090001711,2025/06/11,PRD-05,CLI-1048,89,770173.96,403009.8,CC-202,DIST
0090001712,2025/06/11, PRD-02,CLI-1036,127,934984.16,451816.47,CC-202,HORECA
0090001713,11/06/2025,PRD-01,CLI-1023,121,846139.69,393500.47, CC-203 ,FOB
0090001714,2025/06/12,prd-05,CLI-1017,222,2149295.22,995230.44,CC-202,DIST
0090001715,2025-06-12, PRD-01,CLI-1028,198,1459723.32,637146.18,CC-203,FOB
0090001716,2025-06-12, PRD-05,CLI-1007,198,1833248.34,908053.74,CC-202,HORECA
0090001717,2025/06/12, PRD-03,CLI-1008,128,405319.68,217008.64,CC-203,FOB
0090001718,2025/06/13,PRD-05,CLI-1032,192,1735923.84,902618.88,CC-203, FOB 
0090001719,13-06-2025,PRD-03,CLI-1005,91,270637.64,152638.85,CC-202,DIST
0090001720,2025/06/13,PRD-05,CLI-1016,32,312064.0,141418.88,CC-202,HORECA
0090001721,13-06-2025,PRD-03,CLI-1043,133,421175.09,218923.32, CC-203 ,FOB
0090001722,2025/06/13,PRD-03,CLI-1021,86,280964.58,133945.86,CC-203,FOB
0090001723,2025/06/14,PRD-04,CLI-1030,213,1256714.91,616262.25,CC-202,DIST
0090001724,2025-06-14,PRD-02,CLI-1008,76,584962.12,273660.04,CC-202,RETAIL
0090001725,14/06/2025,PRD-01 ,CLI-1007,45,328726.8,142482.6, CC-203 ,FOB
0090001726,14-06-2025,PRD-05,CLI-1001,86,811845.16,403801.82,CC-202,RETAIL
0090001727,14/06/2025,prd-05,CLI-1005,162,1400605.02,754764.48,CC-203, FOB 
0090001728,2025/06/15,PRD-02,CLI-1035,147,1133946.24,524010.9,CC-202,HORECA
0090001729,15-06-2025,PRD-03,CLI-1034,213,637626.15,340770.18, CC-202 ,RETAIL
0090001730,15/06/2025,PRD-04,CLI-1031,193,1129648.3,555930.71,CC-202,RETAIL
0090001731,2025-06-15,PRD-05 ,CLI-1014,121,1072506.49,552620.31,CC-202,DIST
0090001732,2025-06-15,prd-03,CLI-1045,207,665157.24,341061.48,CC-202,HORECA
0090001733,16/06/2025,PRD-04,CLI-1040,102,618882.96,282731.76,CC-202,HORECA
0090001734,16-06-2025,PRD-01,CLI-1016,164,1143184.96,545503.36,CC-202,RETAIL
0090001735,2025/06/16,PRD-05,CLI-1013,121,1031168.05,526690.01,CC-202,RETAIL
0090001736,16-06-2025,PRD-05 ,CLI-1039,203,1796389.63,898187.71,CC-202, HORECA 
0090001737,2025/06/16,prd-04,CLI-1027,214,1351641.12,630910.52,CC-202,HORECA
0090001738,2025-06-16, PRD-05,CLI-1001,137,1217135.4,621212.8,CC-202,HORECA
0090001739,2025-06-17, PRD-05,CLI-1019,252,2204427.96,1092457.8,CC-202,DIST
0090001740,17/06/2025,PRD-04,CLI-1031,72,430075.44,208849.68,CC-202,DIST
0090001741,2025/06/18, PRD-05,CLI-1010,202,1843577.24,913486.42,CC-203,FOB
0090001742,2025/06/18, PRD-02,CLI-1032,247,1856148.19,812234.8,CC-202,DIST
0090001743,2025-06-19,PRD-03,CLI-1024,33,104292.54,51926.82,CC-202,HORECA
0090001744,19/06/2025,PRD-03 ,CLI-1013,98,313787.18,158684.54,CC-203,FOB
0090001745,19/06/2025,prd-02,CLI-1031,78,598834.86,261789.84, CC-202 , HORECA 
0090001746,2025-06-20,PRD-05,CLI-1011,53,457583.98,243974.9,CC-101,DIST
0090001747,20-06-2025,prd-04,CLI-1031,124,777176.2,344338.08,CC-203,FOB
0090001748,2025-06-20,prd-04,CLI-1038,112,632403.52,309716.96, CC-202 ,DIST
0090001749,2025-06-20,PRD-03 ,CLI-1041,228,678106.2,380826.12,CC-202,DIST
0090001750,20-06-2025,PRD-02 ,CLI-1029,153,1087305.21,537934.23,CC-203,FOB
0090001751,2025-06-20,PRD-04,CLI-1019,175,996654.75,488052.25,CC-203,FOB
0090001752,2025/06/20,PRD-05,CLI-1036,156,1494483.12,695917.56,CC-203,FOB
0090001753,21-06-2025,PRD-05,CLI-1006,162,1573648.56,730631.34, CC-203 ,FOB
0090001754,21/06/2025,PRD-05,CLI-1017,131,1271353.69,605719.11,CC-202,DIST
0090001755,2025/06/21,prd-04,CLI-1027,205,1156698.15,583450.5,CC-203,FOB
0090001756,2025/06/22,PRD-04 ,CLI-1021,139,862235.07,379046.05, CC-202 ,HORECA
0090001757,2025/06/22,PRD-04 ,CLI-1024,168,1071811.44,460183.92, CC-202 ,RETAIL
0090001758,2025/06/23,PRD-04,CLI-1030,30,193392.9,86541.3,CC-202,RETAIL
0090001759,23-06-2025,PRD-01,CLI-1012,220,1444843.4,730879.6,CC-202,HORECA
0090001760,23/06/2025,PRD-05,CLI-1048,56,477082.48,250993.12,CC-202,DIST
0090001761,2025-06-23,prd-05,CLI-1047,122,1113010.88,550797.06, CC-202 ,DIST
0090001762,2025/06/23, PRD-04,CLI-1044,259,1499573.74,722931.16,CC-202,RETAIL
0090001763,24-06-2025,prd-01,CLI-1037,143,1049068.02,447808.79,CC-101, DIST 
0090001764,24-06-2025,PRD-04,CLI-1009,160,955676.8,462320.0,CC-202,HORECA
0090001765,25/06/2025,PRD-04 ,CLI-1033,185,1114249.45,542871.4,CC-203, FOB 
0090001766,25/06/2025,PRD-05,CLI-1034,119,1113825.72,546625.31, CC-202 , DIST 
0090001767,2025-06-26,prd-01,CLI-1003,235,1741213.7,731374.05,CC-202,HORECA
0090001768,26/06/2025,PRD-01,CLI-1028,47,350341.76,145168.9, CC-203 ,FOB
0090001769,2025-06-27,PRD-05,CLI-1043,201,1854868.2,876038.4,CC-202,DIST
0090001770,27-06-2025, PRD-01,CLI-1010,246,1756489.2,820523.16,CC-202,RETAIL
0090001771,27/06/2025,PRD-05,CLI-1046,72,634481.28,338109.84, CC-202 ,RETAIL
0090001772,2025-06-27,PRD-03,CLI-1022,32,99880.96,50879.36,CC-203,FOB
0090001773,27/06/2025,PRD-05,CLI-1025,100,862103.0,450614.0,CC-202,HORECA
0090001774,2025/06/27,PRD-04,CLI-1024,150,894420.0,425499.0,CC-202,RETAIL
0090001775,2025/06/27,PRD-05,CLI-1026,48,435579.36,228171.36,CC-203,FOB
0090001776,2025-06-28,prd-05,CLI-1047,84,745192.56,392137.2, CC-202 ,RETAIL
0090001777,28/06/2025,PRD-04,CLI-1027,228,1383127.8,675171.84,CC-202,DIST
0090001778,2025-06-28,PRD-03,CLI-1041,200,596104.0,319442.0,CC-202, DIST 
0090001779,28/06/2025, PRD-03,CLI-1032,181,548341.31,290628.08, CC-202 ,RETAIL
0090001780,28/06/2025,PRD-03 ,CLI-1012,172,568375.72,278445.64, CC-202 ,HORECA
0090001781,28/06/2025,PRD-04 ,CLI-1013,35,213771.6,100577.4,CC-202,HORECA
0090001782,28/06/2025,PRD-04 ,CLI-1032,154,983003.56,443082.64,CC-202,HORECA
0090001783,29/06/2025,PRD-05,CLI-1008,27,256515.39,126121.59,CC-202,HORECA
0090001784,2025/06/29,prd-01,CLI-1003,64,439422.08,202811.52,CC-202,RETAIL
0090001785,29/06/2025,PRD-05,CLI-1028,176,1541705.44,779850.72, CC-203 ,FOB
0090001786,29-06-2025,PRD-03,CLI-1026,224,737533.44,361045.44,CC-202,RETAIL
0090001787,2025/06/30,prd-03,CLI-1032,109,371194.05,171595.43,CC-101,RETAIL
0090001788,30/06/2025,PRD-01 ,CLI-1028,231,1620550.47,780800.79,CC-202,HORECA
0090001789,2025-06-30,PRD-04,CLI-1044,41,243073.83,112795.51, CC-202 ,RETAIL
0090001790,2025-06-30,prd-05,CLI-1010,218,1884167.46,1002819.62,CC-202,DIST
0090001791,30-06-2025, PRD-01,CLI-1008,64,431472.64,216712.32,CC-202,HORECA
0090001792,2025/07/01,PRD-01,CLI-1001,258,1709807.28,845646.6,CC-202, RETAIL 
0090001793,2025-07-01,prd-03,CLI-1047,68,230216.72,108117.96,CC-202,DIST
0090001794,2025-07-01,prd-03,CLI-1049,178,582788.02,275179.1, CC-202 ,DIST
0090001795,01/07/2025,PRD-02,CLI-1011,133,910846.51,462641.83,CC-202,RETAIL
0090001796,01-07-2025,prd-05,CLI-1034,73,657721.24,325277.78,CC-202, DIST 
0090001797,2025-07-02,prd-01,CLI-1038,141,1008602.61,436592.4,CC-202,HORECA
0090001798,02-07-2025,PRD-01 ,CLI-1010,81,589931.1,260746.29,CC-203,FOB
0090001799,2025-07-02, PRD-05,CLI-1030,65,587132.65,282083.75, CC-202 ,RETAIL
0090001800,2025-07-02,PRD-04,CLI-1043,25,149982.5,68664.25,CC-202, DIST 
0090001801,02/07/2025, PRD-04,CLI-1013,127,806657.01,376266.71,CC-203,FOB
0090001802,02/07/2025,PRD-03 ,CLI-1006,69,230598.69,108655.68,CC-202,DIST
0090001803,03-07-2025,PRD-04 ,CLI-1026,35,215891.9,98962.85, CC-202 , HORECA 
0090001804,2025-07-03,prd-04,CLI-1025,209,1276789.36,576980.03,CC-202,RETAIL
0090001805,04/07/2025,PRD-04,CLI-1018,38,218911.92,104420.58, CC-202 ,RETAIL
0090001806,2025/07/04,PRD-05 ,CLI-1029,173,1465991.62,811928.79,CC-203,FOB
0090001807,04-07-2025,PRD-04 ,CLI-1043,78,461698.38,224915.34,CC-202,HORECA
0090001808,05-07-2025, PRD-05,CLI-1013,99,966211.29,461418.21,CC-202,DIST
0090001809,05-07-2025,PRD-01,CLI-1047,125,868305.0,412733.75, CC-203 ,FOB
0090001810,05-07-2025, PRD-02,CLI-1020,113,851100.18,394442.32, CC-203 , FOB 
0090001811,2025-07-05,PRD-03 ,CLI-1044,107,353106.42,178992.81,CC-202, HORECA 
0090001812,2025/07/05,prd-02,CLI-1028,156,1207789.44,550789.2,CC-203,FOB
0090001813,05-07-2025, PRD-02,CLI-1024,175,1240219.75,608944.0,CC-202,RETAIL
0090001814,06/07/2025,PRD-03,CLI-1027,123,410738.82,203272.26,CC-202,HORECA
0090001815,2025-07-06, PRD-01,CLI-1003,41,282788.48,126334.53,CC-202, HORECA 
0090001816,06-07-2025,PRD-03,CLI-1009,127,413134.81,197479.92,CC-202,DIST
0090001817,2025/07/07,PRD-04 ,CLI-1025,174,1122306.96,491812.74,CC-203,FOB
0090001818,2025/07/07,PRD-05 ,CLI-1020,112,1018961.44,515866.4, CC-202 ,RETAIL
0090001819,07-07-2025,PRD-02,CLI-1039,136,935031.28,446572.32, CC-202 ,HORECA
0090001820,07-07-2025,prd-04,CLI-1045,110,643374.6,314838.7,CC-202, HORECA 
0090001821,07/07/2025,prd-05,CLI-1018,135,1211049.9,618061.05,CC-203,FOB
0090001822,2025/07/07,prd-02,CLI-1026,87,674689.35,310656.12,CC-203,FOB
0090001823,2025-07-07, PRD-05,CLI-1011,128,1248741.12,554544.64,CC-101,FOB
0090001824,2025/07/08,PRD-05 ,CLI-1022,124,1086278.44,589042.16,CC-202, RETAIL 
0090001825,2025/07/08, PRD-05,CLI-1004,117,1095377.4,517280.4,CC-203,FOB
0090001826,2025-07-09,PRD-04,CLI-1012,158,964359.32,443616.6,CC-202,RETAIL
0090001827,09/07/2025,PRD-04 ,CLI-1007,45,285664.5,122772.15,CC-203,FOB
0090001828,09/07/2025,prd-03,CLI-1005,66,222106.5,110308.44,CC-202,HORECA
0090001829,2025-07-09,PRD-01 ,CLI-1020,168,1216046.16,560348.88,CC-202,DIST
0090001830,09/07/2025,PRD-03 ,CLI-1008,162,518108.4,254131.02, CC-202 , HORECA 
0090001831,2025/07/09,prd-03,CLI-1046,60,184950.0,97860.6,CC-202,RETAIL
0090001832,2025/07/10,prd-05,CLI-1015,257,2197350.0,1118219.85, CC-203 ,FOB
0090001833,2025/07/10,prd-04,CLI-1024,246,1489190.52,689449.44, CC-202 ,HORECA
0090001834,10-07-2025,prd-05,CLI-1034,46,440258.18,205596.54,CC-203,FOB
0090001835,2025-07-10,prd-02,CLI-1003,240,1841474.4,836779.2,CC-202, RETAIL 
0090001836,2025/07/10,PRD-02 ,CLI-1023,53,412655.35,182706.37,CC-203,FOB
0090001837,11/07/2025,PRD-04 ,CLI-1041,88,523754.88,250015.04,CC-203,FOB
0090001838,11/07/2025,PRD-04 ,CLI-1006,76,465692.28,205592.92,CC-101,RETAIL
0090001839,11-07-2025,PRD-04,CLI-1039,120,749396.4,329299.2,CC-202,RETAIL
0090001840,11/07/2025,prd-04,CLI-1022,185,1038577.05,519940.65,CC-202,DIST
0090001841,2025-07-11,PRD-05,CLI-1036,66,574869.24,294329.64, CC-202 ,HORECA
0090001842,2025-07-11,PRD-05,CLI-1030,258,2324654.82,1202687.64,CC-203,FOB
0090001843,2025/07/12,PRD-01,CLI-1014,120,862424.4,400004.4,CC-202, HORECA 
0090001844,2025/07/12,PRD-05,CLI-1036,204,1825842.84,964077.48,CC-202, HORECA 
0090001845,12-07-2025,prd-01,CLI-1021,58,387724.2,192327.42,CC-202,RETAIL
0090001846,2025-07-12,PRD-03 ,CLI-1031,219,712269.03,339132.45,CC-202,RETAIL
0090001847,2025/07/12,PRD-04 ,CLI-1009,189,1177989.75,516886.65,CC-202,RETAIL
0090001848,12-07-2025,PRD-04,CLI-1017,228,1470080.16,615572.64,CC-203,FOB
0090001849,12/07/2025,prd-01,CLI-1021,87,646252.53,284863.23,CC-203,FOB
0090001850,2025-07-13,PRD-01,CLI-1036,121,878018.35,399145.12,CC-202, HORECA 
0090001851,13/07/2025,prd-04,CLI-1040,100,643064.0,291970.0,CC-202,HORECA
0090001852,13-07-2025,PRD-04,CLI-1001,34,212064.12,95787.52,CC-202,HORECA
0090001853,13-07-2025,PRD-04,CLI-1017,258,1604687.76,746164.38,CC-202, DIST 
0090001854,2025-07-13,PRD-01,CLI-1013,181,1318261.01,567340.88,CC-202,RETAIL
0090001855,2025/07/13,PRD-03,CLI-1003,89,275994.34,150637.84,CC-202, RETAIL 
0090001856,14-07-2025,PRD-02,CLI-1045,82,628603.8,286357.12,CC-202,HORECA
0090001857,2025/07/14, PRD-01,CLI-1026,202,1418100.6,640709.66,CC-203, FOB 
0090001858,2025-07-15,prd-01,CLI-1049,51,349603.98,171467.1,CC-202,HORECA
0090001859,2025-07-15, PRD-05,CLI-1014,102,968918.4,446348.94,CC-203,FOB
0090001860,2025/07/15, PRD-01,CLI-1004,77,545793.71,257322.45,CC-202,HORECA
0090001861,2025/07/15,PRD-05 ,CLI-1033,235,2208060.0,1101611.85,CC-202,DIST
0090001862,2025/07/15,PRD-04,CLI-1005,196,1192375.8,550424.84,CC-203,FOB
0090001863,2025/07/16,prd-01,CLI-1035,99,726649.11,309806.64,CC-202,HORECA
0090001864,2025-07-16,PRD-05,CLI-1010,166,1491410.4,726958.82,CC-202, HORECA 
0090001865,16/07/2025,PRD-02 ,CLI-1023,108,757064.88,363887.64,CC-202,RETAIL
0090001866,2025-07-16,PRD-01,CLI-1037,21,154325.64,69032.46,CC-202,DIST
0090001867,2025/07/17,prd-05,CLI-1019,203,1969834.86,954670.43,CC-202, RETAIL 
0090001868,2025-07-17,PRD-03,CLI-1033,198,584228.7,325480.32,CC-101,DIST
0090001869,2025/07/17,PRD-05 ,CLI-1005,132,1119548.76,593446.92,CC-101, DIST 
0090001870,2025/07/17,PRD-01,CLI-1005,46,316474.94,155075.2,CC-202,RETAIL
0090001871,2025-07-17,prd-02,CLI-1033,76,591904.72,263710.12,CC-202,RETAIL
0090001872,17/07/2025,prd-05,CLI-1022,81,693929.43,362074.86, CC-203 ,FOB
0090001873,2025-07-17,PRD-03 ,CLI-1039,216,643362.48,338873.76, CC-202 ,HORECA
0090001874,2025-07-18, PRD-05,CLI-1015,52,484209.44,240352.84,CC-202,DIST
0090001875,2025/07/18,PRD-02,CLI-1029,234,1650848.94,797057.82,CC-202,DIST
0090001876,18/07/2025,PRD-02,CLI-1010,167,1192393.36,560777.65,CC-202,HORECA
0090001877,2025/07/18,PRD-05 ,CLI-1029,124,1210709.96,539447.12, CC-202 , HORECA 
0090001878,2025/07/18,PRD-02,CLI-1005,221,1554449.91,794280.63, CC-203 ,FOB
0090001879,2025/07/19,PRD-04,CLI-1020,81,493825.41,222033.15,CC-202,RETAIL
0090001880,19-07-2025, PRD-01,CLI-1007,188,1253683.64,608802.28,CC-202, DIST 
0090001881,19-07-2025,PRD-02,CLI-1016,150,1059264.0,514234.5, CC-203 ,FOB
0090001882,2025/07/19,prd-02,CLI-1022,21,150159.66,73233.3,CC-203,FOB
0090001883,2025-07-19, PRD-03,CLI-1029,173,558044.37,267859.36, CC-202 ,DIST
0090001884,20/07/2025,prd-03,CLI-1044,39,120246.36,60478.47,CC-202,HORECA
0090001885,2025/07/20, PRD-02,CLI-1030,166,1247247.64,578425.34,CC-202,DIST
0090001886,2025/07/20,PRD-05,CLI-1015,72,610212.24,342306.72,CC-202, DIST 
0090001887,2025/07/20,PRD-05 ,CLI-1048,46,430445.0,213347.08,CC-203,FOB
0090001888,2025/07/20, PRD-02,CLI-1002,89,638836.66,298699.13,CC-203,FOB
0090001889,20-07-2025,PRD-05,CLI-1025,176,1528982.4,769591.68, CC-203 ,FOB
0090001890,2025-07-20,PRD-05,CLI-1048,29,268898.44,128060.81,CC-203,FOB
0090001891,21-07-2025,PRD-04 ,CLI-1030,142,892965.58,406554.52,CC-202, DIST 
0090001892,21-07-2025,prd-02,CLI-1045,44,303359.32,153003.4,CC-202,RETAIL
0090001893,21-07-2025,prd-03,CLI-1019,87,294091.32,141176.64,CC-101,FOB
0090001894,2025-07-21,prd-04,CLI-1046,148,858419.24,427897.6,CC-203,FOB
0090001895,2025/07/21,PRD-01 ,CLI-1038,125,901775.0,392586.25,CC-202,RETAIL
0090001896,21/07/2025,PRD-01,CLI-1035,164,1142752.0,542790.8, CC-202 ,RETAIL
0090001897,2025/07/22,PRD-01,CLI-1015,104,768855.36,333932.56,CC-203,FOB
0090001898,22-07-2025,PRD-05,CLI-1026,151,1364274.43,701478.05,CC-202, DIST 
0090001899,22-07-2025,prd-05,CLI-1041,166,1534158.72,762932.68,CC-202,DIST
0090001900,2025-07-22,PRD-03,CLI-1039,189,618200.1,296472.96,CC-202,HORECA
0090001901,2025-07-22,PRD-04,CLI-1047,132,835462.32,356665.32,CC-202,RETAIL
0090001902,2025-07-23,PRD-02 ,CLI-1040,129,920088.63,431913.93,CC-202, HORECA 
0090001903,2025/07/23,prd-01,CLI-1033,222,1538042.64,734036.34, CC-202 , RETAIL 
0090001904,2025/07/24,PRD-02,CLI-1010,35,242467.4,125562.85,CC-202,HORECA
0090001905,2025-07-24, PRD-04,CLI-1013,101,638067.5,294762.44,CC-203,FOB
0090001906,24/07/2025,prd-01,CLI-1027,193,1325022.2,624617.48,CC-202,RETAIL
0090001907,24/07/2025,PRD-04,CLI-1017,257,1506783.29,746279.17,CC-203,FOB
0090001908,2025-07-25, PRD-02,CLI-1028,153,1178666.1,516746.79,CC-202,DIST
0090001909,2025/07/25, PRD-02,CLI-1021,116,905608.52,404909.6, CC-202 ,RETAIL
0090001910,2025/07/26, PRD-05,CLI-1038,208,2001255.36,958272.64,CC-202,DIST
0090001911,26/07/2025,prd-02,CLI-1037,187,1368456.65,651651.99,CC-202, HORECA 
0090001912,26/07/2025,prd-03,CLI-1022,98,291526.48,163460.08, CC-202 ,DIST
0090001913,2025-07-27,prd-03,CLI-1007,205,605813.95,324754.85,CC-202,RETAIL
0090001914,2025/07/27,PRD-01 ,CLI-1028,80,555113.6,246484.8,CC-203,FOB
0090001915,2025/07/27,PRD-01,CLI-1038,226,1524745.16,745833.9,CC-202,RETAIL
0090001916,2025/07/27,PRD-05 ,CLI-1048,140,1232338.8,614847.8,CC-202,RETAIL
0090001917,28/07/2025,PRD-05,CLI-1007,152,1444761.52,721109.28,CC-202, RETAIL 
0090001918,2025/07/28, PRD-01,CLI-1035,214,1560147.74,704325.36, CC-202 ,HORECA
0090001919,2025-07-28,prd-03,CLI-1027,215,662086.05,340897.55,CC-202, HORECA 
0090001920,2025-07-28,PRD-05 ,CLI-1024,75,689532.0,332602.5,CC-202,DIST
0090001921,2025-07-28,PRD-03 ,CLI-1032,172,572772.04,270138.04,CC-202,DIST
0090001922,2025/07/28, PRD-03,CLI-1042,152,470734.88,242091.92,CC-202,RETAIL
0090001923,29-07-2025,PRD-04 ,CLI-1009,58,336987.54,161078.18,CC-203,FOB
0090001924,29/07/2025,prd-04,CLI-1022,25,152368.25,70722.0,CC-202, HORECA 
0090001925,29-07-2025,PRD-01,CLI-1017,188,1379166.12,618260.56,CC-203, FOB 
0090001926,2025/07/30,PRD-02,CLI-1022,234,1717276.86,796755.96,CC-203,FOB
0090001927,30/07/2025, PRD-04,CLI-1013,220,1264322.4,632856.4,CC-203, FOB 
0090001928,30/07/2025,PRD-04,CLI-1023,179,1113227.85,492659.91,CC-203,FOB
0090001929,2025/07/30,PRD-04,CLI-1002,64,368081.92,172067.84,CC-202,RETAIL
0090001930,30/07/2025,PRD-01,CLI-1022,248,1787348.4,802721.44,CC-202,RETAIL
0090001931,2025-07-31,PRD-05 ,CLI-1032,52,463625.76,234332.28,CC-203,FOB
0090001932,2025-07-31,PRD-03,CLI-1047,189,634089.33,293978.16, CC-202 ,HORECA
0090001933,2025/07/31, PRD-02,CLI-1028,134,948740.1,461032.36, CC-203 ,FOB
0090001934,31/07/2025, PRD-01,CLI-1019,30,201307.8,92714.1,CC-202,RETAIL
0090001935,2025-07-31,PRD-03,CLI-1008,137,417451.33,231472.46,CC-202,HORECA
0090001936,31/07/2025,prd-05,CLI-1033,126,1159002.18,567894.6,CC-202,RETAIL
0090001937,2025/07/31, PRD-03,CLI-1042,38,123907.36,60872.2,CC-202,HORECA
0090001938,2025/08/01, PRD-05,CLI-1001,176,1605586.4,792946.88,CC-202,RETAIL
0090001939,2025-08-01,prd-01,CLI-1048,181,1173346.98,610773.64,CC-202,DIST
0090001940,2025-08-02,PRD-04 ,CLI-1024,83,533758.06,233308.85, CC-202 , HORECA 
0090001941,02-08-2025, PRD-04,CLI-1026,45,272626.65,122400.0, CC-202 ,RETAIL
0090001942,2025-08-03,PRD-05,CLI-1001,214,1867740.64,973381.14,CC-202,RETAIL
0090001943,2025-08-03,prd-02,CLI-1003,81,623390.58,266285.88,CC-202,DIST
0090001944,2025/08/04,PRD-04,CLI-1016,136,788987.68,392781.6,CC-202, HORECA 
0090001945,04/08/2025,PRD-01,CLI-1001,44,317061.36,144985.72,CC-101,HORECA
0090001946,2025/08/04,PRD-01,CLI-1044,112,817355.84,374288.32,CC-202,HORECA
0090001947,04/08/2025,PRD-03,CLI-1029,198,609396.48,320967.9,CC-202, HORECA 
0090001948,2025-08-04,prd-03,CLI-1015,102,339311.16,163274.46, CC-202 ,DIST
0090001949,2025-08-04,prd-05,CLI-1040,150,1270927.5,675657.0, CC-202 ,DIST
0090001950,2025-08-05,prd-01,CLI-1008,198,1335807.0,621432.9,CC-203,FOB
0090001951,05/08/2025, PRD-02,CLI-1040,41,301661.6,136357.39,CC-203,FOB
0090001952,05/08/2025,PRD-01 ,CLI-1049,55,402868.95,178562.45,CC-202,HORECA
0090001953,06/08/2025,PRD-05,CLI-1015,101,904581.25,472853.72, CC-202 ,HORECA
0090001954,06-08-2025,PRD-04,CLI-1029,39,253012.89,110937.06,CC-202,RETAIL
0090001955,06/08/2025,PRD-03 ,CLI-1040,86,262072.1,136918.88,CC-202,DIST
0090001956,2025-08-06,PRD-02,CLI-1011,78,593047.26,264522.96,CC-203,FOB
0090001957,2025/08/06,prd-01,CLI-1030,141,961188.54,475081.17,CC-203,FOB
0090001958,2025-08-06, PRD-01,CLI-1009,254,1856232.0,848751.16,CC-202,DIST
0090001959,07/08/2025,PRD-02 ,CLI-1015,178,1372175.3,627763.28,CC-203,FOB
0090001960,07/08/2025, PRD-04,CLI-1037,67,379475.94,194475.54,CC-203,FOB
0090001961,2025/08/07,PRD-02 ,CLI-1017,131,1002397.59,463349.62,CC-202, HORECA 
0090001962,2025/08/07,PRD-01,CLI-1029,118,843060.44,385924.9,CC-101,HORECA
0090001963,2025-08-07,PRD-04,CLI-1028,78,448916.52,213922.02,CC-202,RETAIL
0090001964,08/08/2025,PRD-05 ,CLI-1031,176,1525363.84,780771.2,CC-203,FOB
0090001965,08-08-2025, PRD-05,CLI-1042,150,1354990.5,700266.0, CC-202 ,HORECA
0090001966,2025-08-08,PRD-01 ,CLI-1012,248,1739095.04,822033.2,CC-203,FOB
0090001967,08-08-2025,PRD-02,CLI-1016,189,1377464.13,662698.26, CC-202 ,RETAIL
0090001968,08-08-2025, PRD-02,CLI-1045,27,201840.93,89829.81, CC-203 ,FOB
0090001969,08-08-2025,PRD-05,CLI-1010,206,1978654.72,970443.34,CC-203,FOB
0090001970,08/08/2025,PRD-03 ,CLI-1026,63,207382.14,102392.01,CC-203,FOB
0090001971,2025-08-09,PRD-01,CLI-1018,197,1349538.65,656993.03,CC-202, HORECA 
0090001972,2025-08-09,PRD-03 ,CLI-1038,81,268535.25,127940.31,CC-202,HORECA
0090001973,2025-08-09,prd-02,CLI-1001,258,1942146.6,907747.2,CC-202,DIST
0090001974,10-08-2025,PRD-03,CLI-1046,192,639177.6,309139.2,CC-101,RETAIL
0090001975,10/08/2025,PRD-05,CLI-1010,32,298529.28,150102.4,CC-203,FOB
0090001976,10-08-2025,PRD-04,CLI-1032,250,1573115.0,729515.0, CC-203 ,FOB
0090001977,2025/08/10,prd-01,CLI-1037,42,313444.74,139597.5,CC-202,RETAIL
0090001978,2025-08-10, PRD-05,CLI-1001,103,921514.22,464999.68,CC-202,RETAIL
0090001979,2025/08/10,prd-05,CLI-1021,184,1619481.52,797667.6,CC-202,RETAIL
0090001980,10-08-2025,PRD-05,CLI-1046,115,1009691.95,525642.0,CC-202,HORECA
0090001981,11/08/2025,prd-04,CLI-1040,195,1148721.6,573186.9,CC-202,RETAIL
0090001982,11-08-2025,PRD-04,CLI-1018,176,1054456.48,505947.2,CC-202,RETAIL
0090001983,11-08-2025,prd-05,CLI-1038,21,198525.39,98400.12,CC-202,HORECA
0090001984,12-08-2025,PRD-02 ,CLI-1027,39,304798.26,139674.99,CC-202,RETAIL
0090001985,2025/08/12,PRD-05,CLI-1027,243,2273299.02,1050384.51, CC-202 ,DIST
0090001986,2025/08/12,PRD-03 ,CLI-1013,182,584327.38,288404.48,CC-203,FOB
0090001987,12-08-2025, PRD-04,CLI-1021,132,852143.16,387773.76,CC-202,RETAIL
0090001988,13-08-2025,PRD-02,CLI-1048,201,1497747.48,677438.34,CC-202,DIST
0090001989,13/08/2025,PRD-04,CLI-1024,54,303422.22,145411.2,CC-203,FOB
0090001990,2025-08-13,PRD-02,CLI-1015,133,1011152.45,448083.65,CC-202,RETAIL
0090001991,13/08/2025,PRD-04,CLI-1005,254,1424871.42,749493.04, CC-202 ,HORECA
0090001992,2025/08/14,PRD-01 ,CLI-1029,144,1016449.92,469137.6,CC-202,RETAIL
0090001993,14/08/2025,PRD-02,CLI-1043,146,1114219.44,510106.48,CC-202,HORECA
0090001994,14-08-2025,PRD-04,CLI-1024,172,998898.6,491080.64,CC-202,DIST
0090001995,14/08/2025,PRD-02 ,CLI-1005,158,1239268.26,534079.5, CC-202 , DIST 
0090001996,14/08/2025,PRD-04 ,CLI-1012,210,1216383.0,623023.8, CC-202 ,RETAIL
0090001997,2025/08/14, PRD-01,CLI-1020,69,491452.5,229729.29,CC-203,FOB
0090001998,2025-08-15,PRD-03 ,CLI-1018,172,546849.92,290313.64, CC-202 ,RETAIL
0090001999,15/08/2025,prd-01,CLI-1023,174,1244287.92,555303.6,CC-202,RETAIL
0090002000,15-08-2025,PRD-01,CLI-1041,94,623285.8,303819.28,CC-202,DIST
0090002001,2025/08/15, PRD-03,CLI-1010,78,254995.26,127902.84,CC-202,HORECA
0090002002,15-08-2025, PRD-04,CLI-1004,169,970607.56,484364.14,CC-203,FOB
0090002003,2025/08/15,PRD-04 ,CLI-1022,212,1221910.76,611713.28,CC-202,RETAIL
0090002004,15/08/2025,PRD-03,CLI-1020,194,612186.4,327433.2,CC-202,HORECA
0090002005,16-08-2025,PRD-04,CLI-1015,131,737150.1,358416.0, CC-202 ,HORECA
0090002006,2025-08-16,PRD-02,CLI-1038,31,227269.06,108411.34,CC-203,FOB
0090002007,16/08/2025,prd-02,CLI-1013,150,1129522.5,538230.0,CC-202,DIST
0090002008,17/08/2025,PRD-04 ,CLI-1036,85,519499.6,235072.6,CC-202,DIST
0090002009,2025/08/17,PRD-02,CLI-1040,201,1501439.85,696579.57,CC-203,FOB
0090002010,2025/08/17,PRD-01,CLI-1040,62,403807.86,191093.92,CC-202,DIST
0090002011,17/08/2025,PRD-01 ,CLI-1016,237,1551463.62,774087.03, CC-203 ,FOB
0090002012,17-08-2025,PRD-02,CLI-1045,193,1457491.61,643813.26,CC-202, HORECA 
0090002013,17/08/2025,PRD-04,CLI-1023,206,1316173.14,565070.36, CC-202 ,DIST
0090002014,18/08/2025,PRD-03 ,CLI-1017,182,552963.32,285849.2,CC-203, FOB 
0090002015,18/08/2025,PRD-02 ,CLI-1015,258,1932750.24,896410.68, CC-202 ,DIST
0090002016,19-08-2025,prd-03,CLI-1012,241,724082.09,383575.6,CC-203,FOB
0090002017,2025/08/19,PRD-01,CLI-1029,196,1399967.24,658052.36,CC-203, FOB 
0090002018,2025/08/19,PRD-04 ,CLI-1007,166,1011506.06,482898.98,CC-202, RETAIL 
0090002019,19-08-2025, PRD-04,CLI-1038,127,730730.06,358265.73,CC-202, HORECA 
0090002020,19/08/2025,prd-03,CLI-1037,235,703108.25,367258.0,CC-202,HORECA
0090002021,2025-08-19,prd-04,CLI-1040,103,666015.51,298761.8,CC-202,HORECA
0090002022,20/08/2025,PRD-03,CLI-1008,75,226300.5,117687.0,CC-202,DIST
0090002023,20/08/2025, PRD-04,CLI-1039,112,650806.24,305122.72,CC-202,RETAIL
0090002024,20-08-2025,prd-04,CLI-1032,47,278214.62,135205.84,CC-202,RETAIL
0090002025,20-08-2025,prd-01,CLI-1031,55,367109.6,183198.95, CC-202 , DIST 
0090002026,2025-08-20,prd-03,CLI-1023,101,313537.33,169109.35,CC-203,FOB
0090002027,2025/08/21, PRD-04,CLI-1046,149,944502.06,429994.63, CC-203 ,FOB
0090002028,21/08/2025, PRD-01,CLI-1010,115,761196.5,370888.8,CC-202,HORECA
0090002029,2025/08/21,PRD-05,CLI-1044,187,1656883.58,834068.62,CC-202,DIST
0090002030,2025-08-21,PRD-04,CLI-1001,131,754456.51,384237.41,CC-202,DIST
0090002031,21/08/2025,PRD-03,CLI-1042,242,747177.42,403554.36,CC-203,FOB
0090002032,21/08/2025,PRD-02,CLI-1013,200,1458420.0,683974.0,CC-202,HORECA
0090002033,21/08/2025,PRD-05,CLI-1040,108,995940.36,498987.0,CC-202,RETAIL
0090002034,2025-08-22,prd-05,CLI-1039,162,1412800.38,703117.26,CC-202,DIST
0090002035,22-08-2025,PRD-01,CLI-1020,32,239015.68,107412.8,CC-203, FOB 
0090002036,2025/08/23,PRD-01,CLI-1009,238,1664386.36,766997.84,CC-202,DIST
0090002037,2025/08/23, PRD-01,CLI-1007,210,1476461.7,691288.5,CC-203,FOB
0090002038,23-08-2025,PRD-03,CLI-1039,246,815950.02,382707.12,CC-202,RETAIL
0090002039,2025/08/24,PRD-03,CLI-1013,206,679705.24,320568.96,CC-203, FOB 
0090002040,2025/08/24,PRD-04 ,CLI-1019,128,825219.84,350353.92,CC-202, HORECA 
0090002041,24-08-2025,PRD-02 ,CLI-1031,96,716703.36,329325.12,CC-202,HORECA
0090002042,24-08-2025,prd-03,CLI-1025,73,222786.51,118583.39,CC-202,DIST
0090002043,24-08-2025,PRD-03,CLI-1038,96,312257.28,149625.6,CC-202,HORECA
0090002044,25/08/2025,PRD-04,CLI-1045,72,421315.2,197945.28,CC-203,FOB
0090002045,2025/08/25,PRD-05,CLI-1038,245,2366886.2,1124973.85,CC-202, HORECA 
0090002046,25-08-2025,PRD-04,CLI-1006,219,1335792.69,611432.67,CC-202,HORECA
0090002047,2025/08/25,PRD-04,CLI-1012,225,1311464.25,663950.25,CC-202,RETAIL
0090002048,2025-08-25,PRD-02,CLI-1005,196,1495052.72,677944.4, CC-202 ,RETAIL
0090002049,26-08-2025,PRD-01 ,CLI-1021,71,507381.62,223121.76,CC-202, HORECA 
0090002050,26-08-2025,PRD-05 ,CLI-1013,103,905195.93,457161.38,CC-202,RETAIL
0090002051,2025-08-26,PRD-03,CLI-1020,64,214391.04,106420.48, CC-202 , DIST 
0090002052,2025/08/26,PRD-02,CLI-1001,224,1588298.88,751347.52, CC-202 ,DIST
0090002053,26-08-2025,PRD-04,CLI-1008,162,936612.72,448790.22,CC-202, DIST 
0090002054,26-08-2025,PRD-01,CLI-1008,238,1547204.68,753334.26,CC-202,DIST
0090002055,26-08-2025,PRD-04,CLI-1039,78,453629.28,229504.08,CC-203,FOB
0090002056,27-08-2025, PRD-01,CLI-1002,175,1266263.25,546252.0,CC-202, HORECA 
0090002057,27-08-2025,PRD-04,CLI-1013,229,1387497.26,660697.06,CC-202, RETAIL 
0090002058,27-08-2025,PRD-02,CLI-1018,115,833275.05,403047.4,CC-202,HORECA
0090002059,27-08-2025,PRD-04,CLI-1048,32,198458.88,92851.52,CC-203,FOB
0090002060,2025/08/27,prd-01,CLI-1015,74,526845.22,232697.44,CC-202,RETAIL
0090002061,27-08-2025, PRD-05,CLI-1023,220,1997648.4,1026982.0,CC-203, FOB 
0090002062,28-08-2025,PRD-03 ,CLI-1047,177,566628.33,284281.47,CC-202,DIST
0090002063,28-08-2025,prd-02,CLI-1016,20,153993.8,70405.4,CC-202,DIST
0090002064,28/08/2025,prd-03,CLI-1045,28,86834.72,45094.28,CC-202,DIST
0090002065,2025-08-28,prd-03,CLI-1027,225,758353.5,352408.5,CC-101,DIST
0090002066,2025/08/28,PRD-03 ,CLI-1042,209,683110.23,341447.48, CC-202 ,HORECA
0090002067,29/08/2025, PRD-04,CLI-1017,134,840103.62,364900.76,CC-202,RETAIL
0090002068,29-08-2025,PRD-02,CLI-1021,244,1731397.16,852611.64,CC-202,HORECA
0090002069,2025-08-29,PRD-01,CLI-1038,187,1385245.51,597640.78, CC-202 ,HORECA
0090002070,29/08/2025,PRD-02,CLI-1008,184,1407485.92,627546.72, CC-202 ,DIST
0090002071,29/08/2025,PRD-04,CLI-1024,252,1475530.56,706910.4, CC-203 ,FOB
0090002072,2025-08-29,prd-03,CLI-1040,68,210764.64,107644.0,CC-202,HORECA
0090002073,29/08/2025,PRD-02 ,CLI-1006,102,767862.12,353642.16, CC-202 ,RETAIL
0090002074,30-08-2025,PRD-03 ,CLI-1037,203,627809.98,339355.1,CC-202,RETAIL
0090002075,30/08/2025,prd-02,CLI-1049,134,989836.56,453340.76,CC-203,FOB
0090002076,2025-08-30,PRD-01 ,CLI-1032,62,422007.34,199503.6,CC-202,DIST
0090002077,30-08-2025, PRD-01,CLI-1046,228,1637124.36,745847.28,CC-202,RETAIL
0090002078,31/08/2025,prd-01,CLI-1028,205,1382456.45,639091.6,CC-202,HORECA
0090002079,31/08/2025,PRD-04 ,CLI-1033,148,841196.48,438919.16,CC-202,RETAIL
0090002080,31-08-2025,PRD-05,CLI-1004,210,2051651.7,995935.5,CC-202,DIST
0090002081,31/08/2025,PRD-03 ,CLI-1016,185,550141.9,286894.3, CC-202 ,DIST
0090002082,01/09/2025,prd-04,CLI-1025,50,286908.5,147953.0,CC-202,RETAIL
0090002083,01/09/2025,PRD-02,CLI-1042,53,373360.62,173082.63,CC-202,HORECA
0090002084,01/09/2025,PRD-04,CLI-1010,92,576820.68,266715.36,CC-202,HORECA
0090002085,01/09/2025,PRD-01,CLI-1027,230,1697963.5,766721.1,CC-101,HORECA
0090002086,2025/09/01,PRD-02,CLI-1041,227,1744935.38,776614.67,CC-202,DIST
0090002087,02/09/2025,PRD-04,CLI-1031,63,376041.33,176442.21,CC-202, DIST 
0090002088,2025-09-02,PRD-04,CLI-1023,197,1260321.29,579686.29,CC-202,DIST
0090002089,02-09-2025,prd-04,CLI-1025,195,1212233.1,538991.7, CC-203 ,FOB
0090002090,02-09-2025,PRD-05,CLI-1025,85,739625.8,380285.75,CC-203,FOB
0090002091,02-09-2025,PRD-04 ,CLI-1033,103,653060.17,280321.71, CC-202 , DIST 
0090002092,2025/09/02,PRD-02,CLI-1046,135,965382.3,463260.6,CC-101,HORECA
0090002093,03/09/2025, PRD-05,CLI-1005,226,2041724.68,993039.48,CC-202,HORECA
0090002094,03/09/2025,PRD-01,CLI-1047,89,656860.94,283204.23,CC-202, DIST 
0090002095,03/09/2025,PRD-04,CLI-1028,234,1447973.28,690028.56,CC-101, DIST 
0090002096,03/09/2025,prd-03,CLI-1003,246,789283.62,403715.52,CC-202,DIST
0090002097,03/09/2025,PRD-01,CLI-1049,59,405183.09,187417.63,CC-203,FOB
0090002098,04-09-2025,PRD-04 ,CLI-1037,80,503623.2,217252.0,CC-202,DIST
0090002099,04-09-2025,prd-04,CLI-1005,75,426492.75,213886.5,CC-202, RETAIL 
0090002100,04/09/2025,PRD-02 ,CLI-1040,92,718276.2,324795.88,CC-202,RETAIL
0090002101,2025-09-04,prd-01,CLI-1044,207,1467480.96,693100.17,CC-202,HORECA
0090002102,2025/09/05,PRD-05,CLI-1028,186,1615469.52,851059.74,CC-202,DIST
0090002103,2025-09-05,PRD-04,CLI-1021,141,889330.71,380262.9,CC-202, HORECA 
0090002104,2025-09-05,prd-03,CLI-1025,203,630639.8,313444.18,CC-202,DIST
0090002105,2025-09-05,PRD-05,CLI-1037,95,869629.05,419730.9, CC-202 ,RETAIL
0090002106,05/09/2025,PRD-03 ,CLI-1042,130,417574.3,202547.8,CC-202,DIST
0090002107,2025-09-06,PRD-01,CLI-1038,189,1379703.78,630243.18,CC-202,HORECA
0090002108,06/09/2025, PRD-02,CLI-1047,118,851827.84,399697.86, CC-203 ,FOB
0090002109,2025/09/06,PRD-02,CLI-1017,36,258999.48,120062.88, CC-202 ,HORECA
0090002110,2025/09/06, PRD-04,CLI-1006,185,1113333.7,522255.0,CC-202,RETAIL
0090002111,2025-09-06,PRD-02,CLI-1015,182,1288367.08,617624.28,CC-202,DIST
0090002112,06-09-2025,PRD-03,CLI-1031,73,240847.44,121255.92,CC-202,RETAIL
0090002113,2025/09/06,PRD-02,CLI-1049,182,1248174.2,636077.26,CC-202,RETAIL
0090002114,2025/09/07,PRD-03,CLI-1020,181,535794.39,291790.1,CC-203,FOB
0090002115,07-09-2025,PRD-03,CLI-1018,153,462055.41,251077.59,CC-202,DIST
0090002116,2025/09/08,PRD-01,CLI-1007,36,266639.76,120324.96,CC-203,FOB
0090002117,08/09/2025,PRD-01,CLI-1043,147,985477.71,475683.18,CC-203,FOB
0090002118,08/09/2025,PRD-02,CLI-1019,258,1949117.76,848848.38,CC-202, RETAIL 
0090002119,08-09-2025,PRD-01 ,CLI-1048,167,1172620.56,534572.01,CC-202,HORECA
0090002120,08-09-2025,PRD-02,CLI-1017,63,486349.92,218737.26,CC-202,RETAIL
0090002121,2025-09-09,prd-03,CLI-1013,69,206601.87,109901.82,CC-202,RETAIL
0090002122,2025/09/09,PRD-02,CLI-1048,217,1642666.13,756846.09, CC-203 , FOB 
0090002123,2025-09-09,PRD-04,CLI-1016,226,1345784.8,618991.4,CC-203,FOB
0090002124,09/09/2025,PRD-05,CLI-1026,239,2310217.02,1049288.87,CC-203,FOB
0090002125,2025-09-10,prd-04,CLI-1008,115,734069.15,327056.55,CC-202, HORECA 
0090002126,10/09/2025,PRD-02,CLI-1039,43,339105.31,144187.6,CC-202,RETAIL
0090002127,10-09-2025,prd-02,CLI-1044,64,495578.88,209988.48, CC-203 ,FOB
0090002128,10/09/2025,prd-05,CLI-1016,134,1200879.86,597969.64,CC-202,HORECA
0090002129,2025/09/10,PRD-05,CLI-1005,246,2109937.08,1097570.82, CC-203 ,FOB
0090002130,2025/09/11,PRD-01,CLI-1045,240,1647885.6,771372.0, CC-202 ,DIST
0090002131,11/09/2025, PRD-05,CLI-1046,170,1626383.2,775732.1, CC-202 ,DIST
0090002132,2025-09-11,PRD-05 ,CLI-1032,127,1138049.54,600936.06,CC-202,HORECA
0090002133,11/09/2025,PRD-03 ,CLI-1032,125,417195.0,201680.0,CC-203,FOB
0090002134,11/09/2025,PRD-05,CLI-1048,220,1950698.2,1007131.4,CC-202, DIST 
0090002135,2025/09/11,PRD-01 ,CLI-1011,139,903506.95,439106.56,CC-202,DIST
0090002136,2025-09-12,PRD-04,CLI-1017,164,1020339.12,455726.48,CC-202,DIST
0090002137,12/09/2025,PRD-01 ,CLI-1006,60,400506.0,200778.0,CC-203,FOB
0090002138,12/09/2025,prd-03,CLI-1048,54,182802.96,86401.62,CC-202,HORECA
0090002139,12-09-2025,prd-05,CLI-1009,30,271848.9,140132.7,CC-202,HORECA
0090002140,2025-09-13,PRD-05,CLI-1049,95,886866.8,439813.9,CC-202,HORECA
0090002141,2025-09-13,PRD-02,CLI-1047,252,1777592.88,828157.68,CC-203, FOB 
0090002142,13-09-2025,PRD-01,CLI-1030,88,596055.68,285724.56,CC-202,HORECA
0090002143,2025-09-13,PRD-02,CLI-1048,44,308573.76,146173.28,CC-202,HORECA
0090002144,2025-09-13,PRD-03,CLI-1046,258,850662.12,433354.86,CC-203,FOB
0090002145,14/09/2025,PRD-05,CLI-1014,113,970537.79,489004.11, CC-202 ,DIST
0090002146,2025-09-14,PRD-03 ,CLI-1035,118,380566.52,184325.44,CC-203,FOB
0090002147,14/09/2025,prd-01,CLI-1045,222,1439487.96,741297.96,CC-202,RETAIL
0090002148,15/09/2025,PRD-03,CLI-1042,211,648856.65,333472.84,CC-202, DIST 
0090002149,2025-09-15,PRD-01,CLI-1049,229,1491163.27,706375.69,CC-202, DIST 
0090002150,2025-09-16, PRD-04,CLI-1016,37,235478.73,107030.64,CC-202,DIST
0090002151,16/09/2025,prd-03,CLI-1047,25,82711.25,39654.75,CC-203,FOB
0090002152,16-09-2025,PRD-05,CLI-1004,67,628892.15,300417.95,CC-202,RETAIL
0090002153,16-09-2025,PRD-01 ,CLI-1027,250,1616595.0,772950.0,CC-202,DIST
0090002154,17-09-2025,prd-05,CLI-1047,98,864109.12,463237.18,CC-202,DIST
0090002155,2025-09-17,PRD-02 ,CLI-1012,138,1025872.68,452804.22, CC-202 ,DIST
0090002156,17-09-2025, PRD-01,CLI-1017,160,1169441.6,532769.6, CC-202 ,HORECA
0090002157,2025/09/17,PRD-02,CLI-1026,139,989699.46,457835.42, CC-202 , RETAIL 
0090002158,2025/09/18,prd-03,CLI-1037,47,139519.97,76902.81,CC-202,DIST
0090002159,2025/09/18,prd-02,CLI-1007,177,1264157.01,597707.76,CC-202,HORECA
0090002160,18/09/2025,PRD-04,CLI-1029,256,1632130.56,742538.24,CC-202,RETAIL
0090002161,2025/09/18,PRD-02,CLI-1019,214,1575711.96,748976.46, CC-203 ,FOB
0090002162,18-09-2025,prd-02,CLI-1027,224,1670538.24,792478.4,CC-202,DIST
0090002163,2025/09/19,PRD-02,CLI-1036,48,336057.12,161048.64,CC-202,DIST
0090002164,2025/09/19, PRD-01,CLI-1005,149,1024616.38,490135.5,CC-202,DIST
0090002165,19/09/2025,PRD-01 ,CLI-1023,201,1305569.37,642679.41,CC-202,HORECA
0090002166,19-09-2025,PRD-04,CLI-1029,53,306138.07,151983.86,CC-203,FOB
0090002167,2025-09-19,PRD-04 ,CLI-1036,119,760313.61,349716.01,CC-202,RETAIL
0090002168,20-09-2025,prd-02,CLI-1047,250,1740007.5,871090.0,CC-202,DIST
0090002169,2025/09/20,PRD-04,CLI-1004,98,620934.86,281894.06,CC-202,DIST
0090002170,21/09/2025, PRD-01,CLI-1011,101,657126.2,331486.04,CC-101,FOB
0090002171,21/09/2025,PRD-04 ,CLI-1044,184,1044676.56,496391.52,CC-203,FOB
0090002172,2025-09-21,PRD-04,CLI-1031,53,298473.21,149060.91,CC-202,DIST
0090002173,2025-09-22,PRD-03,CLI-1035,166,501919.26,264320.14,CC-202,HORECA
0090002174,22/09/2025,PRD-03,CLI-1031,204,648881.16,334164.24,CC-202,DIST
0090002175,22/09/2025,PRD-02,CLI-1010,200,1533890.0,682336.0,CC-202,DIST
0090002176,22-09-2025, PRD-01,CLI-1032,149,1056581.35,489453.08,CC-202,RETAIL
0090002177,22-09-2025,PRD-05,CLI-1031,163,1518490.07,705886.17,CC-203,FOB
0090002178,23-09-2025,prd-02,CLI-1004,107,827017.98,369481.7,CC-202,DIST
0090002179,23-09-2025, PRD-04,CLI-1031,90,505740.6,262543.5, CC-202 ,HORECA
0090002180,2025/09/23,PRD-02 ,CLI-1001,228,1778653.08,821089.56, CC-203 ,FOB
0090002181,23/09/2025,prd-05,CLI-1002,66,576561.48,307851.06, CC-202 ,RETAIL
0090002182,24/09/2025,prd-03,CLI-1011,43,136865.13,66467.68,CC-203,FOB
0090002183,2025/09/24,PRD-03,CLI-1003,59,176313.83,99722.39, CC-202 ,HORECA
0090002184,24-09-2025, PRD-02,CLI-1002,31,217121.52,110560.26,CC-203,FOB
0090002185,25/09/2025,PRD-02 ,CLI-1020,163,1115871.92,532106.98,CC-202,HORECA
0090002186,25-09-2025,prd-01,CLI-1010,185,1222158.1,569407.8, CC-202 ,HORECA
0090002187,2025/09/26,prd-01,CLI-1041,61,408578.0,199598.71,CC-202, DIST 
0090002188,26/09/2025,PRD-03,CLI-1016,137,417397.9,211745.83,CC-101,HORECA
0090002189,26-09-2025,PRD-04 ,CLI-1043,256,1572175.36,749015.04, CC-202 ,DIST
0090002190,2025/09/26,PRD-04,CLI-1026,46,287717.12,128044.22,CC-203,FOB
0090002191,2025/09/26,PRD-03 ,CLI-1012,108,364707.36,171624.96,CC-203,FOB
0090002192,27-09-2025,PRD-05 ,CLI-1048,220,2042997.0,1030268.8,CC-202,RETAIL
0090002193,2025-09-27,prd-05,CLI-1036,39,354877.38,182124.15,CC-202,RETAIL
0090002194,27-09-2025, PRD-01,CLI-1014,171,1190578.95,559971.99,CC-203,FOB
0090002195,28-09-2025,prd-05,CLI-1020,48,457487.04,220147.68,CC-203,FOB
0090002196,2025/09/28,prd-04,CLI-1046,144,810266.4,401698.08,CC-202,HORECA
0090002197,2025/09/28,PRD-03,CLI-1034,97,323545.44,150970.8, CC-202 ,RETAIL
0090002198,2025-09-29,PRD-04 ,CLI-1045,95,545144.2,278012.75, CC-202 ,HORECA
0090002199,29-09-2025, PRD-05,CLI-1036,183,1724835.39,855186.45,CC-203,FOB
0090002200,29-09-2025,PRD-01,CLI-1036,203,1475412.12,667553.32,CC-203,FOB
0090002201,30-09-2025,PRD-01,CLI-1045,37,260954.34,116666.92,CC-202, RETAIL 
0090002202,30-09-2025,PRD-04 ,CLI-1021,142,806173.76,418445.6,CC-202, HORECA 
0090002203,2025-09-30,PRD-02 ,CLI-1014,123,858294.0,419971.2, CC-202 ,RETAIL
0090002204,2025-09-30,PRD-05,CLI-1023,217,2033068.66,1025589.74,CC-202,DIST
0090002205,2025-09-30, PRD-01,CLI-1015,161,1060977.12,501098.01, CC-202 ,DIST
0090002206,2025-10-01,prd-05,CLI-1034,164,1568673.12,776257.92,CC-203,FOB
0090002207,01-10-2025, PRD-04,CLI-1040,24,136716.96,67213.68, CC-203 , FOB 
0090002208,2025-10-01,prd-02,CLI-1031,142,1017101.98,506515.42, CC-202 ,RETAIL
0090002209,2025-10-01,PRD-04,CLI-1023,118,698629.62,325591.5, CC-202 ,HORECA
0090002210,2025-10-01,PRD-02,CLI-1035,51,395721.24,183069.09, CC-202 ,DIST
0090002211,02-10-2025, PRD-03,CLI-1031,220,704484.0,366511.2,CC-202,DIST
0090002212,02/10/2025,prd-01,CLI-1027,41,292723.19,138925.63,CC-101, DIST 
0090002213,02/10/2025,PRD-01 ,CLI-1044,108,740631.6,348366.96, CC-202 ,DIST
0090002214,02-10-2025, PRD-05,CLI-1024,106,907698.14,497498.28,CC-202, HORECA 
0090002215,02/10/2025,PRD-01,CLI-1035,222,1554557.22,744046.32, CC-202 ,DIST
0090002216,02-10-2025,prd-04,CLI-1047,39,238707.3,113704.11,CC-202,RETAIL
0090002217,2025/10/03, PRD-01,CLI-1008,100,695882.0,334706.0,CC-202,HORECA
0090002218,03/10/2025,PRD-05,CLI-1035,48,450353.28,215236.8,CC-202,HORECA
0090002219,04/10/2025,PRD-02 ,CLI-1020,238,1658652.94,823170.6, CC-202 ,DIST
0090002220,04-10-2025, PRD-04,CLI-1019,92,581129.04,258267.92,CC-101,DIST
0090002221,04-10-2025,prd-03,CLI-1013,121,361549.21,200964.06,CC-101,RETAIL
0090002222,2025-10-04,PRD-03,CLI-1047,207,683491.23,328136.4,CC-202,DIST
0090002223,2025-10-04,prd-02,CLI-1008,200,1540046.0,668612.0, CC-203 ,FOB
0090002224,2025/10/04,PRD-01 ,CLI-1026,219,1629962.25,680338.83, CC-202 ,HORECA
0090002225,2025/10/05,prd-02,CLI-1019,96,712769.28,316152.0,CC-202,HORECA
0090002226,2025/10/05,PRD-02,CLI-1031,259,1801065.28,896942.9,CC-202,HORECA
0090002227,2025/10/05,PRD-02 ,CLI-1027,202,1432672.88,703129.68,CC-202,DIST
0090002228,05-10-2025,PRD-03 ,CLI-1006,30,88929.9,48471.0,CC-202,HORECA
0090002229,2025-10-06,PRD-04 ,CLI-1001,135,793446.3,386075.7,CC-203,FOB
0090002230,2025/10/06,PRD-04 ,CLI-1047,118,745970.04,336451.04,CC-202,HORECA
0090002231,06-10-2025,prd-05,CLI-1004,139,1189094.96,657258.72,CC-202,RETAIL
0090002232,2025/10/06, PRD-01,CLI-1012,172,1234003.68,570788.88, CC-202 ,DIST
0090002233,06/10/2025,PRD-01,CLI-1024,190,1409877.9,615886.9,CC-202,RETAIL
0090002234,2025-10-06,PRD-04 ,CLI-1004,227,1283762.18,658897.01,CC-202,RETAIL
0090002235,06/10/2025,PRD-01 ,CLI-1011,94,696470.44,309104.9,CC-202,DIST
0090002236,2025/10/07,PRD-05 ,CLI-1028,201,1847165.88,939777.51,CC-202,RETAIL
0090002237,2025-10-07,PRD-02 ,CLI-1029,254,2003264.98,861687.38,CC-202,HORECA
0090002238,2025/10/07, PRD-02,CLI-1035,230,1592257.8,763705.8, CC-203 ,FOB
0090002239,07-10-2025,PRD-05,CLI-1046,49,446956.93,214024.65,CC-202, DIST 
0090002240,07-10-2025,PRD-04,CLI-1046,177,1139495.91,519024.18, CC-202 ,HORECA
0090002241,08-10-2025,PRD-02 ,CLI-1038,198,1354359.6,687604.5,CC-202,RETAIL
0090002242,2025-10-08, PRD-05,CLI-1022,83,791929.56,393688.09,CC-203,FOB
0090002243,09/10/2025, PRD-05,CLI-1007,229,1996616.65,1007881.67,CC-202,DIST
0090002244,09-10-2025,prd-01,CLI-1033,259,1826822.83,828921.73, CC-203 , FOB 
0090002245,10/10/2025,PRD-05 ,CLI-1017,255,2289384.9,1120266.0, CC-202 ,RETAIL
0090002246,2025/10/10,prd-02,CLI-1001,151,1066896.54,495870.41,CC-202,DIST
0090002247,11-10-2025,prd-02,CLI-1024,197,1532988.99,681653.49,CC-202,HORECA
0090002248,11/10/2025,PRD-04,CLI-1043,230,1349292.7,652369.7, CC-202 ,HORECA
0090002249,11-10-2025,PRD-01 ,CLI-1028,46,324972.98,143496.08,CC-202,HORECA
0090002250,2025-10-11,PRD-04,CLI-1031,176,1008826.72,480550.4,CC-101, HORECA 
0090002251,11/10/2025,prd-01,CLI-1046,23,162993.87,74510.11,CC-202,HORECA
0090002252,11/10/2025,PRD-04 ,CLI-1030,237,1426948.56,670401.9,CC-202,RETAIL
0090002253,11/10/2025,prd-03,CLI-1012,177,547191.96,294285.51,CC-202,RETAIL
0090002254,2025/10/12,PRD-03,CLI-1007,55,182012.05,86918.15,CC-202,HORECA
0090002255,2025/10/12,PRD-01,CLI-1026,20,135791.2,67761.6,CC-202,HORECA
0090002256,12/10/2025,PRD-03 ,CLI-1024,256,800837.12,417927.68,CC-101,FOB
0090002257,2025/10/12, PRD-01,CLI-1037,105,728585.55,336761.25,CC-202,HORECA
0090002258,12-10-2025,PRD-05 ,CLI-1037,49,458270.05,222292.42,CC-203,FOB
0090002259,2025-10-12,PRD-01 ,CLI-1009,31,230315.74,95450.86,CC-202,RETAIL
0090002260,12-10-2025,PRD-02 ,CLI-1043,168,1151461.92,561299.76,CC-202,HORECA
0090002261,2025/10/13,PRD-02 ,CLI-1044,136,994845.44,473681.2,CC-202,HORECA
0090002262,13/10/2025,PRD-01,CLI-1018,201,1324517.64,629646.57, CC-203 ,FOB
0090002263,2025-10-13, PRD-04,CLI-1044,255,1599010.65,750095.25,CC-202,DIST
0090002264,2025-10-13,PRD-02,CLI-1018,206,1452843.84,703281.94,CC-203, FOB 
0090002265,13-10-2025,PRD-03 ,CLI-1022,215,668475.85,357753.55,CC-203,FOB
0090002266,2025-10-13,prd-02,CLI-1025,213,1646918.13,740963.1, CC-202 , RETAIL 
0090002267,13/10/2025,PRD-03,CLI-1031,204,602161.08,321418.32, CC-202 ,DIST
0090002268,2025-10-14, PRD-02,CLI-1049,186,1393791.0,621048.42, CC-203 ,FOB
0090002269,14/10/2025,PRD-05,CLI-1005,28,237525.68,131286.96,CC-202,DIST
0090002270,14-10-2025,PRD-02,CLI-1010,234,1799637.84,786319.56, CC-202 , DIST 
0090002271,14/10/2025,prd-03,CLI-1047,58,180891.56,94890.9,CC-202,RETAIL
0090002272,14-10-2025,PRD-02,CLI-1015,150,1055883.0,499917.0,CC-202,RETAIL
0090002273,14/10/2025,PRD-02 ,CLI-1013,54,372342.96,183559.5,CC-202,RETAIL
0090002274,2025/10/14,prd-02,CLI-1020,112,824539.52,380144.8, CC-202 ,DIST
0090002275,2025-10-15,PRD-04 ,CLI-1023,198,1120662.18,536168.16,CC-202,RETAIL
0090002276,15-10-2025,PRD-05 ,CLI-1014,35,322372.05,165029.2,CC-202,RETAIL
0090002277,15-10-2025,PRD-04,CLI-1007,96,547726.08,282711.36,CC-202,RETAIL
0090002278,15/10/2025,prd-01,CLI-1049,121,883153.59,406666.48,CC-202,RETAIL
0090002279,2025/10/15,prd-04,CLI-1016,248,1489068.88,689566.48,CC-202,DIST
0090002280,2025/10/16,prd-02,CLI-1012,219,1568114.46,720562.56,CC-202,HORECA
0090002281,16-10-2025,PRD-04 ,CLI-1048,108,617473.8,294032.16, CC-202 ,DIST
0090002282,2025/10/16,PRD-02,CLI-1043,97,689235.44,328419.69,CC-202,HORECA
0090002283,2025/10/16,prd-04,CLI-1018,153,950224.86,451917.63,CC-202, HORECA 
0090002284,16-10-2025,PRD-04,CLI-1018,209,1242126.71,594253.88,CC-203,FOB
0090002285,2025/10/16,PRD-03,CLI-1027,78,229862.1,128175.06, CC-202 , HORECA 
0090002286,2025/10/16,PRD-01,CLI-1020,179,1245739.76,573684.26,CC-203,FOB
0090002287,17/10/2025,PRD-04 ,CLI-1048,244,1372417.04,723408.76, CC-203 ,FOB
0090002288,17-10-2025,PRD-01,CLI-1024,86,640455.76,279324.56,CC-202,DIST
0090002289,2025-10-17,PRD-01,CLI-1005,195,1282524.75,629641.35,CC-202,HORECA
0090002290,2025-10-17,PRD-02,CLI-1018,44,303382.2,152854.24,CC-202, DIST 
0090002291,17/10/2025,PRD-02,CLI-1047,85,635350.35,280687.0, CC-202 ,DIST
0090002292,18-10-2025,PRD-01,CLI-1011,258,1781693.82,844403.04,CC-202,HORECA
0090002293,18/10/2025,prd-01,CLI-1046,166,1240411.76,522735.66,CC-202, RETAIL 
0090002294,18/10/2025,PRD-05 ,CLI-1041,33,315608.04,145896.3,CC-202,DIST
0090002295,2025-10-18,PRD-05,CLI-1023,212,1908404.92,1009162.4,CC-101,DIST
0090002296,2025/10/18,prd-02,CLI-1028,203,1563727.27,685658.89,CC-202,RETAIL
0090002297,19/10/2025, PRD-05,CLI-1049,207,1910011.77,971798.76,CC-202, RETAIL 
0090002298,19/10/2025,PRD-03 ,CLI-1035,56,182940.8,87270.4, CC-202 ,DIST
0090002299,2025/10/19,prd-04,CLI-1023,187,1138923.5,523743.99,CC-202, DIST 
0090002300,19-10-2025,PRD-03,CLI-1035,73,216993.96,119519.25, CC-202 ,DIST
0090002301,2025-10-19,PRD-04,CLI-1022,207,1342345.32,557057.7, CC-202 , DIST 
0090002302,20/10/2025,PRD-05 ,CLI-1001,45,434965.5,214478.55, CC-202 ,HORECA
0090002303,2025/10/20,prd-03,CLI-1043,153,475872.84,251391.24, CC-202 ,DIST
0090002304,20-10-2025,PRD-04,CLI-1043,126,752884.02,351311.94,CC-202,HORECA
0090002305,2025-10-20,PRD-01,CLI-1039,165,1162773.15,515405.55,CC-202,RETAIL
0090002306,20-10-2025,prd-01,CLI-1024,170,1152822.7,534457.9,CC-202,RETAIL
0090002307,2025/10/20,PRD-04,CLI-1007,134,849203.56,369742.18,CC-202,DIST
0090002308,2025/10/21,PRD-02 ,CLI-1009,195,1452555.0,653796.0,CC-202, RETAIL 
0090002309,21/10/2025,PRD-05 ,CLI-1040,128,1152711.68,564235.52,CC-203,FOB
0090002310,21-10-2025,PRD-03 ,CLI-1020,131,393744.08,210450.19,CC-202,DIST
0090002311,2025-10-22,PRD-03,CLI-1002,136,404372.88,223997.44,CC-202, HORECA 
0090002312,22-10-2025, PRD-01,CLI-1011,44,298558.92,141018.24, CC-203 ,FOB
0090002313,2025-10-22,prd-05,CLI-1002,57,488883.3,254414.37,CC-203,FOB
0090002314,22/10/2025,PRD-04,CLI-1033,187,1069417.47,532703.16,CC-202,DIST
0090002315,2025/10/22,PRD-02,CLI-1024,171,1175353.11,599679.9,CC-202,HORECA
0090002316,22-10-2025,PRD-02,CLI-1025,256,1821158.4,891471.36,CC-202,RETAIL
0090002317,2025/10/23,PRD-04 ,CLI-1025,196,1248043.72,558519.64, CC-202 ,DIST
0090002318,23-10-2025,PRD-05,CLI-1019,163,1508062.96,763584.91,CC-202,RETAIL
0090002319,2025-10-23, PRD-02,CLI-1001,44,336593.4,157274.92,CC-202,HORECA
0090002320,2025/10/23,PRD-03,CLI-1044,61,184773.27,96319.61,CC-101,FOB
0090002321,2025/10/23, PRD-04,CLI-1045,123,716286.81,341177.4,CC-202, HORECA 
0090002322,23-10-2025,PRD-04,CLI-1041,153,937406.52,414151.11,CC-203, FOB 
0090002323,24/10/2025, PRD-04,CLI-1018,58,362205.36,168452.3,CC-202,RETAIL
0090002324,24/10/2025,PRD-01 ,CLI-1031,207,1340304.3,659775.24,CC-203,FOB
0090002325,24-10-2025,PRD-02,CLI-1045,34,246787.3,120957.72, CC-202 ,DIST
0090002326,24/10/2025,PRD-03,CLI-1015,156,480712.44,246255.36,CC-202,DIST
0090002327,25/10/2025,PRD-01 ,CLI-1020,140,1030944.6,450622.2,CC-203,FOB
0090002328,2025/10/25,PRD-04,CLI-1013,98,606794.44,282057.72,CC-203, FOB 
0090002329,25/10/2025, PRD-02,CLI-1031,23,182084.33,80703.55,CC-202,HORECA
0090002330,25-10-2025,PRD-04,CLI-1046,124,791563.92,335020.72,CC-202,HORECA
0090002331,26/10/2025,PRD-02,CLI-1042,241,1715122.29,804703.82, CC-202 ,DIST
0090002332,2025-10-26, PRD-01,CLI-1037,160,1067782.4,512832.0,CC-202,DIST
0090002333,2025/10/27,PRD-05,CLI-1023,92,871204.12,410381.64,CC-202,DIST
0090002334,2025/10/27,PRD-02,CLI-1023,122,963152.18,424987.0,CC-202,DIST
0090002335,27-10-2025,PRD-04,CLI-1031,176,1033736.0,511619.68, CC-202 , DIST 
0090002336,28-10-2025, PRD-05,CLI-1017,50,487206.5,224855.0,CC-202,DIST
0090002337,28-10-2025, PRD-01,CLI-1039,256,1829155.84,846177.28,CC-202,HORECA
0090002338,29/10/2025, PRD-02,CLI-1035,125,953025.0,423596.25, CC-202 ,HORECA
0090002339,29/10/2025, PRD-02,CLI-1005,101,713374.11,340421.51,CC-203,FOB
0090002340,2025-10-29, PRD-04,CLI-1047,230,1370220.4,618679.3, CC-202 ,RETAIL
0090002341,29/10/2025,prd-05,CLI-1004,81,769566.42,383061.96,CC-202,RETAIL
0090002342,2025-10-29, PRD-02,CLI-1014,34,260146.92,121345.32, CC-202 ,DIST
0090002343,2025/10/30,PRD-02,CLI-1019,230,1810744.0,780176.1,CC-202, HORECA 
0090002344,30-10-2025,PRD-02 ,CLI-1040,68,469705.24,233192.4,CC-202, HORECA 
0090002345,31/10/2025,PRD-02,CLI-1019,91,630539.0,315587.09, CC-202 , DIST 
0090002346,2025-10-31, PRD-05,CLI-1007,61,560212.41,288944.19,CC-202,RETAIL
0090002347,31/10/2025,PRD-04 ,CLI-1006,174,1096165.2,481047.36,CC-202,HORECA
0090002348,31-10-2025,PRD-01,CLI-1025,171,1121667.66,572006.97,CC-202,HORECA
0090002349,01-11-2025,PRD-04,CLI-1034,193,1192058.71,546375.28,CC-202,HORECA
0090002350,2025/11/01,PRD-04,CLI-1014,47,296810.64,137672.4, CC-202 ,RETAIL
0090002351,2025/11/02,PRD-05,CLI-1039,109,933855.32,504363.71,CC-203,FOB
0090002352,2025/11/02, PRD-03,CLI-1048,241,815486.16,403771.4, CC-202 ,HORECA
0090002353,2025-11-02,PRD-03,CLI-1045,243,804135.6,404478.36,CC-202,DIST
0090002354,02/11/2025,prd-02,CLI-1004,148,1107879.16,487196.76,CC-202, HORECA 
0090002355,03/11/2025,PRD-03,CLI-1007,142,460339.86,225089.88,CC-202,RETAIL
0090002356,2025-11-03,PRD-01,CLI-1007,46,342178.36,144516.82,CC-202,RETAIL
0090002357,03/11/2025,PRD-05,CLI-1042,191,1664507.7,895646.75,CC-202,HORECA
0090002358,03-11-2025,PRD-05,CLI-1037,136,1265360.32,612110.16,CC-202,DIST
0090002359,04-11-2025,PRD-02 ,CLI-1005,206,1543487.96,704666.26,CC-202,DIST
0090002360,04-11-2025,PRD-01 ,CLI-1035,67,489512.05,221033.0,CC-202,DIST
0090002361,2025/11/05, PRD-02,CLI-1031,33,249634.77,115532.67,CC-202,HORECA
0090002362,05-11-2025,prd-01,CLI-1023,114,838683.18,376669.68,CC-202,HORECA
0090002363,05-11-2025,PRD-01,CLI-1015,101,694468.93,338919.64,CC-202,DIST
0090002364,2025-11-05,PRD-04,CLI-1036,98,632673.3,282060.66,CC-202,HORECA
0090002365,2025-11-05,prd-02,CLI-1013,27,204951.6,93907.89,CC-202,HORECA
0090002366,2025/11/06,PRD-01,CLI-1032,117,848369.34,374142.6, CC-202 ,RETAIL
0090002367,2025/11/06,PRD-04,CLI-1034,241,1545217.29,662754.82,CC-203,FOB
0090002368,2025-11-07,PRD-01,CLI-1034,98,668785.32,311846.78, CC-202 ,RETAIL
0090002369,2025-11-07,PRD-01,CLI-1031,101,697857.48,338710.57,CC-202, RETAIL 
0090002370,07/11/2025,PRD-02,CLI-1008,211,1558948.18,698631.55, CC-202 ,DIST
0090002371,07/11/2025,PRD-02 ,CLI-1014,110,782096.7,361783.4,CC-202,HORECA
0090002372,2025-11-07,PRD-03,CLI-1021,108,347959.8,173061.36,CC-202, RETAIL 
0090002373,07-11-2025,prd-05,CLI-1016,208,1976636.48,916878.56,CC-202,DIST
0090002374,07-11-2025, PRD-02,CLI-1017,69,520304.85,235045.05, CC-202 ,RETAIL
0090002375,2025/11/08, PRD-03,CLI-1030,149,503296.67,244617.77,CC-202,HORECA
0090002376,2025-11-08,prd-03,CLI-1005,153,472751.64,255708.9,CC-203,FOB
0090002377,2025/11/08,PRD-01,CLI-1037,167,1079100.56,533139.15,CC-203,FOB
0090002378,09-11-2025,PRD-02 ,CLI-1043,216,1678544.64,712765.44,CC-202,RETAIL
0090002379,09-11-2025, PRD-05,CLI-1034,119,1087639.77,529148.97,CC-202,DIST
0090002380,10-11-2025,PRD-05 ,CLI-1007,185,1745173.45,872143.65,CC-203,FOB
0090002381,2025-11-10,PRD-05,CLI-1004,212,1858076.12,983150.0,CC-101,DIST
0090002382,10/11/2025,PRD-03,CLI-1032,23,70325.03,35596.64,CC-203,FOB
0090002383,10-11-2025,prd-03,CLI-1036,180,590256.0,279666.0,CC-202,RETAIL
0090002384,2025/11/10,prd-02,CLI-1023,207,1638173.16,692027.91, CC-202 , DIST 
0090002385,2025-11-10,PRD-04,CLI-1013,133,767814.32,358955.03,CC-203,FOB
0090002386,2025-11-11,PRD-04,CLI-1039,201,1187307.0,565286.37,CC-202, DIST 
0090002387,2025/11/11,PRD-01,CLI-1023,208,1451646.56,696313.28, CC-203 , FOB 
0090002388,2025-11-11, PRD-05,CLI-1004,201,1702114.23,938694.12,CC-203,FOB
0090002389,2025/11/12,PRD-03,CLI-1040,90,285273.0,152451.0,CC-202, DIST 
0090002390,12-11-2025,prd-05,CLI-1046,89,782033.21,406042.92,CC-202,HORECA
0090002391,2025-11-12, PRD-05,CLI-1021,68,652786.4,296739.76,CC-202,RETAIL
0090002392,12-11-2025,PRD-05 ,CLI-1012,237,2113174.95,1024584.18,CC-202,DIST
0090002393,13-11-2025,PRD-02,CLI-1020,198,1380382.74,647501.58,CC-202,HORECA
0090002394,2025-11-13,prd-04,CLI-1049,235,1331451.25,696946.55,CC-202,HORECA
0090002395,13/11/2025,PRD-01,CLI-1019,132,884167.68,408384.24,CC-101,RETAIL
0090002396,14/11/2025,PRD-02,CLI-1030,82,566319.88,273890.66,CC-202, HORECA 
0090002397,14/11/2025,PRD-02,CLI-1029,240,1868635.2,857232.0, CC-202 ,DIST
0090002398,14/11/2025,PRD-01,CLI-1030,188,1317462.64,628070.4,CC-101,HORECA
0090002399,2025/11/14, PRD-01,CLI-1038,131,940983.48,444091.31,CC-202,HORECA
0090002400,14-11-2025,PRD-03 ,CLI-1022,161,524605.62,269045.49,CC-202,RETAIL
0090002401,2025-11-14,PRD-05,CLI-1044,214,1990756.4,936406.22,CC-202, DIST 
0090002402,2025-11-14,prd-03,CLI-1021,245,825130.6,383772.9, CC-202 ,DIST
0090002403,15/11/2025,prd-02,CLI-1027,217,1502527.53,778780.45, CC-202 ,DIST
0090002404,2025-11-15,prd-04,CLI-1040,40,254631.6,109410.8,CC-202,RETAIL
0090002405,15-11-2025,prd-04,CLI-1010,45,272606.85,130654.8,CC-202,DIST
0090002406,2025-11-15,PRD-01,CLI-1023,211,1558739.29,703533.08,CC-202,DIST
0090002407,15/11/2025,PRD-04,CLI-1015,154,890321.74,426205.78,CC-203,FOB
0090002408,15-11-2025, PRD-05,CLI-1014,181,1621464.97,813955.19, CC-202 , RETAIL 
0090002409,2025-11-16,PRD-03 ,CLI-1037,21,63481.32,33298.65,CC-202,RETAIL
0090002410,2025/11/16,PRD-05 ,CLI-1020,159,1513401.75,739788.84,CC-202,HORECA
0090002411,16/11/2025, PRD-04,CLI-1006,148,849943.28,420493.16,CC-202,RETAIL
0090002412,2025-11-16,PRD-01,CLI-1023,230,1574329.3,736995.9,CC-202,HORECA
0090002413,2025/11/17,PRD-02,CLI-1026,224,1763350.4,803765.76,CC-202,RETAIL
0090002414,17-11-2025,PRD-04 ,CLI-1027,116,654604.24,317625.4,CC-202,HORECA
0090002415,17-11-2025,PRD-01,CLI-1033,204,1464736.32,659568.72,CC-202,DIST
0090002416,2025/11/18,PRD-02 ,CLI-1035,138,1015122.48,472866.66,CC-202, RETAIL 
0090002417,2025/11/18,PRD-04,CLI-1033,98,603805.44,280800.38,CC-202,RETAIL
0090002418,18/11/2025, PRD-02,CLI-1032,188,1393756.8,661297.52,CC-202,HORECA
0090002419,18-11-2025,PRD-04 ,CLI-1001,50,316016.0,135366.5,CC-202, DIST 
0090002420,18-11-2025, PRD-03,CLI-1039,80,247269.6,131016.0, CC-202 , DIST 
0090002421,18/11/2025, PRD-01,CLI-1036,29,191732.92,94623.23,CC-203,FOB
0090002422,18/11/2025,PRD-02,CLI-1010,168,1218451.92,555906.96,CC-202,HORECA
0090002423,2025/11/19,prd-02,CLI-1012,210,1585581.9,725736.9,CC-202,RETAIL
0090002424,2025/11/19, PRD-04,CLI-1027,75,459304.5,212647.5,CC-203,FOB
0090002425,19/11/2025,PRD-01,CLI-1002,47,313403.99,151438.23,CC-202,DIST
0090002426,19-11-2025,prd-01,CLI-1015,146,959520.76,489797.88,CC-203,FOB
0090002427,20-11-2025,PRD-03,CLI-1026,234,733999.5,362129.04,CC-202,HORECA
0090002428,2025/11/20,PRD-05,CLI-1048,244,2341089.72,1133716.72,CC-202,HORECA
0090002429,2025-11-21,PRD-05 ,CLI-1040,136,1220109.04,592451.36,CC-202,DIST
0090002430,2025-11-21, PRD-03,CLI-1037,129,397779.24,199996.44,CC-202,HORECA
0090002431,21/11/2025,PRD-04 ,CLI-1024,76,426386.6,214584.48,CC-203,FOB
0090002432,2025/11/21,prd-01,CLI-1048,156,1062313.2,484798.08, CC-203 ,FOB
0090002433,22/11/2025,PRD-05 ,CLI-1018,187,1759505.44,828054.7,CC-203,FOB
0090002434,2025-11-22,PRD-05,CLI-1017,202,1784055.92,879998.86, CC-202 ,HORECA
0090002435,2025-11-22,PRD-05 ,CLI-1045,37,348837.48,164859.42,CC-202,HORECA
0090002436,22-11-2025,PRD-04,CLI-1029,101,584095.12,296664.27,CC-202,HORECA
0090002437,22-11-2025,PRD-05 ,CLI-1047,242,2047349.04,1100107.8,CC-202,HORECA
0090002438,22/11/2025,PRD-04 ,CLI-1027,126,712308.24,349767.18,CC-202,HORECA
0090002439,22-11-2025, PRD-03,CLI-1026,34,103554.14,56971.08, CC-203 ,FOB
0090002440,23/11/2025,PRD-01,CLI-1028,45,310151.25,143166.6,CC-202,HORECA
0090002441,23-11-2025,prd-03,CLI-1002,196,617764.56,316393.0,CC-203,FOB
0090002442,2025/11/23,PRD-01,CLI-1033,244,1802608.56,793993.08,CC-203, FOB 
0090002443,2025/11/23, PRD-04,CLI-1043,95,600727.75,264453.4, CC-202 ,DIST
0090002444,2025/11/23,PRD-05,CLI-1036,68,651964.28,304875.28,CC-203,FOB
0090002445,2025/11/24,prd-03,CLI-1016,137,443166.23,226688.42,CC-202, HORECA 
0090002446,2025/11/24,PRD-01,CLI-1049,171,1252051.74,546929.82, CC-202 ,HORECA
0090002447,2025/11/24, PRD-04,CLI-1008,44,262269.04,126572.6,CC-202,DIST
0090002448,2025-11-24, PRD-04,CLI-1020,176,1058784.32,503602.88,CC-202,HORECA
0090002449,2025-11-24,PRD-01 ,CLI-1026,99,706359.06,311069.88,CC-202, HORECA 
0090002450,2025-11-24,PRD-01 ,CLI-1045,109,770451.24,351753.9,CC-202,RETAIL
0090002451,25-11-2025,PRD-04,CLI-1026,82,467311.44,232615.96, CC-203 ,FOB
0090002452,2025-11-25, PRD-04,CLI-1049,222,1364776.08,646812.54, CC-203 ,FOB
0090002453,2025-11-25,PRD-02,CLI-1014,159,1252772.13,547933.08,CC-202, HORECA 
0090002454,2025-11-25,PRD-02,CLI-1021,235,1780155.55,820312.15, CC-202 ,RETAIL
0090002455,2025-11-25,PRD-05,CLI-1042,175,1579795.0,760235.0,CC-202,DIST
0090002456,26/11/2025,prd-03,CLI-1048,106,324115.14,174065.78,CC-202, DIST 
0090002457,26-11-2025,prd-04,CLI-1046,143,894934.04,418696.85,CC-202,HORECA
0090002458,27/11/2025,PRD-04,CLI-1036,202,1262936.32,586513.06,CC-203,FOB
0090002459,27-11-2025,PRD-04,CLI-1046,97,592922.2,270015.02,CC-202,RETAIL
0090002460,27-11-2025,PRD-04 ,CLI-1018,153,924895.71,418907.88,CC-202,RETAIL
0090002461,2025/11/27,PRD-02,CLI-1040,31,240233.88,107657.11,CC-202,RETAIL
0090002462,28/11/2025,PRD-01,CLI-1037,25,166778.25,83611.25,CC-202,RETAIL
0090002463,28/11/2025,PRD-04,CLI-1015,67,396649.38,192860.17,CC-202,HORECA
0090002464,2025-11-28,PRD-02,CLI-1037,211,1631850.79,741783.16,CC-202,DIST
0090002465,28/11/2025, PRD-01,CLI-1017,28,199024.84,87776.64,CC-202,HORECA
0090002466,2025-11-29,PRD-02,CLI-1038,168,1284840.48,596134.56,CC-202,HORECA
0090002467,29-11-2025, PRD-05,CLI-1014,91,882215.88,423371.13,CC-202,HORECA
0090002468,29/11/2025, PRD-03,CLI-1046,33,107868.09,51706.38,CC-202,DIST
0090002469,2025/11/30,PRD-04,CLI-1003,188,1190444.2,510681.32,CC-202,HORECA
0090002470,2025-11-30,PRD-05,CLI-1039,209,1993536.05,948237.18,CC-202, RETAIL 
0090002471,2025-11-30, PRD-04,CLI-1021,23,132468.73,66379.84,CC-202,DIST
0090002472,01/12/2025,PRD-03,CLI-1002,140,475435.8,231338.8,CC-202,HORECA
0090002473,2025-12-01, PRD-03,CLI-1008,31,102282.33,50550.77,CC-202,RETAIL
0090002474,01/12/2025, PRD-04,CLI-1012,144,892082.88,412207.2,CC-203,FOB
0090002475,01/12/2025,PRD-05,CLI-1036,92,827956.76,409017.28,CC-202,HORECA
0090002476,2025-12-01,prd-04,CLI-1036,29,183414.56,80042.61,CC-202, DIST 
0090002477,01/12/2025, PRD-01,CLI-1048,240,1644782.4,776193.6,CC-202, HORECA 
0090002478,2025-12-01,PRD-05 ,CLI-1044,201,1900694.19,941142.3,CC-202,RETAIL
0090002479,02-12-2025, PRD-02,CLI-1007,241,1891247.5,862225.7,CC-202,DIST
0090002480,02/12/2025,PRD-04,CLI-1044,156,919648.08,451526.4,CC-202,DIST
0090002481,2025/12/02,prd-04,CLI-1006,105,619778.25,309303.75,CC-202,HORECA
0090002482,2025-12-03,PRD-02,CLI-1010,70,534794.4,240023.7, CC-202 ,HORECA
0090002483,2025/12/03,PRD-02 ,CLI-1021,139,1096746.14,478176.68, CC-203 ,FOB
0090002484,2025/12/04,PRD-05,CLI-1018,145,1314549.7,657418.4,CC-202,RETAIL
0090002485,2025/12/04,PRD-05,CLI-1012,203,1919659.35,918690.71,CC-202,DIST
0090002486,05/12/2025,prd-04,CLI-1042,46,268225.54,134312.18, CC-202 ,HORECA
0090002487,2025-12-05,PRD-05,CLI-1023,51,498008.88,231020.31, CC-202 ,DIST
0090002488,05-12-2025,PRD-02,CLI-1023,245,1782250.05,835077.6, CC-203 ,FOB
0090002489,06-12-2025, PRD-03,CLI-1021,50,148300.0,80303.0, CC-202 ,HORECA
0090002490,06/12/2025,prd-02,CLI-1034,21,149591.4,71554.98,CC-203,FOB
0090002491,06/12/2025,PRD-03,CLI-1018,103,324843.46,167727.26,CC-202,HORECA
0090002492,06-12-2025,PRD-02 ,CLI-1030,129,931149.09,448126.65,CC-202,DIST
0090002493,2025-12-06,PRD-01,CLI-1049,191,1278932.18,611459.76,CC-202,DIST
0090002494,2025/12/06, PRD-05,CLI-1033,158,1519094.16,722706.22, CC-202 , DIST 
0090002495,07/12/2025,PRD-05 ,CLI-1018,59,539582.73,277399.12,CC-203,FOB
0090002496,07/12/2025,prd-04,CLI-1016,248,1453699.12,680613.68,CC-202,DIST
0090002497,07/12/2025,PRD-01,CLI-1008,84,550834.2,269314.08,CC-202,DIST
0090002498,07/12/2025,prd-02,CLI-1030,37,289555.34,128446.24, CC-202 ,RETAIL
0090002499,07/12/2025,prd-04,CLI-1026,201,1171030.02,559608.12,CC-101,HORECA
0090002500,07-12-2025,prd-01,CLI-1012,123,864739.2,398116.56,CC-202,HORECA
0090002501,08/12/2025,PRD-02 ,CLI-1037,222,1696726.02,764825.52, CC-202 , HORECA 
0090002502,08/12/2025,PRD-02,CLI-1007,233,1768588.83,761348.47,CC-202,DIST
0090002503,08/12/2025,PRD-04 ,CLI-1023,45,286114.05,125317.8,CC-202,RETAIL
0090002504,09-12-2025,PRD-04,CLI-1013,207,1307163.6,565724.79,CC-202,RETAIL
0090002505,2025/12/09, PRD-01,CLI-1041,24,159738.96,79251.84,CC-202, HORECA 
0090002506,09/12/2025,PRD-03 ,CLI-1007,200,618408.0,334240.0,CC-202,HORECA
0090002507,09/12/2025,PRD-02,CLI-1015,59,429199.04,198553.88,CC-202,DIST
0090002508,09-12-2025,PRD-05 ,CLI-1004,259,2243388.07,1162353.15,CC-202,DIST
0090002509,09/12/2025,PRD-05 ,CLI-1023,30,281516.7,142346.7, CC-202 ,RETAIL
0090002510,09/12/2025,PRD-05,CLI-1049,240,2173468.8,1064073.6,CC-203,FOB
0090002511,2025/12/10,PRD-03,CLI-1016,250,760557.5,389215.0,CC-202,HORECA
0090002512,2025-12-10, PRD-05,CLI-1016,241,2285089.7,1087266.68,CC-202,DIST
0090002513,10/12/2025,PRD-04,CLI-1012,178,1000999.02,480179.92,CC-202,DIST
0090002514,10/12/2025,PRD-01 ,CLI-1028,109,794935.91,365725.52, CC-202 ,RETAIL
0090002515,2025/12/11, PRD-02,CLI-1028,31,225533.37,107872.25,CC-202,RETAIL
0090002516,2025-12-11, PRD-01,CLI-1034,75,493737.0,253847.25, CC-202 ,DIST
0090002517,12-12-2025,prd-03,CLI-1014,122,412691.84,200599.72,CC-202,HORECA
0090002518,2025/12/12,PRD-04 ,CLI-1033,94,604917.26,259925.04,CC-202,HORECA
0090002519,2025/12/12,PRD-05 ,CLI-1010,90,845152.2,419795.1, CC-202 ,RETAIL
0090002520,12-12-2025,prd-03,CLI-1005,190,630053.3,314292.3,CC-203,FOB
0090002521,12-12-2025,prd-05,CLI-1012,240,2153265.6,1067337.6,CC-203,FOB
0090002522,12-12-2025,PRD-03,CLI-1036,23,77558.53,35500.96,CC-202,RETAIL
0090002523,13/12/2025,PRD-04,CLI-1003,234,1389683.88,681529.68,CC-202,HORECA
0090002524,13/12/2025,PRD-02,CLI-1035,28,217814.8,93111.76,CC-202, RETAIL 
0090002525,14-12-2025,PRD-01 ,CLI-1014,82,584386.12,259093.76, CC-202 ,DIST
0090002526,2025-12-14,PRD-01,CLI-1015,23,160057.23,71637.41,CC-202,HORECA
0090002527,2025-12-14,PRD-03,CLI-1005,47,143404.99,72631.45,CC-203,FOB
0090002528,2025/12/14,PRD-02,CLI-1026,117,860213.25,388572.21,CC-202,DIST
0090002529,2025-12-14, PRD-03,CLI-1035,36,112715.64,55626.48,CC-202,HORECA
0090002530,2025-12-14,prd-01,CLI-1049,193,1420871.79,602268.08,CC-202,HORECA
0090002531,14-12-2025,PRD-05 ,CLI-1049,209,1952567.87,942318.3, CC-203 , FOB 
0090002532,15-12-2025,prd-04,CLI-1049,220,1347057.8,607156.0,CC-202,DIST
0090002533,2025/12/15,PRD-05,CLI-1047,235,2028040.6,1099525.05, CC-203 , FOB 
0090002534,15-12-2025,prd-02,CLI-1043,178,1361764.08,599795.92,CC-202,DIST
0090002535,15-12-2025, PRD-03,CLI-1026,117,391181.31,188451.9,CC-203,FOB
0090002536,16/12/2025,PRD-02,CLI-1016,130,989917.5,443925.3,CC-101,RETAIL
0090002537,16-12-2025,PRD-01,CLI-1003,211,1426537.24,680295.65,CC-203, FOB 
0090002538,2025/12/17, PRD-04,CLI-1049,132,749581.8,386711.16,CC-202,HORECA
0090002539,2025/12/17,PRD-03,CLI-1031,95,304058.9,152261.25, CC-203 ,FOB
0090002540,17/12/2025,PRD-03,CLI-1020,63,191511.18,105098.49,CC-202,RETAIL
0090002541,17/12/2025,PRD-04,CLI-1021,226,1431278.34,627192.94,CC-203,FOB
0090002542,2025-12-17, PRD-02,CLI-1019,226,1668551.22,802166.66,CC-202,RETAIL
0090002543,17/12/2025,prd-02,CLI-1036,177,1328255.79,588300.21,CC-202,HORECA
0090002544,17-12-2025,prd-02,CLI-1044,119,905900.59,427794.29, CC-202 ,HORECA
0090002545,2025-12-18,PRD-04,CLI-1002,191,1083283.24,533508.84, CC-202 ,HORECA
0090002546,18-12-2025, PRD-04,CLI-1041,88,493796.16,247797.44,CC-202,HORECA
0090002547,2025/12/19,PRD-02,CLI-1038,250,1950607.5,855130.0,CC-202,DIST
0090002548,2025-12-19,prd-02,CLI-1008,238,1880773.58,780892.28,CC-203,FOB
0090002549,19-12-2025,prd-01,CLI-1021,212,1525312.44,670382.16,CC-202,HORECA
0090002550,19-12-2025,PRD-05,CLI-1005,49,416869.95,212161.67,CC-202,HORECA
0090002551,2025/12/19,prd-02,CLI-1040,77,537859.63,263573.31,CC-203,FOB
0090002552,2025/12/19,PRD-01 ,CLI-1033,185,1281347.0,585502.8,CC-203,FOB
0090002553,20/12/2025, PRD-05,CLI-1043,97,899062.93,443851.63,CC-202, HORECA 
0090002554,2025-12-20,prd-01,CLI-1031,196,1463418.32,617846.88,CC-202,RETAIL
0090002555,20/12/2025, PRD-02,CLI-1027,25,195539.25,88274.0,CC-202,HORECA
0090002556,20/12/2025,PRD-04,CLI-1046,40,257666.0,108161.2,CC-202,HORECA
0090002557,2025-12-20,PRD-01,CLI-1025,234,1523695.68,759830.76,CC-202,RETAIL
0090002558,2025/12/20,prd-02,CLI-1047,175,1246654.5,599298.0,CC-202,RETAIL
0090002559,21-12-2025,PRD-04,CLI-1001,76,444745.92,212905.64, CC-202 ,HORECA
0090002560,2025-12-21,PRD-05,CLI-1041,256,2183265.28,1172567.04,CC-202,HORECA
0090002561,21/12/2025,PRD-01,CLI-1038,59,390438.99,189546.94,CC-203,FOB
0090002562,21-12-2025,PRD-02,CLI-1045,256,1822592.0,863129.6,CC-202, HORECA 
0090002563,21-12-2025,PRD-01,CLI-1023,117,792005.76,395612.1,CC-203, FOB 
0090002564,21/12/2025,PRD-04,CLI-1023,217,1280597.29,617981.28, CC-202 , DIST 
0090002565,2025/12/21,prd-03,CLI-1019,220,648533.6,366456.2, CC-202 ,RETAIL
0090002566,2025-12-22,PRD-01,CLI-1009,210,1487304.0,708447.6,CC-202,HORECA
0090002567,2025/12/22,prd-01,CLI-1036,36,233442.72,116745.12, CC-202 , HORECA 
0090002568,22/12/2025,PRD-03,CLI-1007,38,124864.96,64420.26,CC-202,RETAIL
0090002569,2025-12-22,PRD-02,CLI-1004,100,779322.0,329697.0, CC-203 ,FOB
0090002570,2025/12/22, PRD-01,CLI-1004,249,1641360.69,769529.52,CC-202,DIST
0090002571,22/12/2025, PRD-04,CLI-1024,235,1329456.1,649556.45,CC-202,RETAIL
0090002572,22-12-2025,PRD-03,CLI-1019,33,101718.21,51166.17,CC-202, HORECA 
0090002573,23/12/2025,PRD-03,CLI-1035,229,713907.5,380034.66,CC-202,DIST
0090002574,2025/12/23,prd-05,CLI-1009,42,376669.86,187997.46,CC-202,HORECA
0090002575,23-12-2025,PRD-04 ,CLI-1035,34,191544.44,94589.36,CC-202, HORECA 
0090002576,23-12-2025,PRD-03,CLI-1020,233,772497.52,370488.64,CC-202,HORECA
0090002577,2025-12-23,PRD-04 ,CLI-1010,84,484758.96,243446.28,CC-202,HORECA
0090002578,24/12/2025,PRD-03,CLI-1022,78,236435.16,122080.14,CC-202,RETAIL
0090002579,24-12-2025,PRD-03,CLI-1028,165,550741.95,255542.1,CC-202,DIST
0090002580,24/12/2025,PRD-04,CLI-1018,37,228811.7,108495.47,CC-202,HORECA
0090002581,2025/12/24,PRD-05 ,CLI-1034,191,1729676.9,904694.42,CC-203,FOB
0090002582,25/12/2025,PRD-04 ,CLI-1009,165,944014.5,455647.5, CC-202 , DIST 
0090002583,25/12/2025,prd-01,CLI-1035,220,1475953.6,743897.0,CC-202,RETAIL
0090002584,25/12/2025, PRD-03,CLI-1004,101,309075.15,160760.69,CC-202, HORECA 
0090002585,2025-12-25,PRD-02 ,CLI-1012,186,1466414.7,635147.22, CC-203 , FOB 
0090002586,25/12/2025,PRD-03 ,CLI-1023,213,679391.19,350606.52,CC-202,DIST
0090002587,26-12-2025,PRD-01 ,CLI-1024,144,937827.36,444638.88,CC-202,DIST
0090002588,2025-12-26,prd-02,CLI-1012,236,1704333.0,795631.52,CC-101, DIST 
0090002589,2025/12/26,prd-01,CLI-1038,125,848393.75,391690.0, CC-203 ,FOB
0090002590,2025-12-26, PRD-01,CLI-1010,143,1065979.2,458109.08,CC-202, RETAIL 
0090002591,2025-12-26,prd-05,CLI-1004,226,2084779.94,1076325.0,CC-202, RETAIL 
0090002592,2025-12-27,prd-02,CLI-1039,60,456795.6,208229.4,CC-202,RETAIL
0090002593,27-12-2025, PRD-04,CLI-1045,138,774438.06,389959.02,CC-202, DIST 
0090002594,2025-12-27,PRD-03 ,CLI-1015,77,236728.03,123143.79, CC-202 ,RETAIL
0090002595,27/12/2025,prd-03,CLI-1032,97,322416.36,155469.66,CC-202, HORECA 
0090002596,2025-12-27,PRD-02 ,CLI-1003,214,1680509.9,747765.22, CC-202 ,HORECA
0090002597,2025-12-27,prd-01,CLI-1013,95,660555.9,298530.85, CC-203 ,FOB
0090002598,27/12/2025,PRD-05 ,CLI-1024,139,1338114.08,606081.7, CC-203 ,FOB
0090002599,28/12/2025, PRD-02,CLI-1010,71,502014.73,241669.09,CC-202,DIST
0090002600,28/12/2025,prd-01,CLI-1024,156,1042360.8,497537.04,CC-203,FOB
0090002601,29-12-2025,PRD-05,CLI-1004,23,221227.11,103689.98,CC-202,HORECA
0090002602,2025/12/29,prd-04,CLI-1031,120,679825.2,333207.6,CC-202,DIST
0090002603,29-12-2025, PRD-05,CLI-1004,75,684780.75,350248.5, CC-202 ,RETAIL
0090002604,2025/12/29,PRD-04,CLI-1017,65,412925.5,181266.15,CC-202,DIST
0090002605,29-12-2025,PRD-04,CLI-1041,183,1076380.38,495024.15,CC-202, DIST 
0090002606,2025/12/29,prd-01,CLI-1028,21,135870.42,67261.74, CC-202 ,HORECA
0090002607,2025/12/29,prd-01,CLI-1043,190,1395276.4,610686.6,CC-203,FOB
0090002608,2025-12-30,PRD-03,CLI-1005,246,817822.08,416583.78,CC-202,RETAIL
0090002609,30-12-2025,PRD-01,CLI-1045,103,754869.49,318148.46,CC-202,RETAIL
0090002610,2025-12-30,PRD-03 ,CLI-1040,31,98956.34,49887.37,CC-202,DIST
0090002611,2025/12/30,PRD-02,CLI-1003,137,1021161.01,459962.43,CC-202,RETAIL
0090002612,31/12/2025,PRD-05,CLI-1010,237,2187126.06,1118651.85, CC-202 ,RETAIL
0090002613,31-12-2025, PRD-04,CLI-1031,125,779662.5,351562.5,CC-202,HORECA
0090002614,2025/12/31, PRD-03,CLI-1006,94,296467.54,148842.42, CC-203 ,FOB
0090002615,2025-12-31,prd-01,CLI-1034,60,395226.6,196847.4,CC-203,FOB
0090002616,2025/12/31, PRD-03,CLI-1039,197,621036.59,320054.08,CC-202, DIST 
0090002617,2025/12/31, PRD-03,CLI-1023,164,517684.04,256195.88,CC-202,HORECA
009999901,2025-06-15,PRD-999,CLI-9999,50,250000.0,120000.0,CC-202,RETAIL
009999902,15/07/2025,PRD-01,CLI-1020,40,280000.0,130000.0,CC-888,HORECA
009999903, 2025-08-20 ,prd-03,CLI-1011,100,310000.0,160000.0,CC-202,DIST
