DateKey,AnioMes,ProductoID,CentroCostoID,VolumenPresupuestado,PrecioPresupuestadoUnit,CostoEstandarUnit,IngresosPresupuestados,CostoPresupuestado,MargenBrutoPresupuestado
20210101,2021-01,PRD-01,CC-202,7946,4764.08,2337.34,37855379.68,18572503.64,19282876.04
20210101,2021-01,PRD-02,CC-202,1518,6170.27,3650.89,9366469.86,5542051.02,3824418.84
20210101,2021-01,PRD-03,CC-202,84,9946.76,6022.14,835527.84,505859.76,329668.08
20210101,2021-01,PRD-04,CC-202,5917,9592.8,4695.48,56760597.6,27783155.16,28977442.44
20210101,2021-01,PRD-05,CC-202,788,12494.88,7432.02,9845965.44,5856431.76,3989533.68
20210101,2021-01,PRD-06,CC-202,6393,5085.91,2533.25,32514222.63,16195067.25,16319155.38
20210101,2021-01,PRD-07,CC-202,2142,7463.43,3953.9,15986667.06,8469253.8,7517413.26
20210101,2021-01,PRD-08,CC-202,509,11074.99,6408.96,5637169.91,3262160.64,2375009.27
20210101,2021-01,PRD-09,CC-202,3886,4782.11,2419.2,18583279.46,9401011.2,9182268.26
20210101,2021-01,PRD-10,CC-202,1052,6572.11,3744.34,6913859.72,3939045.68,2974814.04
20210101,2021-01,PRD-11,CC-202,95,9383.0,6201.91,891385.0,589181.45,302203.55
20210101,2021-01,PRD-12,CC-202,7117,3867.91,1903.8,27527915.47,13549344.6,13978570.87
20210101,2021-01,PRD-13,CC-202,559,5646.41,3001.4,3156343.19,1677782.6,1478560.59
20210101,2021-01,PRD-14,CC-202,5952,4727.84,2339.81,28140103.68,13926549.12,14213554.56
20210101,2021-01,PRD-15,CC-202,1233,6554.57,3674.62,8081784.81,4530806.46,3550978.35
20210101,2021-01,PRD-16,CC-202,8109,4518.73,2293.97,36642381.57,18601802.73,18040578.84
20210101,2021-01,PRD-17,CC-202,1157,6089.35,3537.13,7045377.95,4092459.41,2952918.54
20210101,2021-01,PRD-18,CC-202,3226,6013.45,2958.57,19399389.7,9544346.82,9855042.88
20210101,2021-01,PRD-19,CC-202,1683,8367.26,4559.46,14082098.58,7673571.18,6408527.4
20210101,2021-01,PRD-20,CC-202,175,12011.12,7668.97,2101946.0,1342069.75,759876.25
20210101,2021-01,PRD-21,CC-202,6939,4221.66,2155.99,29294098.74,14960414.61,14333684.13
20210101,2021-01,PRD-22,CC-202,1291,6068.52,3370.46,7834459.32,4351263.86,3483195.46
20210101,2021-01,PRD-23,CC-202,9141,4003.26,2038.56,36593799.66,18634476.96,17959322.7
20210101,2021-01,PRD-24,CC-202,2399,5655.98,3169.01,13568696.02,7602454.99,5966241.03
20210101,2021-01,PRD-25,CC-202,10546,3693.96,1857.11,38956502.16,19585082.06,19371420.1
20210101,2021-01,PRD-26,CC-202,1117,4675.54,2828.84,5222578.18,3159814.28,2062763.9
20210101,2021-01,PRD-27,CC-202,1172,5793.16,2879.39,6789583.52,3374645.08,3414938.44
20210101,2021-01,PRD-28,CC-202,2628,7986.8,4407.93,20989310.4,11584040.04,9405270.36
20210101,2021-01,PRD-29,CC-202,7384,4081.97,2095.73,30141266.48,15474870.32,14666396.16
20210101,2021-01,PRD-30,CC-202,397,6284.79,3271.01,2495061.63,1298590.97,1196470.66
20210101,2021-01,PRD-31,CC-202,2197,7865.15,3769.96,17279734.55,8282602.12,8997132.43
20210101,2021-01,PRD-32,CC-202,488,9084.3,3882.51,4433138.4,1894664.88,2538473.52
20210101,2021-01,PRD-33,CC-202,347,8234.37,3800.97,2857326.39,1318936.59,1538389.8
20210101,2021-01,PRD-34,CC-202,5940,13434.58,6112.84,79801405.2,36310269.6,43491135.6
20210101,2021-01,PRD-35,CC-202,4080,13805.28,6129.61,56325542.4,25008808.8,31316733.6
20210101,2021-01,PRD-36,CC-202,10064,11909.33,5457.48,119855497.12,54924078.72,64931418.4
20210101,2021-01,PRD-01,CC-203,232,4767.95,2337.34,1106164.4,542262.88,563901.52
20210101,2021-01,PRD-02,CC-203,966,6215.67,3650.89,6004337.22,3526759.74,2477577.48
20210101,2021-01,PRD-03,CC-203,0,10074.67,6022.14,0.0,0.0,0.0
20210101,2021-01,PRD-04,CC-203,374,9551.29,4695.48,3572182.46,1756109.52,1816072.94
20210101,2021-01,PRD-05,CC-203,680,12598.7,7432.02,8567116.0,5053773.6,3513342.4
20210101,2021-01,PRD-06,CC-203,737,5015.64,2533.25,3696526.68,1867005.25,1829521.43
20210101,2021-01,PRD-07,CC-203,165,7547.65,3953.9,1245362.25,652393.5,592968.75
20210101,2021-01,PRD-08,CC-203,186,11153.57,6408.96,2074564.02,1192066.56,882497.46
20210101,2021-01,PRD-09,CC-203,212,4838.05,2419.2,1025666.6,512870.4,512796.2
20210101,2021-01,PRD-10,CC-203,228,6537.21,3744.34,1490483.88,853709.52,636774.36
20210101,2021-01,PRD-11,CC-203,453,9473.93,6201.91,4291690.29,2809465.23,1482225.06
20210101,2021-01,PRD-12,CC-203,0,3839.71,1903.8,0.0,0.0,0.0
20210101,2021-01,PRD-13,CC-203,522,5657.5,3001.4,2953215.0,1566730.8,1386484.2
20210101,2021-01,PRD-14,CC-203,502,4673.21,2339.81,2345951.42,1174584.62,1171366.8
20210101,2021-01,PRD-15,CC-203,439,6566.9,3674.62,2882869.1,1613158.18,1269710.92
20210101,2021-01,PRD-16,CC-203,690,4536.39,2293.97,3130109.1,1582839.3,1547269.8
20210101,2021-01,PRD-17,CC-203,679,6121.74,3537.13,4156661.46,2401711.27,1754950.19
20210101,2021-01,PRD-18,CC-203,248,5963.69,2958.57,1478995.12,733725.36,745269.76
20210101,2021-01,PRD-19,CC-203,252,8444.96,4559.46,2128129.92,1148983.92,979146.0
20210101,2021-01,PRD-20,CC-203,164,11837.27,7668.97,1941312.28,1257711.08,683601.2
20210101,2021-01,PRD-21,CC-203,416,4260.27,2155.99,1772272.32,896891.84,875380.48
20210101,2021-01,PRD-22,CC-203,510,6005.13,3370.46,3062616.3,1718934.6,1343681.7
20210101,2021-01,PRD-23,CC-203,979,4031.88,2038.56,3947210.52,1995750.24,1951460.28
20210101,2021-01,PRD-24,CC-203,1911,5672.41,3169.01,10839975.51,6055978.11,4783997.4
20210101,2021-01,PRD-25,CC-203,866,3717.29,1857.11,3219173.14,1608257.26,1610915.88
20210101,2021-01,PRD-26,CC-203,519,4626.92,2828.84,2401371.48,1468167.96,933203.52
20210101,2021-01,PRD-27,CC-203,0,5727.44,2879.39,0.0,0.0,0.0
20210101,2021-01,PRD-28,CC-203,684,7942.75,4407.93,5432841.0,3015024.12,2417816.88
20210101,2021-01,PRD-29,CC-203,1314,4062.65,2095.73,5338322.1,2753789.22,2584532.88
20210101,2021-01,PRD-30,CC-203,353,6306.02,3271.01,2226025.06,1154666.53,1071358.53
20210101,2021-01,PRD-31,CC-203,1022,7845.21,3769.96,8017804.62,3852899.12,4164905.5
20210101,2021-01,PRD-32,CC-203,0,9029.23,3882.51,0.0,0.0,0.0
20210101,2021-01,PRD-33,CC-203,490,8209.25,3800.97,4022532.5,1862475.3,2160057.2
20210101,2021-01,PRD-34,CC-203,224,13424.05,6112.84,3006987.2,1369276.16,1637711.04
20210101,2021-01,PRD-35,CC-203,224,13646.04,6129.61,3056712.96,1373032.64,1683680.32
20210101,2021-01,PRD-36,CC-203,683,11969.62,5457.48,8175250.46,3727458.84,4447791.62
20210201,2021-02,PRD-01,CC-202,5632,4788.14,2337.34,26966804.48,13163898.88,13802905.6
20210201,2021-02,PRD-02,CC-202,2210,6220.07,3650.89,13746354.7,8068466.9,5677887.8
20210201,2021-02,PRD-03,CC-202,350,10005.96,6022.14,3502086.0,2107749.0,1394337.0
20210201,2021-02,PRD-04,CC-202,5604,9588.43,4695.48,53733561.72,26313469.92,27420091.8
20210201,2021-02,PRD-05,CC-202,877,12457.69,7432.02,10925394.13,6517881.54,4407512.59
20210201,2021-02,PRD-06,CC-202,6215,4999.31,2533.25,31070711.65,15744148.75,15326562.9
20210201,2021-02,PRD-07,CC-202,1361,7455.43,3953.9,10146840.23,5381257.9,4765582.33
20210201,2021-02,PRD-08,CC-202,173,11135.99,6408.96,1926526.27,1108750.08,817776.19
20210201,2021-02,PRD-09,CC-202,4922,4801.64,2419.2,23633672.08,11907302.4,11726369.68
20210201,2021-02,PRD-10,CC-202,1147,6500.21,3744.34,7455740.87,4294757.98,3160982.89
20210201,2021-02,PRD-11,CC-202,186,9564.92,6201.91,1779075.12,1153555.26,625519.86
20210201,2021-02,PRD-12,CC-202,5810,3845.75,1903.8,22343807.5,11061078.0,11282729.5
20210201,2021-02,PRD-13,CC-202,629,5635.53,3001.4,3544748.37,1887880.6,1656867.77
20210201,2021-02,PRD-14,CC-202,4557,4694.89,2339.81,21394613.73,10662514.17,10732099.56
20210201,2021-02,PRD-15,CC-202,1415,6554.09,3674.62,9274037.35,5199587.3,4074450.05
20210201,2021-02,PRD-16,CC-202,7853,4488.18,2293.97,35245677.54,18014546.41,17231131.13
20210201,2021-02,PRD-17,CC-202,536,6050.46,3537.13,3243046.56,1895901.68,1347144.88
20210201,2021-02,PRD-18,CC-202,3707,6033.78,2958.57,22367222.46,10967418.99,11399803.47
20210201,2021-02,PRD-19,CC-202,1934,8360.14,4559.46,16168510.76,8817995.64,7350515.12
20210201,2021-02,PRD-20,CC-202,175,11924.11,7668.97,2086719.25,1342069.75,744649.5
20210201,2021-02,PRD-21,CC-202,5784,4253.89,2155.99,24604499.76,12470246.16,12134253.6
20210201,2021-02,PRD-22,CC-202,923,6161.75,3370.46,5687295.25,3110934.58,2576360.67
20210201,2021-02,PRD-23,CC-202,8188,4047.34,2038.56,33139619.92,16691729.28,16447890.64
20210201,2021-02,PRD-24,CC-202,2076,5688.22,3169.01,11808744.72,6578864.76,5229879.96
20210201,2021-02,PRD-25,CC-202,12692,3710.31,1857.11,47091254.52,23570440.12,23520814.4
20210201,2021-02,PRD-26,CC-202,591,4696.77,2828.84,2775791.07,1671844.44,1103946.63
20210201,2021-02,PRD-27,CC-202,2039,5661.66,2879.39,11544124.74,5871076.21,5673048.53
20210201,2021-02,PRD-28,CC-202,2163,8003.75,4407.93,17312111.25,9534352.59,7777758.66
20210201,2021-02,PRD-29,CC-202,7576,4064.53,2095.73,30792879.28,15877250.48,14915628.8
20210201,2021-02,PRD-30,CC-202,1968,6366.91,3271.01,12530078.88,6437347.68,6092731.2
20210201,2021-02,PRD-31,CC-202,1026,7885.37,3769.96,8090389.62,3867978.96,4222410.66
20210201,2021-02,PRD-32,CC-202,784,9102.8,3882.51,7136595.2,3043887.84,4092707.36
20210201,2021-02,PRD-33,CC-202,414,8261.09,3800.97,3420091.26,1573601.58,1846489.68
20210201,2021-02,PRD-34,CC-202,4570,13330.53,6112.84,60920522.1,27935678.8,32984843.3
20210201,2021-02,PRD-35,CC-202,5132,13621.67,6129.61,69906410.44,31457158.52,38449251.92
20210201,2021-02,PRD-36,CC-202,8782,11992.35,5457.48,105316817.7,47927589.36,57389228.34
20210201,2021-02,PRD-01,CC-203,188,4722.16,2337.34,887766.08,439419.92,448346.16
20210201,2021-02,PRD-02,CC-203,1109,6136.08,3650.89,6804912.72,4048837.01,2756075.71
20210201,2021-02,PRD-03,CC-203,823,10084.16,6022.14,8299263.68,4956221.22,3343042.46
20210201,2021-02,PRD-04,CC-203,734,9480.98,4695.48,6959039.32,3446482.32,3512557.0
20210201,2021-02,PRD-05,CC-203,508,12479.47,7432.02,6339570.76,3775466.16,2564104.6
20210201,2021-02,PRD-06,CC-203,465,4942.81,2533.25,2298406.65,1177961.25,1120445.4
20210201,2021-02,PRD-07,CC-203,25,7555.66,3953.9,188891.5,98847.5,90044.0
20210201,2021-02,PRD-08,CC-203,252,11000.73,6408.96,2772183.96,1615057.92,1157126.04
20210201,2021-02,PRD-09,CC-203,374,4832.95,2419.2,1807523.3,904780.8,902742.5
20210201,2021-02,PRD-10,CC-203,1176,6516.64,3744.34,7663568.64,4403343.84,3260224.8
20210201,2021-02,PRD-11,CC-203,224,9405.6,6201.91,2106854.4,1389227.84,717626.56
20210201,2021-02,PRD-12,CC-203,513,3812.59,1903.8,1955858.67,976649.4,979209.27
20210201,2021-02,PRD-13,CC-203,384,5625.14,3001.4,2160053.76,1152537.6,1007516.16
20210201,2021-02,PRD-14,CC-203,223,4684.84,2339.81,1044719.32,521777.63,522941.69
20210201,2021-02,PRD-15,CC-203,418,6612.07,3674.62,2763845.26,1535991.16,1227854.1
20210201,2021-02,PRD-16,CC-203,527,4566.85,2293.97,2406729.95,1208922.19,1197807.76
20210201,2021-02,PRD-17,CC-203,552,6093.55,3537.13,3363639.6,1952495.76,1411143.84
20210201,2021-02,PRD-18,CC-203,190,5995.08,2958.57,1139065.2,562128.3,576936.9
20210201,2021-02,PRD-19,CC-203,682,8354.2,4559.46,5697564.4,3109551.72,2588012.68
20210201,2021-02,PRD-20,CC-203,0,11938.27,7668.97,0.0,0.0,0.0
20210201,2021-02,PRD-21,CC-203,1110,4253.3,2155.99,4721163.0,2393148.9,2328014.1
20210201,2021-02,PRD-22,CC-203,435,6111.35,3370.46,2658437.25,1466150.1,1192287.15
20210201,2021-02,PRD-23,CC-203,1216,4063.8,2038.56,4941580.8,2478888.96,2462691.84
20210201,2021-02,PRD-24,CC-203,328,5611.35,3169.01,1840522.8,1039435.28,801087.52
20210201,2021-02,PRD-25,CC-203,779,3684.89,1857.11,2870529.31,1446688.69,1423840.62
20210201,2021-02,PRD-26,CC-203,783,4701.12,2828.84,3680976.96,2214981.72,1465995.24
20210201,2021-02,PRD-27,CC-203,246,5729.04,2879.39,1409343.84,708329.94,701013.9
20210201,2021-02,PRD-28,CC-203,378,8024.42,4407.93,3033230.76,1666197.54,1367033.22
20210201,2021-02,PRD-29,CC-203,1077,4055.36,2095.73,4367622.72,2257101.21,2110521.51
20210201,2021-02,PRD-30,CC-203,114,6308.04,3271.01,719116.56,372895.14,346221.42
20210201,2021-02,PRD-31,CC-203,575,7878.37,3769.96,4530062.75,2167727.0,2362335.75
20210201,2021-02,PRD-32,CC-203,52,9082.37,3882.51,472283.24,201890.52,270392.72
20210201,2021-02,PRD-33,CC-203,359,8155.86,3800.97,2927953.74,1364548.23,1563405.51
20210201,2021-02,PRD-34,CC-203,32,13255.12,6112.84,424163.84,195610.88,228552.96
20210201,2021-02,PRD-35,CC-203,146,13683.93,6129.61,1997853.78,894923.06,1102930.72
20210201,2021-02,PRD-36,CC-203,174,12026.72,5457.48,2092649.28,949601.52,1143047.76
20210301,2021-03,PRD-01,CC-202,9138,4709.64,2337.34,43036690.32,21358612.92,21678077.4
20210301,2021-03,PRD-02,CC-202,1876,6175.75,3650.89,11585707.0,6849069.64,4736637.36
20210301,2021-03,PRD-03,CC-202,722,10064.18,6022.14,7266337.96,4347985.08,2918352.88
20210301,2021-03,PRD-04,CC-202,6684,9494.64,4695.48,63462173.76,31384588.32,32077585.44
20210301,2021-03,PRD-05,CC-202,1216,12542.3,7432.02,15251436.8,9037336.32,6214100.48
20210301,2021-03,PRD-06,CC-202,8441,5019.63,2533.25,42370696.83,21383163.25,20987533.58
20210301,2021-03,PRD-07,CC-202,1738,7551.15,3953.9,13123898.7,6871878.2,6252020.5
20210301,2021-03,PRD-08,CC-202,149,11062.87,6408.96,1648367.63,954935.04,693432.59
20210301,2021-03,PRD-09,CC-202,4676,4796.98,2419.2,22430678.48,11312179.2,11118499.28
20210301,2021-03,PRD-10,CC-202,483,6555.74,3744.34,3166422.42,1808516.22,1357906.2
20210301,2021-03,PRD-11,CC-202,356,9446.57,6201.91,3362978.92,2207879.96,1155098.96
20210301,2021-03,PRD-12,CC-202,5016,3843.01,1903.8,19276538.16,9549460.8,9727077.36
20210301,2021-03,PRD-13,CC-202,1106,5618.19,3001.4,6213718.14,3319548.4,2894169.74
20210301,2021-03,PRD-14,CC-202,6033,4724.76,2339.81,28504477.08,14116073.73,14388403.35
20210301,2021-03,PRD-15,CC-202,3092,6632.01,3674.62,20506174.92,11361925.04,9144249.88
20210301,2021-03,PRD-16,CC-202,6304,4581.55,2293.97,28882091.2,14461186.88,14420904.32
20210301,2021-03,PRD-17,CC-202,1469,6140.55,3537.13,9020467.95,5196043.97,3824423.98
20210301,2021-03,PRD-18,CC-202,3012,5942.93,2958.57,17900105.16,8911212.84,8988892.32
20210301,2021-03,PRD-19,CC-202,1547,8323.73,4559.46,12876810.31,7053484.62,5823325.69
20210301,2021-03,PRD-20,CC-202,589,11843.89,7668.97,6976051.21,4517023.33,2459027.88
20210301,2021-03,PRD-21,CC-202,6764,4238.9,2155.99,28671919.6,14583116.36,14088803.24
20210301,2021-03,PRD-22,CC-202,1097,6123.35,3370.46,6717314.95,3697394.62,3019920.33
20210301,2021-03,PRD-23,CC-202,9724,4037.28,2038.56,39258510.72,19822957.44,19435553.28
20210301,2021-03,PRD-24,CC-202,3291,5601.19,3169.01,18433516.29,10429211.91,8004304.38
20210301,2021-03,PRD-25,CC-202,18017,3712.59,1857.11,66889734.03,33459550.87,33430183.16
20210301,2021-03,PRD-26,CC-202,2381,4622.9,2828.84,11007124.9,6735468.04,4271656.86
20210301,2021-03,PRD-27,CC-202,2036,5691.89,2879.39,11588688.04,5862438.04,5726250.0
20210301,2021-03,PRD-28,CC-202,1796,8076.71,4407.93,14505771.16,7916642.28,6589128.88
20210301,2021-03,PRD-29,CC-202,8164,4075.01,2095.73,33268381.64,17109539.72,16158841.92
20210301,2021-03,PRD-30,CC-202,1574,6258.07,3271.01,9850202.18,5148569.74,4701632.44
20210301,2021-03,PRD-31,CC-202,2188,7873.43,3769.96,17227064.84,8248672.48,8978392.36
20210301,2021-03,PRD-32,CC-202,425,9010.77,3882.51,3829577.25,1650066.75,2179510.5
20210301,2021-03,PRD-33,CC-202,702,8257.61,3800.97,5796842.22,2668280.94,3128561.28
20210301,2021-03,PRD-34,CC-202,6031,13335.22,6112.84,80424711.82,36866538.04,43558173.78
20210301,2021-03,PRD-35,CC-202,4507,13632.94,6129.61,61443660.58,27626152.27,33817508.31
20210301,2021-03,PRD-36,CC-202,11750,11933.61,5457.48,140219917.5,64125390.0,76094527.5
20210301,2021-03,PRD-01,CC-203,318,4785.13,2337.34,1521671.34,743274.12,778397.22
20210301,2021-03,PRD-02,CC-203,1136,6191.88,3650.89,7033975.68,4147411.04,2886564.64
20210301,2021-03,PRD-03,CC-203,942,9961.36,6022.14,9383601.12,5672855.88,3710745.24
20210301,2021-03,PRD-04,CC-203,156,9557.54,4695.48,1490976.24,732494.88,758481.36
20210301,2021-03,PRD-05,CC-203,22,12443.43,7432.02,273755.46,163504.44,110251.02
20210301,2021-03,PRD-06,CC-203,0,4991.94,2533.25,0.0,0.0,0.0
20210301,2021-03,PRD-07,CC-203,269,7566.66,3953.9,2035431.54,1063599.1,971832.44
20210301,2021-03,PRD-08,CC-203,712,11057.99,6408.96,7873288.88,4563179.52,3310109.36
20210301,2021-03,PRD-09,CC-203,660,4732.48,2419.2,3123436.8,1596672.0,1526764.8
20210301,2021-03,PRD-10,CC-203,574,6500.33,3744.34,3731189.42,2149251.16,1581938.26
20210301,2021-03,PRD-11,CC-203,397,9502.34,6201.91,3772428.98,2462158.27,1310270.71
20210301,2021-03,PRD-12,CC-203,1157,3876.43,1903.8,4485029.51,2202696.6,2282332.91
20210301,2021-03,PRD-13,CC-203,477,5603.03,3001.4,2672645.31,1431667.8,1240977.51
20210301,2021-03,PRD-14,CC-203,211,4752.8,2339.81,1002840.8,493699.91,509140.89
20210301,2021-03,PRD-15,CC-203,749,6650.21,3674.62,4981007.29,2752290.38,2228716.91
20210301,2021-03,PRD-16,CC-203,59,4540.96,2293.97,267916.64,135344.23,132572.41
20210301,2021-03,PRD-17,CC-203,430,6058.18,3537.13,2605017.4,1520965.9,1084051.5
20210301,2021-03,PRD-18,CC-203,323,5997.13,2958.57,1937072.99,955618.11,981454.88
20210301,2021-03,PRD-19,CC-203,1369,8418.3,4559.46,11524652.7,6241900.74,5282751.96
20210301,2021-03,PRD-20,CC-203,170,11938.02,7668.97,2029463.4,1303724.9,725738.5
20210301,2021-03,PRD-21,CC-203,482,4260.68,2155.99,2053647.76,1039187.18,1014460.58
20210301,2021-03,PRD-22,CC-203,506,6116.2,3370.46,3094797.2,1705452.76,1389344.44
20210301,2021-03,PRD-23,CC-203,570,4016.8,2038.56,2289576.0,1161979.2,1127596.8
20210301,2021-03,PRD-24,CC-203,683,5677.57,3169.01,3877780.31,2164433.83,1713346.48
20210301,2021-03,PRD-25,CC-203,962,3720.15,1857.11,3578784.3,1786539.82,1792244.48
20210301,2021-03,PRD-26,CC-203,1138,4714.14,2828.84,5364691.32,3219219.92,2145471.4
20210301,2021-03,PRD-27,CC-203,0,5709.47,2879.39,0.0,0.0,0.0
20210301,2021-03,PRD-28,CC-203,278,7993.61,4407.93,2222223.58,1225404.54,996819.04
20210301,2021-03,PRD-29,CC-203,1009,4026.7,2095.73,4062940.3,2114591.57,1948348.73
20210301,2021-03,PRD-30,CC-203,807,6374.85,3271.01,5144503.95,2639705.07,2504798.88
20210301,2021-03,PRD-31,CC-203,454,7842.82,3769.96,3560640.28,1711561.84,1849078.44
20210301,2021-03,PRD-32,CC-203,39,9052.3,3882.51,353039.7,151417.89,201621.81
20210301,2021-03,PRD-33,CC-203,145,8168.93,3800.97,1184494.85,551140.65,633354.2
20210301,2021-03,PRD-34,CC-203,310,13388.09,6112.84,4150307.9,1894980.4,2255327.5
20210301,2021-03,PRD-35,CC-203,179,13644.45,6129.61,2442356.55,1097200.19,1345156.36
20210301,2021-03,PRD-36,CC-203,662,11988.72,5457.48,7936532.64,3612851.76,4323680.88
20210401,2021-04,PRD-01,CC-202,5746,4732.79,2337.34,27194611.34,13430355.64,13764255.7
20210401,2021-04,PRD-02,CC-202,2353,6143.39,3650.89,14455396.67,8590544.17,5864852.5
20210401,2021-04,PRD-03,CC-202,505,10050.61,6022.14,5075558.05,3041180.7,2034377.35
20210401,2021-04,PRD-04,CC-202,5360,9577.12,4695.48,51333363.2,25167772.8,26165590.4
20210401,2021-04,PRD-05,CC-202,590,12559.26,7432.02,7409963.4,4384891.8,3025071.6
20210401,2021-04,PRD-06,CC-202,6759,5033.87,2533.25,34023927.33,17122236.75,16901690.58
20210401,2021-04,PRD-07,CC-202,792,7571.62,3953.9,5996723.04,3131488.8,2865234.24
20210401,2021-04,PRD-08,CC-202,0,11137.9,6408.96,0.0,0.0,0.0
20210401,2021-04,PRD-09,CC-202,4148,4822.79,2419.2,20004932.92,10034841.6,9970091.32
20210401,2021-04,PRD-10,CC-202,983,6557.56,3744.34,6446081.48,3680686.22,2765395.26
20210401,2021-04,PRD-11,CC-202,238,9459.55,6201.91,2251372.9,1476054.58,775318.32
20210401,2021-04,PRD-12,CC-202,7832,3855.67,1903.8,30197607.44,14910561.6,15287045.84
20210401,2021-04,PRD-13,CC-202,1874,5632.21,3001.4,10554761.54,5624623.6,4930137.94
20210401,2021-04,PRD-14,CC-202,6425,4683.55,2339.81,30091808.75,15033279.25,15058529.5
20210401,2021-04,PRD-15,CC-202,1578,6674.48,3674.62,10532329.44,5798550.36,4733779.08
20210401,2021-04,PRD-16,CC-202,8183,4478.7,2293.97,36649202.1,18771556.51,17877645.59
20210401,2021-04,PRD-17,CC-202,1477,6128.75,3537.13,9052163.75,5224341.01,3827822.74
20210401,2021-04,PRD-18,CC-202,4089,5973.39,2958.57,24425191.71,12097592.73,12327598.98
20210401,2021-04,PRD-19,CC-202,1729,8307.97,4559.46,14364480.13,7883306.34,6481173.79
20210401,2021-04,PRD-20,CC-202,0,11915.16,7668.97,0.0,0.0,0.0
20210401,2021-04,PRD-21,CC-202,7251,4210.12,2155.99,30527580.12,15633083.49,14894496.63
20210401,2021-04,PRD-22,CC-202,1111,6155.66,3370.46,6838938.26,3744581.06,3094357.2
20210401,2021-04,PRD-23,CC-202,8925,4032.73,2038.56,35992115.25,18194148.0,17797967.25
20210401,2021-04,PRD-24,CC-202,3135,5658.11,3169.01,17738174.85,9934846.35,7803328.5
20210401,2021-04,PRD-25,CC-202,11702,3681.58,1857.11,43081849.16,21731901.22,21349947.94
20210401,2021-04,PRD-26,CC-202,897,4679.4,2828.84,4197421.8,2537469.48,1659952.32
20210401,2021-04,PRD-27,CC-202,1859,5671.73,2879.39,10543746.07,5352786.01,5190960.06
20210401,2021-04,PRD-28,CC-202,1736,8042.54,4407.93,13961849.44,7652166.48,6309682.96
20210401,2021-04,PRD-29,CC-202,10106,4061.64,2095.73,41046933.84,21179447.38,19867486.46
20210401,2021-04,PRD-30,CC-202,1046,6265.61,3271.01,6553828.06,3421476.46,3132351.6
20210401,2021-04,PRD-31,CC-202,2478,7919.7,3769.96,19625016.6,9341960.88,10283055.72
20210401,2021-04,PRD-32,CC-202,167,9012.09,3882.51,1505019.03,648379.17,856639.86
20210401,2021-04,PRD-33,CC-202,864,8209.94,3800.97,7093388.16,3284038.08,3809350.08
20210401,2021-04,PRD-34,CC-202,5346,13317.59,6112.84,71195836.14,32679242.64,38516593.5
20210401,2021-04,PRD-35,CC-202,7121,13572.69,6129.61,96651125.49,43648952.81,53002172.68
20210401,2021-04,PRD-36,CC-202,10905,11964.53,5457.48,130473199.65,59513819.4,70959380.25
20210401,2021-04,PRD-01,CC-203,241,4749.73,2337.34,1144684.93,563298.94,581385.99
20210401,2021-04,PRD-02,CC-203,433,6155.22,3650.89,2665210.26,1580835.37,1084374.89
20210401,2021-04,PRD-03,CC-203,767,10064.87,6022.14,7719755.29,4618981.38,3100773.91
20210401,2021-04,PRD-04,CC-203,114,9496.06,4695.48,1082550.84,535284.72,547266.12
20210401,2021-04,PRD-05,CC-203,171,12526.91,7432.02,2142101.61,1270875.42,871226.19
20210401,2021-04,PRD-06,CC-203,804,4998.2,2533.25,4018552.8,2036733.0,1981819.8
20210401,2021-04,PRD-07,CC-203,457,7498.8,3953.9,3426951.6,1806932.3,1620019.3
20210401,2021-04,PRD-08,CC-203,158,11101.32,6408.96,1754008.56,1012615.68,741392.88
20210401,2021-04,PRD-09,CC-203,322,4815.86,2419.2,1550706.92,778982.4,771724.52
20210401,2021-04,PRD-10,CC-203,824,6629.2,3744.34,5462460.8,3085336.16,2377124.64
20210401,2021-04,PRD-11,CC-203,520,9550.97,6201.91,4966504.4,3224993.2,1741511.2
20210401,2021-04,PRD-12,CC-203,529,3879.35,1903.8,2052176.15,1007110.2,1045065.95
20210401,2021-04,PRD-13,CC-203,0,5598.5,3001.4,0.0,0.0,0.0
20210401,2021-04,PRD-14,CC-203,1084,4686.39,2339.81,5080046.76,2536354.04,2543692.72
20210401,2021-04,PRD-15,CC-203,527,6689.19,3674.62,3525203.13,1936524.74,1588678.39
20210401,2021-04,PRD-16,CC-203,921,4526.98,2293.97,4169348.58,2112746.37,2056602.21
20210401,2021-04,PRD-17,CC-203,730,6135.88,3537.13,4479192.4,2582104.9,1897087.5
20210401,2021-04,PRD-18,CC-203,235,6016.67,2958.57,1413917.45,695263.95,718653.5
20210401,2021-04,PRD-19,CC-203,1082,8379.46,4559.46,9066575.72,4933335.72,4133240.0
20210401,2021-04,PRD-20,CC-203,135,11834.17,7668.97,1597612.95,1035310.95,562302.0
20210401,2021-04,PRD-21,CC-203,353,4276.2,2155.99,1509498.6,761064.47,748434.13
20210401,2021-04,PRD-22,CC-203,150,6053.8,3370.46,908070.0,505569.0,402501.0
20210401,2021-04,PRD-23,CC-203,1180,4047.18,2038.56,4775672.4,2405500.8,2370171.6
20210401,2021-04,PRD-24,CC-203,1150,5605.07,3169.01,6445830.5,3644361.5,2801469.0
20210401,2021-04,PRD-25,CC-203,837,3735.67,1857.11,3126755.79,1554401.07,1572354.72
20210401,2021-04,PRD-26,CC-203,780,4723.4,2828.84,3684252.0,2206495.2,1477756.8
20210401,2021-04,PRD-27,CC-203,588,5657.44,2879.39,3326574.72,1693081.32,1633493.4
20210401,2021-04,PRD-28,CC-203,648,7905.86,4407.93,5122997.28,2856338.64,2266658.64
20210401,2021-04,PRD-29,CC-203,509,4062.79,2095.73,2067960.11,1066726.57,1001233.54
20210401,2021-04,PRD-30,CC-203,395,6311.49,3271.01,2493038.55,1292048.95,1200989.6
20210401,2021-04,PRD-31,CC-203,680,7881.44,3769.96,5359379.2,2563572.8,2795806.4
20210401,2021-04,PRD-32,CC-203,211,8992.81,3882.51,1897482.91,819209.61,1078273.3
20210401,2021-04,PRD-33,CC-203,416,8109.91,3800.97,3373722.56,1581203.52,1792519.04
20210401,2021-04,PRD-34,CC-203,215,13376.34,6112.84,2875913.1,1314260.6,1561652.5
20210401,2021-04,PRD-35,CC-203,170,13578.47,6129.61,2308339.9,1042033.7,1266306.2
20210401,2021-04,PRD-36,CC-203,40,11967.65,5457.48,478706.0,218299.2,260406.8
20210501,2021-05,PRD-01,CC-202,6960,4763.33,2337.34,33152776.8,16267886.4,16884890.4
20210501,2021-05,PRD-02,CC-202,2343,6168.05,3650.89,14451741.15,8554035.27,5897705.88
20210501,2021-05,PRD-03,CC-202,255,10009.95,6022.14,2552537.25,1535645.7,1016891.55
20210501,2021-05,PRD-04,CC-202,8033,9539.3,4695.48,76629196.9,37718790.84,38910406.06
20210501,2021-05,PRD-05,CC-202,487,12499.84,7432.02,6087422.08,3619393.74,2468028.34
20210501,2021-05,PRD-06,CC-202,6902,4991.42,2533.25,34450780.84,17484491.5,16966289.34
20210501,2021-05,PRD-07,CC-202,879,7472.13,3953.9,6568002.27,3475478.1,3092524.17
20210501,2021-05,PRD-08,CC-202,378,11121.24,6408.96,4203828.72,2422586.88,1781241.84
20210501,2021-05,PRD-09,CC-202,6346,4856.06,2419.2,30816556.76,15352243.2,15464313.56
20210501,2021-05,PRD-10,CC-202,2016,6560.95,3744.34,13226875.2,7548589.44,5678285.76
20210501,2021-05,PRD-11,CC-202,225,9434.41,6201.91,2122742.25,1395429.75,727312.5
20210501,2021-05,PRD-12,CC-202,10871,3886.08,1903.8,42245575.68,20696209.8,21549365.88
20210501,2021-05,PRD-13,CC-202,881,5565.98,3001.4,4903628.38,2644233.4,2259394.98
20210501,2021-05,PRD-14,CC-202,4410,4723.19,2339.81,20829267.9,10318562.1,10510705.8
20210501,2021-05,PRD-15,CC-202,2288,6588.45,3674.62,15074373.6,8407530.56,6666843.04
20210501,2021-05,PRD-16,CC-202,9403,4526.63,2293.97,42563901.89,21570199.91,20993701.98
20210501,2021-05,PRD-17,CC-202,1245,6053.49,3537.13,7536595.05,4403726.85,3132868.2
20210501,2021-05,PRD-18,CC-202,3283,5978.54,2958.57,19627546.82,9712985.31,9914561.51
20210501,2021-05,PRD-19,CC-202,2679,8362.55,4559.46,22403271.45,12214793.34,10188478.11
20210501,2021-05,PRD-20,CC-202,117,11978.26,7668.97,1401456.42,897269.49,504186.93
20210501,2021-05,PRD-21,CC-202,7797,4250.94,2155.99,33144579.18,16810254.03,16334325.15
20210501,2021-05,PRD-22,CC-202,306,6077.99,3370.46,1859864.94,1031360.76,828504.18
20210501,2021-05,PRD-23,CC-202,10072,4036.39,2038.56,40654520.08,20532376.32,20122143.76
20210501,2021-05,PRD-24,CC-202,3307,5657.56,3169.01,18709550.92,10479916.07,8229634.85
20210501,2021-05,PRD-25,CC-202,18774,3727.17,1857.11,69973889.58,34865383.14,35108506.44
20210501,2021-05,PRD-26,CC-202,1197,4654.21,2828.84,5571089.37,3386121.48,2184967.89
20210501,2021-05,PRD-27,CC-202,1723,5609.51,2879.39,9665185.73,4961188.97,4703996.76
20210501,2021-05,PRD-28,CC-202,2480,8025.0,4407.93,19902000.0,10931666.4,8970333.6
20210501,2021-05,PRD-29,CC-202,9328,4070.12,2095.73,37966079.36,19548969.44,18417109.92
20210501,2021-05,PRD-30,CC-202,1266,6267.91,3271.01,7935174.06,4141098.66,3794075.4
20210501,2021-05,PRD-31,CC-202,3674,7964.91,3769.96,29263079.34,13850833.04,15412246.3
20210501,2021-05,PRD-32,CC-202,361,9124.55,3882.51,3293962.55,1401586.11,1892376.44
20210501,2021-05,PRD-33,CC-202,1751,8128.51,3800.97,14233021.01,6655498.47,7577522.54
20210501,2021-05,PRD-34,CC-202,8356,13165.45,6112.84,110010500.2,51078891.04,58931609.16
20210501,2021-05,PRD-35,CC-202,6888,13618.36,6129.61,93803263.68,42220753.68,51582510.0
20210501,2021-05,PRD-36,CC-202,12516,12060.39,5457.48,150947841.24,68305819.68,82642021.56
20210501,2021-05,PRD-01,CC-203,265,4645.3,2337.34,1231004.5,619395.1,611609.4
20210501,2021-05,PRD-02,CC-203,932,6201.86,3650.89,5780133.52,3402629.48,2377504.04
20210501,2021-05,PRD-03,CC-203,499,10023.24,6022.14,5001596.76,3005047.86,1996548.9
20210501,2021-05,PRD-04,CC-203,954,9496.63,4695.48,9059785.02,4479487.92,4580297.1
20210501,2021-05,PRD-05,CC-203,446,12495.87,7432.02,5573158.02,3314680.92,2258477.1
20210501,2021-05,PRD-06,CC-203,842,5078.26,2533.25,4275894.92,2132996.5,2142898.42
20210501,2021-05,PRD-07,CC-203,166,7483.38,3953.9,1242241.08,656347.4,585893.68
20210501,2021-05,PRD-08,CC-203,879,11150.3,6408.96,9801113.7,5633475.84,4167637.86
20210501,2021-05,PRD-09,CC-203,504,4731.57,2419.2,2384711.28,1219276.8,1165434.48
20210501,2021-05,PRD-10,CC-203,1251,6479.77,3744.34,8106192.27,4684169.34,3422022.93
20210501,2021-05,PRD-11,CC-203,0,9468.74,6201.91,0.0,0.0,0.0
20210501,2021-05,PRD-12,CC-203,207,3902.25,1903.8,807765.75,394086.6,413679.15
20210501,2021-05,PRD-13,CC-203,252,5662.67,3001.4,1426992.84,756352.8,670640.04
20210501,2021-05,PRD-14,CC-203,254,4756.48,2339.81,1208145.92,594311.74,613834.18
20210501,2021-05,PRD-15,CC-203,1415,6703.97,3674.62,9486117.55,5199587.3,4286530.25
20210501,2021-05,PRD-16,CC-203,620,4501.84,2293.97,2791140.8,1422261.4,1368879.4
20210501,2021-05,PRD-17,CC-203,316,6063.76,3537.13,1916148.16,1117733.08,798415.08
20210501,2021-05,PRD-18,CC-203,634,6000.8,2958.57,3804507.2,1875733.38,1928773.82
20210501,2021-05,PRD-19,CC-203,1282,8389.97,4559.46,10755941.54,5845227.72,4910713.82
20210501,2021-05,PRD-20,CC-203,0,11801.62,7668.97,0.0,0.0,0.0
20210501,2021-05,PRD-21,CC-203,819,4273.75,2155.99,3500201.25,1765755.81,1734445.44
20210501,2021-05,PRD-22,CC-203,245,6137.26,3370.46,1503628.7,825762.7,677866.0
20210501,2021-05,PRD-23,CC-203,1278,4015.01,2038.56,5131182.78,2605279.68,2525903.1
20210501,2021-05,PRD-24,CC-203,2883,5628.1,3169.01,16225812.3,9136255.83,7089556.47
20210501,2021-05,PRD-25,CC-203,1651,3712.54,1857.11,6129403.54,3066088.61,3063314.93
20210501,2021-05,PRD-26,CC-203,103,4689.34,2828.84,483002.02,291370.52,191631.5
20210501,2021-05,PRD-27,CC-203,218,5665.17,2879.39,1235007.06,627707.02,607300.04
20210501,2021-05,PRD-28,CC-203,552,7970.93,4407.93,4399953.36,2433177.36,1966776.0
20210501,2021-05,PRD-29,CC-203,662,4104.65,2095.73,2717278.3,1387373.26,1329905.04
20210501,2021-05,PRD-30,CC-203,767,6296.71,3271.01,4829576.57,2508864.67,2320711.9
20210501,2021-05,PRD-31,CC-203,1025,7850.42,3769.96,8046680.5,3864209.0,4182471.5
20210501,2021-05,PRD-32,CC-203,403,9120.75,3882.51,3675662.25,1564651.53,2111010.72
20210501,2021-05,PRD-33,CC-203,258,8147.48,3800.97,2102049.84,980650.26,1121399.58
20210501,2021-05,PRD-34,CC-203,57,13299.84,6112.84,758090.88,348431.88,409659.0
20210501,2021-05,PRD-35,CC-203,208,13610.73,6129.61,2831031.84,1274958.88,1556072.96
20210501,2021-05,PRD-36,CC-203,792,11907.19,5457.48,9430494.48,4322324.16,5108170.32
20210601,2021-06,PRD-01,CC-202,8108,4767.8,2337.34,38657322.4,18951152.72,19706169.68
20210601,2021-06,PRD-02,CC-202,2256,6158.49,3650.89,13893553.44,8236407.84,5657145.6
20210601,2021-06,PRD-03,CC-202,767,10115.26,6022.14,7758404.42,4618981.38,3139423.04
20210601,2021-06,PRD-04,CC-202,7107,9542.77,4695.48,67820466.39,33370776.36,34449690.03
20210601,2021-06,PRD-05,CC-202,587,12499.8,7432.02,7337382.6,4362595.74,2974786.86
20210601,2021-06,PRD-06,CC-202,5381,5000.37,2533.25,26906990.97,13631418.25,13275572.72
20210601,2021-06,PRD-07,CC-202,1187,7525.44,3953.9,8932697.28,4693279.3,4239417.98
20210601,2021-06,PRD-08,CC-202,235,11052.87,6408.96,2597424.45,1506105.6,1091318.85
20210601,2021-06,PRD-09,CC-202,5281,4846.88,2419.2,25596373.28,12775795.2,12820578.08
20210601,2021-06,PRD-10,CC-202,2405,6525.0,3744.34,15692625.0,9005137.7,6687487.3
20210601,2021-06,PRD-11,CC-202,0,9501.01,6201.91,0.0,0.0,0.0
20210601,2021-06,PRD-12,CC-202,6971,3879.65,1903.8,27045040.15,13271389.8,13773650.35
20210601,2021-06,PRD-13,CC-202,1414,5630.4,3001.4,7961385.6,4243979.6,3717406.0
20210601,2021-06,PRD-14,CC-202,8799,4658.32,2339.81,40988557.68,20587988.19,20400569.49
20210601,2021-06,PRD-15,CC-202,1138,6633.29,3674.62,7548684.02,4181717.56,3366966.46
20210601,2021-06,PRD-16,CC-202,8039,4503.25,2293.97,36201626.75,18441224.83,17760401.92
20210601,2021-06,PRD-17,CC-202,1058,6059.13,3537.13,6410559.54,3742283.54,2668276.0
20210601,2021-06,PRD-18,CC-202,5625,6030.05,2958.57,33919031.25,16641956.25,17277075.0
20210601,2021-06,PRD-19,CC-202,2590,8311.31,4559.46,21526292.9,11809001.4,9717291.5
20210601,2021-06,PRD-20,CC-202,191,11817.9,7668.97,2257218.9,1464773.27,792445.63
20210601,2021-06,PRD-21,CC-202,8239,4241.37,2155.99,34944647.43,17763201.61,17181445.82
20210601,2021-06,PRD-22,CC-202,1824,6135.3,3370.46,11190787.2,6147719.04,5043068.16
20210601,2021-06,PRD-23,CC-202,10296,4059.02,2038.56,41791669.92,20989013.76,20802656.16
20210601,2021-06,PRD-24,CC-202,3825,5607.05,3169.01,21446966.25,12121463.25,9325503.0
20210601,2021-06,PRD-25,CC-202,13005,3745.01,1857.11,48703855.05,24151715.55,24552139.5
20210601,2021-06,PRD-26,CC-202,304,4684.9,2828.84,1424209.6,859967.36,564242.24
20210601,2021-06,PRD-27,CC-202,2172,5695.88,2879.39,12371451.36,6254035.08,6117416.28
20210601,2021-06,PRD-28,CC-202,1702,8051.47,4407.93,13703601.94,7502296.86,6201305.08
20210601,2021-06,PRD-29,CC-202,9424,4061.9,2095.73,38279345.6,19750159.52,18529186.08
20210601,2021-06,PRD-30,CC-202,1237,6284.56,3271.01,7774000.72,4046239.37,3727761.35
20210601,2021-06,PRD-31,CC-202,1862,7956.86,3769.96,14815673.32,7019665.52,7796007.8
20210601,2021-06,PRD-32,CC-202,1722,9015.25,3882.51,15524260.5,6685682.22,8838578.28
20210601,2021-06,PRD-33,CC-202,1056,8154.16,3800.97,8610792.96,4013824.32,4596968.64
20210601,2021-06,PRD-34,CC-202,5226,13450.25,6112.84,70291006.5,31945701.84,38345304.66
20210601,2021-06,PRD-35,CC-202,7806,13601.7,6129.61,106174870.2,47847735.66,58327134.54
20210601,2021-06,PRD-36,CC-202,11523,11870.71,5457.48,136786191.33,62886542.04,73899649.29
20210601,2021-06,PRD-01,CC-203,517,4728.32,2337.34,2444541.44,1208404.78,1236136.66
20210601,2021-06,PRD-02,CC-203,1647,6178.36,3650.89,10175758.92,6013015.83,4162743.09
20210601,2021-06,PRD-03,CC-203,248,9910.72,6022.14,2457858.56,1493490.72,964367.84
20210601,2021-06,PRD-04,CC-203,274,9622.69,4695.48,2636617.06,1286561.52,1350055.54
20210601,2021-06,PRD-05,CC-203,434,12631.09,7432.02,5481893.06,3225496.68,2256396.38
20210601,2021-06,PRD-06,CC-203,840,5087.12,2533.25,4273180.8,2127930.0,2145250.8
20210601,2021-06,PRD-07,CC-203,607,7562.02,3953.9,4590146.14,2400017.3,2190128.84
20210601,2021-06,PRD-08,CC-203,0,11206.45,6408.96,0.0,0.0,0.0
20210601,2021-06,PRD-09,CC-203,438,4834.3,2419.2,2117423.4,1059609.6,1057813.8
20210601,2021-06,PRD-10,CC-203,801,6543.43,3744.34,5241287.43,2999216.34,2242071.09
20210601,2021-06,PRD-11,CC-203,463,9415.55,6201.91,4359399.65,2871484.33,1487915.32
20210601,2021-06,PRD-12,CC-203,557,3860.75,1903.8,2150437.75,1060416.6,1090021.15
20210601,2021-06,PRD-13,CC-203,265,5641.68,3001.4,1495045.2,795371.0,699674.2
20210601,2021-06,PRD-14,CC-203,926,4683.76,2339.81,4337161.76,2166664.06,2170497.7
20210601,2021-06,PRD-15,CC-203,1596,6598.15,3674.62,10530647.4,5864693.52,4665953.88
20210601,2021-06,PRD-16,CC-203,1252,4511.56,2293.97,5648473.12,2872050.44,2776422.68
20210601,2021-06,PRD-17,CC-203,1204,6060.28,3537.13,7296577.12,4258704.52,3037872.6
20210601,2021-06,PRD-18,CC-203,414,6033.26,2958.57,2497769.64,1224847.98,1272921.66
20210601,2021-06,PRD-19,CC-203,1231,8402.48,4559.46,10343452.88,5612695.26,4730757.62
20210601,2021-06,PRD-20,CC-203,88,11878.55,7668.97,1045312.4,674869.36,370443.04
20210601,2021-06,PRD-21,CC-203,429,4183.36,2155.99,1794661.44,924919.71,869741.73
20210601,2021-06,PRD-22,CC-203,590,6098.7,3370.46,3598233.0,1988571.4,1609661.6
20210601,2021-06,PRD-23,CC-203,1497,4023.66,2038.56,6023419.02,3051724.32,2971694.7
20210601,2021-06,PRD-24,CC-203,1625,5633.3,3169.01,9154112.5,5149641.25,4004471.25
20210601,2021-06,PRD-25,CC-203,901,3723.0,1857.11,3354423.0,1673256.11,1681166.89
20210601,2021-06,PRD-26,CC-203,210,4698.39,2828.84,986661.9,594056.4,392605.5
20210601,2021-06,PRD-27,CC-203,0,5665.04,2879.39,0.0,0.0,0.0
20210601,2021-06,PRD-28,CC-203,927,7991.47,4407.93,7408092.69,4086151.11,3321941.58
20210601,2021-06,PRD-29,CC-203,877,4060.23,2095.73,3560821.71,1837955.21,1722866.5
20210601,2021-06,PRD-30,CC-203,248,6267.18,3271.01,1554260.64,811210.48,743050.16
20210601,2021-06,PRD-31,CC-203,166,7860.63,3769.96,1304864.58,625813.36,679051.22
20210601,2021-06,PRD-32,CC-203,20,9149.76,3882.51,182995.2,77650.2,105345.0
20210601,2021-06,PRD-33,CC-203,415,8048.21,3800.97,3340007.15,1577402.55,1762604.6
20210601,2021-06,PRD-34,CC-203,599,13439.2,6112.84,8050080.8,3661591.16,4388489.64
20210601,2021-06,PRD-35,CC-203,0,13653.89,6129.61,0.0,0.0,0.0
20210601,2021-06,PRD-36,CC-203,391,11983.92,5457.48,4685712.72,2133874.68,2551838.04
20210701,2021-07,PRD-01,CC-202,10995,4743.69,2337.34,52156871.55,25699053.3,26457818.25
20210701,2021-07,PRD-02,CC-202,1700,6170.57,3650.89,10489969.0,6206513.0,4283456.0
20210701,2021-07,PRD-03,CC-202,226,10042.87,6022.14,2269688.62,1361003.64,908684.98
20210701,2021-07,PRD-04,CC-202,8724,9606.55,4695.48,83807542.2,40963367.52,42844174.68
20210701,2021-07,PRD-05,CC-202,1521,12532.1,7432.02,19061324.1,11304102.42,7757221.68
20210701,2021-07,PRD-06,CC-202,11085,5051.17,2533.25,55992219.45,28081076.25,27911143.2
20210701,2021-07,PRD-07,CC-202,1077,7530.63,3953.9,8110488.51,4258350.3,3852138.21
20210701,2021-07,PRD-08,CC-202,905,11146.38,6408.96,10087473.9,5800108.8,4287365.1
20210701,2021-07,PRD-09,CC-202,9640,4838.3,2419.2,46641212.0,23321088.0,23320124.0
20210701,2021-07,PRD-10,CC-202,1604,6510.98,3744.34,10443611.92,6005921.36,4437690.56
20210701,2021-07,PRD-11,CC-202,61,9475.22,6201.91,577988.42,378316.51,199671.91
20210701,2021-07,PRD-12,CC-202,8916,3808.06,1903.8,33952662.96,16974280.8,16978382.16
20210701,2021-07,PRD-13,CC-202,1236,5665.3,3001.4,7002310.8,3709730.4,3292580.4
20210701,2021-07,PRD-14,CC-202,5810,4699.55,2339.81,27304385.5,13594296.1,13710089.4
20210701,2021-07,PRD-15,CC-202,2242,6535.63,3674.62,14652882.46,8238498.04,6414384.42
20210701,2021-07,PRD-16,CC-202,11411,4540.02,2293.97,51806168.22,26176491.67,25629676.55
20210701,2021-07,PRD-17,CC-202,1486,6108.16,3537.13,9076725.76,5256175.18,3820550.58
20210701,2021-07,PRD-18,CC-202,5309,5959.99,2958.57,31641586.91,15707048.13,15934538.78
20210701,2021-07,PRD-19,CC-202,3966,8440.2,4559.46,33473833.2,18082818.36,15391014.84
20210701,2021-07,PRD-20,CC-202,111,11847.67,7668.97,1315091.37,851255.67,463835.7
20210701,2021-07,PRD-21,CC-202,11004,4254.78,2155.99,46819599.12,23724513.96,23095085.16
20210701,2021-07,PRD-22,CC-202,889,6089.9,3370.46,5413921.1,2996338.94,2417582.16
20210701,2021-07,PRD-23,CC-202,13102,4024.06,2038.56,52723234.12,26709213.12,26014021.0
20210701,2021-07,PRD-24,CC-202,2592,5676.85,3169.01,14714395.2,8214073.92,6500321.28
20210701,2021-07,PRD-25,CC-202,17848,3772.18,1857.11,67325868.64,33145699.28,34180169.36
20210701,2021-07,PRD-26,CC-202,513,4654.97,2828.84,2387999.61,1451194.92,936804.69
20210701,2021-07,PRD-27,CC-202,2601,5678.47,2879.39,14769700.47,7489293.39,7280407.08
20210701,2021-07,PRD-28,CC-202,2235,8055.31,4407.93,18003617.85,9851723.55,8151894.3
20210701,2021-07,PRD-29,CC-202,9031,4110.29,2095.73,37120028.99,18926537.63,18193491.36
20210701,2021-07,PRD-30,CC-202,2430,6303.78,3271.01,15318185.4,7948554.3,7369631.1
20210701,2021-07,PRD-31,CC-202,4645,7915.27,3769.96,36766429.15,17511464.2,19254964.95
20210701,2021-07,PRD-32,CC-202,649,9012.34,3882.51,5849008.66,2519748.99,3329259.67
20210701,2021-07,PRD-33,CC-202,1131,8172.56,3800.97,9243165.36,4298897.07,4944268.29
20210701,2021-07,PRD-34,CC-202,7949,13387.09,6112.84,106413978.41,48590965.16,57823013.25
20210701,2021-07,PRD-35,CC-202,6403,13774.28,6129.61,88196714.84,39247892.83,48948822.01
20210701,2021-07,PRD-36,CC-202,17044,11938.66,5457.48,203482521.04,93017289.12,110465231.92
20210701,2021-07,PRD-01,CC-203,1179,4770.64,2337.34,5624584.56,2755723.86,2868860.7
20210701,2021-07,PRD-02,CC-203,1683,6132.06,3650.89,10320256.98,6144447.87,4175809.11
20210701,2021-07,PRD-03,CC-203,608,9986.19,6022.14,6071603.52,3661461.12,2410142.4
20210701,2021-07,PRD-04,CC-203,523,9508.89,4695.48,4973149.47,2455736.04,2517413.43
20210701,2021-07,PRD-05,CC-203,1206,12727.89,7432.02,15349835.34,8963016.12,6386819.22
20210701,2021-07,PRD-06,CC-203,538,4975.25,2533.25,2676684.5,1362888.5,1313796.0
20210701,2021-07,PRD-07,CC-203,973,7486.6,3953.9,7284461.8,3847144.7,3437317.1
20210701,2021-07,PRD-08,CC-203,195,11117.76,6408.96,2167963.2,1249747.2,918216.0
20210701,2021-07,PRD-09,CC-203,909,4792.39,2419.2,4356282.51,2199052.8,2157229.71
20210701,2021-07,PRD-10,CC-203,1051,6538.71,3744.34,6872184.21,3935301.34,2936882.87
20210701,2021-07,PRD-11,CC-203,667,9417.26,6201.91,6281312.42,4136673.97,2144638.45
20210701,2021-07,PRD-12,CC-203,1245,3901.27,1903.8,4857081.15,2370231.0,2486850.15
20210701,2021-07,PRD-13,CC-203,294,5644.65,3001.4,1659527.1,882411.6,777115.5
20210701,2021-07,PRD-14,CC-203,53,4724.29,2339.81,250387.37,124009.93,126377.44
20210701,2021-07,PRD-15,CC-203,1537,6486.67,3674.62,9970011.79,5647890.94,4322120.85
20210701,2021-07,PRD-16,CC-203,509,4558.0,2293.97,2320022.0,1167630.73,1152391.27
20210701,2021-07,PRD-17,CC-203,463,6097.38,3537.13,2823086.94,1637691.19,1185395.75
20210701,2021-07,PRD-18,CC-203,222,5972.38,2958.57,1325868.36,656802.54,669065.82
20210701,2021-07,PRD-19,CC-203,662,8331.85,4559.46,5515684.7,3018362.52,2497322.18
20210701,2021-07,PRD-20,CC-203,786,11940.51,7668.97,9385240.86,6027810.42,3357430.44
20210701,2021-07,PRD-21,CC-203,1012,4220.92,2155.99,4271571.04,2181861.88,2089709.16
20210701,2021-07,PRD-22,CC-203,547,6080.87,3370.46,3326235.89,1843641.62,1482594.27
20210701,2021-07,PRD-23,CC-203,240,4030.65,2038.56,967356.0,489254.4,478101.6
20210701,2021-07,PRD-24,CC-203,2786,5682.76,3169.01,15832169.36,8828861.86,7003307.5
20210701,2021-07,PRD-25,CC-203,2268,3738.56,1857.11,8479054.08,4211925.48,4267128.6
20210701,2021-07,PRD-26,CC-203,507,4677.05,2828.84,2371264.35,1434221.88,937042.47
20210701,2021-07,PRD-27,CC-203,504,5771.03,2879.39,2908599.12,1451212.56,1457386.56
20210701,2021-07,PRD-28,CC-203,1548,7982.57,4407.93,12357018.36,6823475.64,5533542.72
20210701,2021-07,PRD-29,CC-203,1742,4075.7,2095.73,7099869.4,3650761.66,3449107.74
20210701,2021-07,PRD-30,CC-203,653,6269.95,3271.01,4094277.35,2135969.53,1958307.82
20210701,2021-07,PRD-31,CC-203,1170,7936.5,3769.96,9285705.0,4410853.2,4874851.8
20210701,2021-07,PRD-32,CC-203,344,9078.2,3882.51,3122900.8,1335583.44,1787317.36
20210701,2021-07,PRD-33,CC-203,615,8192.15,3800.97,5038172.25,2337596.55,2700575.7
20210701,2021-07,PRD-34,CC-203,308,13378.31,6112.84,4120519.48,1882754.72,2237764.76
20210701,2021-07,PRD-35,CC-203,338,13616.23,6129.61,4602285.74,2071808.18,2530477.56
20210701,2021-07,PRD-36,CC-203,1147,11996.86,5457.48,13760398.42,6259729.56,7500668.86
20210801,2021-08,PRD-01,CC-202,9374,4724.69,2337.34,44289244.06,21910225.16,22379018.9
20210801,2021-08,PRD-02,CC-202,3123,6192.97,3650.89,19340645.31,11401729.47,7938915.84
20210801,2021-08,PRD-03,CC-202,434,10083.31,6022.14,4376156.54,2613608.76,1762547.78
20210801,2021-08,PRD-04,CC-202,10079,9612.19,4695.48,96881263.01,47325742.92,49555520.09
20210801,2021-08,PRD-05,CC-202,1724,12591.58,7432.02,21707883.92,12812802.48,8895081.44
20210801,2021-08,PRD-06,CC-202,11545,5017.45,2533.25,57926460.25,29246371.25,28680089.0
20210801,2021-08,PRD-07,CC-202,1105,7536.73,3953.9,8328086.65,4369059.5,3959027.15
20210801,2021-08,PRD-08,CC-202,202,11202.51,6408.96,2262907.02,1294609.92,968297.1
20210801,2021-08,PRD-09,CC-202,9163,4757.82,2419.2,43595904.66,22167129.6,21428775.06
20210801,2021-08,PRD-10,CC-202,2167,6459.55,3744.34,13997844.85,8113984.78,5883860.07
20210801,2021-08,PRD-11,CC-202,308,9426.11,6201.91,2903241.88,1910188.28,993053.6
20210801,2021-08,PRD-12,CC-202,10537,3891.35,1903.8,41003154.95,20060340.6,20942814.35
20210801,2021-08,PRD-13,CC-202,1284,5651.46,3001.4,7256474.64,3853797.6,3402677.04
20210801,2021-08,PRD-14,CC-202,5866,4665.69,2339.81,27368937.54,13725325.46,13643612.08
20210801,2021-08,PRD-15,CC-202,2668,6638.5,3674.62,17711518.0,9803886.16,7907631.84
20210801,2021-08,PRD-16,CC-202,10034,4514.37,2293.97,45297188.58,23017694.98,22279493.6
20210801,2021-08,PRD-17,CC-202,1085,6089.5,3537.13,6607107.5,3837786.05,2769321.45
20210801,2021-08,PRD-18,CC-202,6671,5990.59,2958.57,39963225.89,19736620.47,20226605.42
20210801,2021-08,PRD-19,CC-202,2103,8370.81,4559.46,17603813.43,9588544.38,8015269.05
20210801,2021-08,PRD-20,CC-202,23,11876.68,7668.97,273163.64,176386.31,96777.33
20210801,2021-08,PRD-21,CC-202,10226,4202.17,2155.99,42971390.42,22047153.74,20924236.68
20210801,2021-08,PRD-22,CC-202,834,6004.06,3370.46,5007386.04,2810963.64,2196422.4
20210801,2021-08,PRD-23,CC-202,11733,4061.07,2038.56,47648534.31,23918424.48,23730109.83
20210801,2021-08,PRD-24,CC-202,3178,5697.65,3169.01,18107131.7,10071113.78,8036017.92
20210801,2021-08,PRD-25,CC-202,18123,3742.26,1857.11,67820977.98,33656404.53,34164573.45
20210801,2021-08,PRD-26,CC-202,1445,4655.4,2828.84,6727053.0,4087673.8,2639379.2
20210801,2021-08,PRD-27,CC-202,3113,5704.64,2879.39,17758544.32,8963541.07,8795003.25
20210801,2021-08,PRD-28,CC-202,1480,8070.83,4407.93,11944828.4,6523736.4,5421092.0
20210801,2021-08,PRD-29,CC-202,11386,4108.94,2095.73,46784390.84,23861981.78,22922409.06
20210801,2021-08,PRD-30,CC-202,1461,6232.59,3271.01,9105813.99,4778945.61,4326868.38
20210801,2021-08,PRD-31,CC-202,3164,7933.65,3769.96,25102068.6,11928153.44,13173915.16
20210801,2021-08,PRD-32,CC-202,1589,9108.37,3882.51,14473199.93,6169308.39,8303891.54
20210801,2021-08,PRD-33,CC-202,1122,8084.44,3800.97,9070741.68,4264688.34,4806053.34
20210801,2021-08,PRD-34,CC-202,8531,13262.63,6112.84,113143496.53,52148638.04,60994858.49
20210801,2021-08,PRD-35,CC-202,6855,13777.09,6129.61,94441951.95,42018476.55,52423475.4
20210801,2021-08,PRD-36,CC-202,19693,11903.83,5457.48,234422124.19,107474153.64,126947970.55
20210801,2021-08,PRD-01,CC-203,1172,4727.05,2337.34,5540102.6,2739362.48,2800740.12
20210801,2021-08,PRD-02,CC-203,2010,6194.49,3650.89,12450924.9,7338288.9,5112636.0
20210801,2021-08,PRD-03,CC-203,197,10122.68,6022.14,1994167.96,1186361.58,807806.38
20210801,2021-08,PRD-04,CC-203,660,9652.09,4695.48,6370379.4,3099016.8,3271362.6
20210801,2021-08,PRD-05,CC-203,817,12357.01,7432.02,10095677.17,6071960.34,4023716.83
20210801,2021-08,PRD-06,CC-203,481,5049.9,2533.25,2429001.9,1218493.25,1210508.65
20210801,2021-08,PRD-07,CC-203,670,7582.11,3953.9,5080013.7,2649113.0,2430900.7
20210801,2021-08,PRD-08,CC-203,629,11130.78,6408.96,7001260.62,4031235.84,2970024.78
20210801,2021-08,PRD-09,CC-203,874,4862.42,2419.2,4249755.08,2114380.8,2135374.28
20210801,2021-08,PRD-10,CC-203,1171,6501.35,3744.34,7613080.85,4384622.14,3228458.71
20210801,2021-08,PRD-11,CC-203,301,9473.47,6201.91,2851514.47,1866774.91,984739.56
20210801,2021-08,PRD-12,CC-203,757,3889.32,1903.8,2944215.24,1441176.6,1503038.64
20210801,2021-08,PRD-13,CC-203,838,5650.42,3001.4,4735051.96,2515173.2,2219878.76
20210801,2021-08,PRD-14,CC-203,431,4665.2,2339.81,2010701.2,1008458.11,1002243.09
20210801,2021-08,PRD-15,CC-203,1335,6607.15,3674.62,8820545.25,4905617.7,3914927.55
20210801,2021-08,PRD-16,CC-203,1339,4549.03,2293.97,6091151.17,3071625.83,3019525.34
20210801,2021-08,PRD-17,CC-203,562,6223.88,3537.13,3497820.56,1987867.06,1509953.5
20210801,2021-08,PRD-18,CC-203,167,5946.85,2958.57,993123.95,494081.19,499042.76
20210801,2021-08,PRD-19,CC-203,1934,8358.78,4559.46,16165880.52,8817995.64,7347884.88
20210801,2021-08,PRD-20,CC-203,0,11899.83,7668.97,0.0,0.0,0.0
20210801,2021-08,PRD-21,CC-203,1228,4233.69,2155.99,5198971.32,2647555.72,2551415.6
20210801,2021-08,PRD-22,CC-203,759,6050.02,3370.46,4591965.18,2558179.14,2033786.04
20210801,2021-08,PRD-23,CC-203,1269,4091.81,2038.56,5192506.89,2586932.64,2605574.25
20210801,2021-08,PRD-24,CC-203,1845,5662.22,3169.01,10446795.9,5846823.45,4599972.45
20210801,2021-08,PRD-25,CC-203,1842,3720.75,1857.11,6853621.5,3420796.62,3432824.88
20210801,2021-08,PRD-26,CC-203,1547,4607.51,2828.84,7127817.97,4376215.48,2751602.49
20210801,2021-08,PRD-27,CC-203,369,5679.4,2879.39,2095698.6,1062494.91,1033203.69
20210801,2021-08,PRD-28,CC-203,847,8061.05,4407.93,6827709.35,3733516.71,3094192.64
20210801,2021-08,PRD-29,CC-203,1596,4069.66,2095.73,6495177.36,3344785.08,3150392.28
20210801,2021-08,PRD-30,CC-203,720,6302.67,3271.01,4537922.4,2355127.2,2182795.2
20210801,2021-08,PRD-31,CC-203,1160,7885.97,3769.96,9147725.2,4373153.6,4774571.6
20210801,2021-08,PRD-32,CC-203,0,8992.93,3882.51,0.0,0.0,0.0
20210801,2021-08,PRD-33,CC-203,227,8132.84,3800.97,1846154.68,862820.19,983334.49
20210801,2021-08,PRD-34,CC-203,418,13261.17,6112.84,5543169.06,2555167.12,2988001.94
20210801,2021-08,PRD-35,CC-203,138,13796.98,6129.61,1903983.24,845886.18,1058097.06
20210801,2021-08,PRD-36,CC-203,649,11851.36,5457.48,7691532.64,3541904.52,4149628.12
20210901,2021-09,PRD-01,CC-202,8237,4671.53,2337.34,38479392.61,19252669.58,19226723.03
20210901,2021-09,PRD-02,CC-202,3136,6102.12,3650.89,19136248.32,11449191.04,7687057.28
20210901,2021-09,PRD-03,CC-202,428,10054.98,6022.14,4303531.44,2577475.92,1726055.52
20210901,2021-09,PRD-04,CC-202,8421,9531.16,4695.48,80261898.36,39540637.08,40721261.28
20210901,2021-09,PRD-05,CC-202,998,12447.06,7432.02,12422165.88,7417155.96,5005009.92
20210901,2021-09,PRD-06,CC-202,7959,5024.59,2533.25,39990711.81,20162136.75,19828575.06
20210901,2021-09,PRD-07,CC-202,1690,7565.87,3953.9,12786320.3,6682091.0,6104229.3
20210901,2021-09,PRD-08,CC-202,219,11152.7,6408.96,2442441.3,1403562.24,1038879.06
20210901,2021-09,PRD-09,CC-202,9246,4838.32,2419.2,44735106.72,22367923.2,22367183.52
20210901,2021-09,PRD-10,CC-202,3002,6473.6,3744.34,19433747.2,11240508.68,8193238.52
20210901,2021-09,PRD-11,CC-202,573,9367.67,6201.91,5367674.91,3553694.43,1813980.48
20210901,2021-09,PRD-12,CC-202,10416,3841.52,1903.8,40013272.32,19829980.8,20183291.52
20210901,2021-09,PRD-13,CC-202,1040,5606.65,3001.4,5830916.0,3121456.0,2709460.0
20210901,2021-09,PRD-14,CC-202,9386,4686.21,2339.81,43984767.06,21961456.66,22023310.4
20210901,2021-09,PRD-15,CC-202,2539,6560.91,3674.62,16658150.49,9329860.18,7328290.31
20210901,2021-09,PRD-16,CC-202,10117,4583.83,2293.97,46374608.11,23208094.49,23166513.62
20210901,2021-09,PRD-17,CC-202,1248,6099.17,3537.13,7611764.16,4414338.24,3197425.92
20210901,2021-09,PRD-18,CC-202,4402,5931.43,2958.57,26110154.86,13023625.14,13086529.72
20210901,2021-09,PRD-19,CC-202,2683,8368.87,4559.46,22453678.21,12233031.18,10220647.03
20210901,2021-09,PRD-20,CC-202,61,11909.11,7668.97,726455.71,467807.17,258648.54
20210901,2021-09,PRD-21,CC-202,9205,4218.7,2155.99,38833133.5,19845887.95,18987245.55
20210901,2021-09,PRD-22,CC-202,1460,6091.72,3370.46,8893911.2,4920871.6,3973039.6
20210901,2021-09,PRD-23,CC-202,13965,4058.58,2038.56,56678069.7,28468490.4,28209579.3
20210901,2021-09,PRD-24,CC-202,4563,5594.64,3169.01,25528342.32,14460192.63,11068149.69
20210901,2021-09,PRD-25,CC-202,19205,3730.29,1857.11,71640219.45,35665797.55,35974421.9
20210901,2021-09,PRD-26,CC-202,1247,4682.48,2828.84,5839052.56,3527563.48,2311489.08
20210901,2021-09,PRD-27,CC-202,3246,5653.02,2879.39,18349702.92,9346499.94,9003202.98
20210901,2021-09,PRD-28,CC-202,2611,7959.51,4407.93,20782280.61,11509105.23,9273175.38
20210901,2021-09,PRD-29,CC-202,9096,4074.77,2095.73,37064107.92,19062760.08,18001347.84
20210901,2021-09,PRD-30,CC-202,1316,6315.59,3271.01,8311316.44,4304649.16,4006667.28
20210901,2021-09,PRD-31,CC-202,4857,7864.06,3769.96,38195739.42,18310695.72,19885043.7
20210901,2021-09,PRD-32,CC-202,1543,9064.51,3882.51,13986538.93,5990712.93,7995826.0
20210901,2021-09,PRD-33,CC-202,761,8262.27,3800.97,6287587.47,2892538.17,3395049.3
20210901,2021-09,PRD-34,CC-202,7240,13374.35,6112.84,96830294.0,44256961.6,52573332.4
20210901,2021-09,PRD-35,CC-202,6197,13590.35,6129.61,84219398.95,37985193.17,46234205.78
20210901,2021-09,PRD-36,CC-202,14382,11873.01,5457.48,170757629.82,78489477.36,92268152.46
20210901,2021-09,PRD-01,CC-203,727,4699.23,2337.34,3416340.21,1699246.18,1717094.03
20210901,2021-09,PRD-02,CC-203,1298,6153.08,3650.89,7986697.84,4738855.22,3247842.62
20210901,2021-09,PRD-03,CC-203,675,10035.95,6022.14,6774266.25,4064944.5,2709321.75
20210901,2021-09,PRD-04,CC-203,456,9617.16,4695.48,4385424.96,2141138.88,2244286.08
20210901,2021-09,PRD-05,CC-203,1031,12590.18,7432.02,12980475.58,7662412.62,5318062.96
20210901,2021-09,PRD-06,CC-203,801,5059.82,2533.25,4052915.82,2029133.25,2023782.57
20210901,2021-09,PRD-07,CC-203,728,7526.95,3953.9,5479619.6,2878439.2,2601180.4
20210901,2021-09,PRD-08,CC-203,90,11085.26,6408.96,997673.4,576806.4,420867.0
20210901,2021-09,PRD-09,CC-203,789,4809.61,2419.2,3794782.29,1908748.8,1886033.49
20210901,2021-09,PRD-10,CC-203,883,6511.8,3744.34,5749919.4,3306252.22,2443667.18
20210901,2021-09,PRD-11,CC-203,249,9406.45,6201.91,2342206.05,1544275.59,797930.46
20210901,2021-09,PRD-12,CC-203,514,3866.56,1903.8,1987411.84,978553.2,1008858.64
20210901,2021-09,PRD-13,CC-203,588,5603.51,3001.4,3294863.88,1764823.2,1530040.68
20210901,2021-09,PRD-14,CC-203,707,4674.7,2339.81,3305012.9,1654245.67,1650767.23
20210901,2021-09,PRD-15,CC-203,651,6588.17,3674.62,4288898.67,2392177.62,1896721.05
20210901,2021-09,PRD-16,CC-203,1448,4569.53,2293.97,6616679.44,3321668.56,3295010.88
20210901,2021-09,PRD-17,CC-203,839,6080.02,3537.13,5101136.78,2967652.07,2133484.71
20210901,2021-09,PRD-18,CC-203,293,6039.12,2958.57,1769462.16,866861.01,902601.15
20210901,2021-09,PRD-19,CC-203,1342,8381.31,4559.46,11247718.02,6118795.32,5128922.7
20210901,2021-09,PRD-20,CC-203,358,11959.07,7668.97,4281347.06,2745491.26,1535855.8
20210901,2021-09,PRD-21,CC-203,508,4234.56,2155.99,2151156.48,1095242.92,1055913.56
20210901,2021-09,PRD-22,CC-203,875,6051.24,3370.46,5294835.0,2949152.5,2345682.5
20210901,2021-09,PRD-23,CC-203,1062,4040.49,2038.56,4291000.38,2164950.72,2126049.66
20210901,2021-09,PRD-24,CC-203,1071,5699.7,3169.01,6104378.7,3394009.71,2710368.99
20210901,2021-09,PRD-25,CC-203,1858,3740.86,1857.11,6950517.88,3450510.38,3500007.5
20210901,2021-09,PRD-26,CC-203,502,4716.58,2828.84,2367723.16,1420077.68,947645.48
20210901,2021-09,PRD-27,CC-203,0,5654.41,2879.39,0.0,0.0,0.0
20210901,2021-09,PRD-28,CC-203,1294,7985.35,4407.93,10333042.9,5703861.42,4629181.48
20210901,2021-09,PRD-29,CC-203,773,4065.26,2095.73,3142445.98,1619999.29,1522446.69
20210901,2021-09,PRD-30,CC-203,320,6358.39,3271.01,2034684.8,1046723.2,987961.6
20210901,2021-09,PRD-31,CC-203,443,7818.77,3769.96,3463715.11,1670092.28,1793622.83
20210901,2021-09,PRD-32,CC-203,158,9039.17,3882.51,1428188.86,613436.58,814752.28
20210901,2021-09,PRD-33,CC-203,0,8227.41,3800.97,0.0,0.0,0.0
20210901,2021-09,PRD-34,CC-203,597,13358.64,6112.84,7975108.08,3649365.48,4325742.6
20210901,2021-09,PRD-35,CC-203,297,13731.43,6129.61,4078234.71,1820494.17,2257740.54
20210901,2021-09,PRD-36,CC-203,583,11972.77,5457.48,6980124.91,3181710.84,3798414.07
20211001,2021-10,PRD-01,CC-202,6589,4740.97,2337.34,31238251.33,15400733.26,15837518.07
20211001,2021-10,PRD-02,CC-202,2622,6226.3,3650.89,16325358.6,9572633.58,6752725.02
20211001,2021-10,PRD-03,CC-202,512,10102.96,6022.14,5172715.52,3083335.68,2089379.84
20211001,2021-10,PRD-04,CC-202,9899,9688.38,4695.48,95905273.62,46480556.52,49424717.1
20211001,2021-10,PRD-05,CC-202,1468,12457.9,7432.02,18288197.2,10910205.36,7377991.84
20211001,2021-10,PRD-06,CC-202,7399,4955.04,2533.25,36662340.96,18743516.75,17918824.21
20211001,2021-10,PRD-07,CC-202,1804,7504.96,3953.9,13538947.84,7132835.6,6406112.24
20211001,2021-10,PRD-08,CC-202,401,11027.9,6408.96,4422187.9,2569992.96,1852194.94
20211001,2021-10,PRD-09,CC-202,8783,4820.17,2419.2,42335553.11,21247833.6,21087719.51
20211001,2021-10,PRD-10,CC-202,1680,6507.64,3744.34,10932835.2,6290491.2,4642344.0
20211001,2021-10,PRD-11,CC-202,361,9575.8,6201.91,3456863.8,2238889.51,1217974.29
20211001,2021-10,PRD-12,CC-202,6899,3900.38,1903.8,26908721.62,13134316.2,13774405.42
20211001,2021-10,PRD-13,CC-202,1016,5607.62,3001.4,5697341.92,3049422.4,2647919.52
20211001,2021-10,PRD-14,CC-202,7067,4721.23,2339.81,33364932.41,16535437.27,16829495.14
20211001,2021-10,PRD-15,CC-202,3919,6631.05,3674.62,25987084.95,14400835.78,11586249.17
20211001,2021-10,PRD-16,CC-202,9405,4561.51,2293.97,42901001.55,21574787.85,21326213.7
20211001,2021-10,PRD-17,CC-202,737,6125.47,3537.13,4514471.39,2606864.81,1907606.58
20211001,2021-10,PRD-18,CC-202,4444,5962.17,2958.57,26495883.48,13147885.08,13347998.4
20211001,2021-10,PRD-19,CC-202,1896,8414.06,4559.46,15953057.76,8644736.16,7308321.6
20211001,2021-10,PRD-20,CC-202,0,11837.82,7668.97,0.0,0.0,0.0
20211001,2021-10,PRD-21,CC-202,8757,4253.05,2155.99,37243958.85,18880004.43,18363954.42
20211001,2021-10,PRD-22,CC-202,978,6117.05,3370.46,5982474.9,3296309.88,2686165.02
20211001,2021-10,PRD-23,CC-202,13819,4020.36,2038.56,55557354.84,28170860.64,27386494.2
20211001,2021-10,PRD-24,CC-202,3965,5635.91,3169.01,22346383.15,12565124.65,9781258.5
20211001,2021-10,PRD-25,CC-202,17329,3732.75,1857.11,64684824.75,32181859.19,32502965.56
20211001,2021-10,PRD-26,CC-202,1066,4661.34,2828.84,4968988.44,3015543.44,1953445.0
20211001,2021-10,PRD-27,CC-202,4796,5714.96,2879.39,27408948.16,13809554.44,13599393.72
20211001,2021-10,PRD-28,CC-202,1728,8017.48,4407.93,13854205.44,7616903.04,6237302.4
20211001,2021-10,PRD-29,CC-202,11688,4098.16,2095.73,47899294.08,24494892.24,23404401.84
20211001,2021-10,PRD-30,CC-202,2286,6265.58,3271.01,14323115.88,7477528.86,6845587.02
20211001,2021-10,PRD-31,CC-202,2365,8054.14,3769.96,19048041.1,8915955.4,10132085.7
20211001,2021-10,PRD-32,CC-202,1519,9092.76,3882.51,13811902.44,5897532.69,7914369.75
20211001,2021-10,PRD-33,CC-202,823,8135.8,3800.97,6695763.4,3128198.31,3567565.09
20211001,2021-10,PRD-34,CC-202,7393,13274.34,6112.84,98137195.62,45192226.12,52944969.5
20211001,2021-10,PRD-35,CC-202,8786,13543.93,6129.61,118996968.98,53854753.46,65142215.52
20211001,2021-10,PRD-36,CC-202,15374,11837.08,5457.48,181983267.92,83903297.52,98079970.4
20211001,2021-10,PRD-01,CC-203,791,4724.09,2337.34,3736755.19,1848835.94,1887919.25
20211001,2021-10,PRD-02,CC-203,2624,6161.14,3650.89,16166831.36,9579935.36,6586896.0
20211001,2021-10,PRD-03,CC-203,333,9978.03,6022.14,3322683.99,2005372.62,1317311.37
20211001,2021-10,PRD-04,CC-203,557,9481.71,4695.48,5281312.47,2615382.36,2665930.11
20211001,2021-10,PRD-05,CC-203,618,12677.64,7432.02,7834781.52,4592988.36,3241793.16
20211001,2021-10,PRD-06,CC-203,1042,5065.65,2533.25,5278407.3,2639646.5,2638760.8
20211001,2021-10,PRD-07,CC-203,576,7538.66,3953.9,4342268.16,2277446.4,2064821.76
20211001,2021-10,PRD-08,CC-203,284,10955.85,6408.96,3111461.4,1820144.64,1291316.76
20211001,2021-10,PRD-09,CC-203,747,4843.09,2419.2,3617788.23,1807142.4,1810645.83
20211001,2021-10,PRD-10,CC-203,432,6579.25,3744.34,2842236.0,1617554.88,1224681.12
20211001,2021-10,PRD-11,CC-203,171,9572.42,6201.91,1636883.82,1060526.61,576357.21
20211001,2021-10,PRD-12,CC-203,366,3848.13,1903.8,1408415.58,696790.8,711624.78
20211001,2021-10,PRD-13,CC-203,652,5645.79,3001.4,3681055.08,1956912.8,1724142.28
20211001,2021-10,PRD-14,CC-203,781,4720.68,2339.81,3686851.08,1827391.61,1859459.47
20211001,2021-10,PRD-15,CC-203,1897,6562.25,3674.62,12448588.25,6970754.14,5477834.11
20211001,2021-10,PRD-16,CC-203,673,4584.69,2293.97,3085496.37,1543841.81,1541654.56
20211001,2021-10,PRD-17,CC-203,499,6091.49,3537.13,3039653.51,1765027.87,1274625.64
20211001,2021-10,PRD-18,CC-203,579,5984.61,2958.57,3465089.19,1713012.03,1752077.16
20211001,2021-10,PRD-19,CC-203,646,8351.67,4559.46,5395178.82,2945411.16,2449767.66
20211001,2021-10,PRD-20,CC-203,250,11883.56,7668.97,2970890.0,1917242.5,1053647.5
20211001,2021-10,PRD-21,CC-203,1277,4260.38,2155.99,5440505.26,2753199.23,2687306.03
20211001,2021-10,PRD-22,CC-203,1217,6052.39,3370.46,7365758.63,4101849.82,3263908.81
20211001,2021-10,PRD-23,CC-203,324,4041.16,2038.56,1309335.84,660493.44,648842.4
20211001,2021-10,PRD-24,CC-203,3042,5692.42,3169.01,17316341.64,9640128.42,7676213.22
20211001,2021-10,PRD-25,CC-203,1729,3705.61,1857.11,6406999.69,3210943.19,3196056.5
20211001,2021-10,PRD-26,CC-203,573,4657.98,2828.84,2669022.54,1620925.32,1048097.22
20211001,2021-10,PRD-27,CC-203,325,5632.79,2879.39,1830656.75,935801.75,894855.0
20211001,2021-10,PRD-28,CC-203,1879,8070.82,4407.93,15165070.78,8282500.47,6882570.31
20211001,2021-10,PRD-29,CC-203,1263,4031.07,2095.73,5091241.41,2646906.99,2444334.42
20211001,2021-10,PRD-30,CC-203,580,6243.27,3271.01,3621096.6,1897185.8,1723910.8
20211001,2021-10,PRD-31,CC-203,1032,7913.32,3769.96,8166546.24,3890598.72,4275947.52
20211001,2021-10,PRD-32,CC-203,79,8994.05,3882.51,710529.95,306718.29,403811.66
20211001,2021-10,PRD-33,CC-203,220,8203.38,3800.97,1804743.6,836213.4,968530.2
20211001,2021-10,PRD-34,CC-203,811,13304.8,6112.84,10790192.8,4957513.24,5832679.56
20211001,2021-10,PRD-35,CC-203,352,13654.73,6129.61,4806464.96,2157622.72,2648842.24
20211001,2021-10,PRD-36,CC-203,1113,11920.52,5457.48,13267538.76,6074175.24,7193363.52
20211101,2021-11,PRD-01,CC-202,8884,4778.07,2337.34,42448373.88,20764928.56,21683445.32
20211101,2021-11,PRD-02,CC-202,2904,6139.11,3650.89,17827975.44,10602184.56,7225790.88
20211101,2021-11,PRD-03,CC-202,707,9956.67,6022.14,7039365.69,4257652.98,2781712.71
20211101,2021-11,PRD-04,CC-202,7791,9537.04,4695.48,74303078.64,36582484.68,37720593.96
20211101,2021-11,PRD-05,CC-202,1954,12416.61,7432.02,24262055.94,14522167.08,9739888.86
20211101,2021-11,PRD-06,CC-202,10146,5042.87,2533.25,51164959.02,25702354.5,25462604.52
20211101,2021-11,PRD-07,CC-202,1851,7482.6,3953.9,13850292.6,7318668.9,6531623.7
20211101,2021-11,PRD-08,CC-202,236,11087.27,6408.96,2616595.72,1512514.56,1104081.16
20211101,2021-11,PRD-09,CC-202,5392,4757.67,2419.2,25653356.64,13044326.4,12609030.24
20211101,2021-11,PRD-10,CC-202,1279,6577.04,3744.34,8412034.16,4789010.86,3623023.3
20211101,2021-11,PRD-11,CC-202,318,9415.52,6201.91,2994135.36,1972207.38,1021927.98
20211101,2021-11,PRD-12,CC-202,7396,3857.9,1903.8,28533028.4,14080504.8,14452523.6
20211101,2021-11,PRD-13,CC-202,1994,5667.92,3001.4,11301832.48,5984791.6,5317040.88
20211101,2021-11,PRD-14,CC-202,7564,4715.38,2339.81,35667134.32,17698322.84,17968811.48
20211101,2021-11,PRD-15,CC-202,1584,6578.27,3674.62,10419979.68,5820598.08,4599381.6
20211101,2021-11,PRD-16,CC-202,10465,4529.36,2293.97,47399752.4,24006396.05,23393356.35
20211101,2021-11,PRD-17,CC-202,2435,6072.88,3537.13,14787462.8,8612911.55,6174551.25
20211101,2021-11,PRD-18,CC-202,4663,5954.49,2958.57,27765786.87,13795811.91,13969974.96
20211101,2021-11,PRD-19,CC-202,1838,8396.63,4559.46,15433005.94,8380287.48,7052718.46
20211101,2021-11,PRD-20,CC-202,385,11880.3,7668.97,4573915.5,2952553.45,1621362.05
20211101,2021-11,PRD-21,CC-202,8482,4242.92,2155.99,35988447.44,18287107.18,17701340.26
20211101,2021-11,PRD-22,CC-202,1366,6168.32,3370.46,8425925.12,4604048.36,3821876.76
20211101,2021-11,PRD-23,CC-202,12674,4023.91,2038.56,50999035.34,25836709.44,25162325.9
20211101,2021-11,PRD-24,CC-202,3677,5670.98,3169.01,20852193.46,11652449.77,9199743.69
20211101,2021-11,PRD-25,CC-202,18282,3735.76,1857.11,68297164.32,33951685.02,34345479.3
20211101,2021-11,PRD-26,CC-202,831,4675.65,2828.84,3885465.15,2350766.04,1534699.11
20211101,2021-11,PRD-27,CC-202,2760,5667.39,2879.39,15641996.4,7947116.4,7694880.0
20211101,2021-11,PRD-28,CC-202,2087,8101.66,4407.93,16908164.42,9199349.91,7708814.51
20211101,2021-11,PRD-29,CC-202,12201,4091.55,2095.73,49921001.55,25570001.73,24350999.82
20211101,2021-11,PRD-30,CC-202,1182,6286.48,3271.01,7430619.36,3866333.82,3564285.54
20211101,2021-11,PRD-31,CC-202,1506,7926.13,3769.96,11936751.78,5677559.76,6259192.02
20211101,2021-11,PRD-32,CC-202,1434,9075.68,3882.51,13014525.12,5567519.34,7447005.78
20211101,2021-11,PRD-33,CC-202,1957,8162.18,3800.97,15973386.26,7438498.29,8534887.97
20211101,2021-11,PRD-34,CC-202,8874,13362.96,6112.84,118582907.04,54245342.16,64337564.88
20211101,2021-11,PRD-35,CC-202,7142,13392.67,6129.61,95650449.14,43777674.62,51872774.52
20211101,2021-11,PRD-36,CC-202,13394,11940.17,5457.48,159926636.98,73097487.12,86829149.86
20211101,2021-11,PRD-01,CC-203,504,4747.61,2337.34,2392795.44,1178019.36,1214776.08
20211101,2021-11,PRD-02,CC-203,772,6223.98,3650.89,4804912.56,2818487.08,1986425.48
20211101,2021-11,PRD-03,CC-203,177,10071.86,6022.14,1782719.22,1065918.78,716800.44
20211101,2021-11,PRD-04,CC-203,371,9604.34,4695.48,3563210.14,1742023.08,1821187.06
20211101,2021-11,PRD-05,CC-203,1262,12588.07,7432.02,15886144.34,9379209.24,6506935.1
20211101,2021-11,PRD-06,CC-203,975,5015.28,2533.25,4889898.0,2469918.75,2419979.25
20211101,2021-11,PRD-07,CC-203,792,7458.14,3953.9,5906846.88,3131488.8,2775358.08
20211101,2021-11,PRD-08,CC-203,124,11263.69,6408.96,1396697.56,794711.04,601986.52
20211101,2021-11,PRD-09,CC-203,318,4797.95,2419.2,1525748.1,769305.6,756442.5
20211101,2021-11,PRD-10,CC-203,1263,6513.41,3744.34,8226436.83,4729101.42,3497335.41
20211101,2021-11,PRD-11,CC-203,288,9381.36,6201.91,2701831.68,1786150.08,915681.6
20211101,2021-11,PRD-12,CC-203,768,3853.87,1903.8,2959772.16,1462118.4,1497653.76
20211101,2021-11,PRD-13,CC-203,742,5645.1,3001.4,4188664.2,2227038.8,1961625.4
20211101,2021-11,PRD-14,CC-203,254,4688.77,2339.81,1190947.58,594311.74,596635.84
20211101,2021-11,PRD-15,CC-203,1276,6607.85,3674.62,8431616.6,4688815.12,3742801.48
20211101,2021-11,PRD-16,CC-203,1779,4538.27,2293.97,8073582.33,4080972.63,3992609.7
20211101,2021-11,PRD-17,CC-203,863,6141.83,3537.13,5300399.29,3052543.19,2247856.1
20211101,2021-11,PRD-18,CC-203,266,5983.7,2958.57,1591664.2,786979.62,804684.58
20211101,2021-11,PRD-19,CC-203,779,8355.81,4559.46,6509175.99,3551819.34,2957356.65
20211101,2021-11,PRD-20,CC-203,310,11727.84,7668.97,3635630.4,2377380.7,1258249.7
20211101,2021-11,PRD-21,CC-203,645,4266.79,2155.99,2752079.55,1390613.55,1361466.0
20211101,2021-11,PRD-22,CC-203,386,6048.76,3370.46,2334821.36,1300997.56,1033823.8
20211101,2021-11,PRD-23,CC-203,647,4072.61,2038.56,2634978.67,1318948.32,1316030.35
20211101,2021-11,PRD-24,CC-203,1314,5613.94,3169.01,7376717.16,4164079.14,3212638.02
20211101,2021-11,PRD-25,CC-203,1322,3708.91,1857.11,4903179.02,2455099.42,2448079.6
20211101,2021-11,PRD-26,CC-203,789,4649.28,2828.84,3668281.92,2231954.76,1436327.16
20211101,2021-11,PRD-27,CC-203,59,5684.11,2879.39,335362.49,169884.01,165478.48
20211101,2021-11,PRD-28,CC-203,1608,8072.61,4407.93,12980756.88,7087951.44,5892805.44
20211101,2021-11,PRD-29,CC-203,1068,4078.21,2095.73,4355528.28,2238239.64,2117288.64
20211101,2021-11,PRD-30,CC-203,844,6269.41,3271.01,5291382.04,2760732.44,2530649.6
20211101,2021-11,PRD-31,CC-203,1256,7864.83,3769.96,9878226.48,4735069.76,5143156.72
20211101,2021-11,PRD-32,CC-203,189,9090.96,3882.51,1718191.44,733794.39,984397.05
20211101,2021-11,PRD-33,CC-203,0,8166.02,3800.97,0.0,0.0,0.0
20211101,2021-11,PRD-34,CC-203,0,13205.76,6112.84,0.0,0.0,0.0
20211101,2021-11,PRD-35,CC-203,233,13592.51,6129.61,3167054.83,1428199.13,1738855.7
20211101,2021-11,PRD-36,CC-203,549,11969.02,5457.48,6570991.98,2996156.52,3574835.46
20211201,2021-12,PRD-01,CC-202,7215,4760.41,2337.34,34346358.15,16863908.1,17482450.05
20211201,2021-12,PRD-02,CC-202,1908,6176.14,3650.89,11784075.12,6965898.12,4818177.0
20211201,2021-12,PRD-03,CC-202,376,10041.14,6022.14,3775468.64,2264324.64,1511144.0
20211201,2021-12,PRD-04,CC-202,6975,9442.38,4695.48,65860600.5,32750973.0,33109627.5
20211201,2021-12,PRD-05,CC-202,1219,12537.78,7432.02,15283553.82,9059632.38,6223921.44
20211201,2021-12,PRD-06,CC-202,7743,5008.99,2533.25,38784609.57,19614954.75,19169654.82
20211201,2021-12,PRD-07,CC-202,1682,7462.61,3953.9,12552110.02,6650459.8,5901650.22
20211201,2021-12,PRD-08,CC-202,330,11049.32,6408.96,3646275.6,2114956.8,1531318.8
20211201,2021-12,PRD-09,CC-202,4521,4797.13,2419.2,21687824.73,10937203.2,10750621.53
20211201,2021-12,PRD-10,CC-202,1017,6561.55,3744.34,6673096.35,3807993.78,2865102.57
20211201,2021-12,PRD-11,CC-202,198,9529.34,6201.91,1886809.32,1227978.18,658831.14
20211201,2021-12,PRD-12,CC-202,6180,3832.77,1903.8,23686518.6,11765484.0,11921034.6
20211201,2021-12,PRD-13,CC-202,1207,5640.44,3001.4,6808011.08,3622689.8,3185321.28
20211201,2021-12,PRD-14,CC-202,5536,4689.58,2339.81,25961514.88,12953188.16,13008326.72
20211201,2021-12,PRD-15,CC-202,2628,6686.27,3674.62,17571517.56,9656901.36,7914616.2
20211201,2021-12,PRD-16,CC-202,9784,4525.8,2293.97,44280427.2,22444202.48,21836224.72
20211201,2021-12,PRD-17,CC-202,804,6065.22,3537.13,4876436.88,2843852.52,2032584.36
20211201,2021-12,PRD-18,CC-202,3679,5984.58,2958.57,22017269.82,10884579.03,11132690.79
20211201,2021-12,PRD-19,CC-202,1952,8392.22,4559.46,16381613.44,8900065.92,7481547.52
20211201,2021-12,PRD-20,CC-202,258,11906.24,7668.97,3071809.92,1978594.26,1093215.66
20211201,2021-12,PRD-21,CC-202,6735,4225.38,2155.99,28457934.3,14520592.65,13937341.65
20211201,2021-12,PRD-22,CC-202,1875,6126.71,3370.46,11487581.25,6319612.5,5167968.75
20211201,2021-12,PRD-23,CC-202,10924,4051.42,2038.56,44257712.08,22269229.44,21988482.64
20211201,2021-12,PRD-24,CC-202,3666,5640.87,3169.01,20679429.42,11617590.66,9061838.76
20211201,2021-12,PRD-25,CC-202,17508,3727.19,1857.11,65255642.52,32514281.88,32741360.64
20211201,2021-12,PRD-26,CC-202,1037,4681.63,2828.84,4854850.31,2933507.08,1921343.23
20211201,2021-12,PRD-27,CC-202,2027,5652.2,2879.39,11457009.4,5836523.53,5620485.87
20211201,2021-12,PRD-28,CC-202,2516,8003.73,4407.93,20137384.68,11090351.88,9047032.8
20211201,2021-12,PRD-29,CC-202,7422,4077.22,2095.73,30261126.84,15554508.06,14706618.78
20211201,2021-12,PRD-30,CC-202,1274,6329.43,3271.01,8063693.82,4167266.74,3896427.08
20211201,2021-12,PRD-31,CC-202,1859,7868.57,3769.96,14627671.63,7008355.64,7619315.99
20211201,2021-12,PRD-32,CC-202,1012,9162.95,3882.51,9272905.4,3929100.12,5343805.28
20211201,2021-12,PRD-33,CC-202,1234,8135.08,3800.97,10038688.72,4690396.98,5348291.74
20211201,2021-12,PRD-34,CC-202,5957,13346.78,6112.84,79506768.46,36414187.88,43092580.58
20211201,2021-12,PRD-35,CC-202,7132,13557.91,6129.61,96695014.12,43716378.52,52978635.6
20211201,2021-12,PRD-36,CC-202,10133,11955.26,5457.48,121142649.58,55300644.84,65842004.74
20211201,2021-12,PRD-01,CC-203,611,4729.42,2337.34,2889675.62,1428114.74,1461560.88
20211201,2021-12,PRD-02,CC-203,1524,6195.73,3650.89,9442292.52,5563956.36,3878336.16
20211201,2021-12,PRD-03,CC-203,490,10023.38,6022.14,4911456.2,2950848.6,1960607.6
20211201,2021-12,PRD-04,CC-203,92,9486.17,4695.48,872727.64,431984.16,440743.48
20211201,2021-12,PRD-05,CC-203,644,12606.13,7432.02,8118347.72,4786220.88,3332126.84
20211201,2021-12,PRD-06,CC-203,844,5019.82,2533.25,4236728.08,2138063.0,2098665.08
20211201,2021-12,PRD-07,CC-203,1112,7506.62,3953.9,8347361.44,4396736.8,3950624.64
20211201,2021-12,PRD-08,CC-203,61,11210.08,6408.96,683814.88,390946.56,292868.32
20211201,2021-12,PRD-09,CC-203,362,4845.39,2419.2,1754031.18,875750.4,878280.78
20211201,2021-12,PRD-10,CC-203,422,6523.7,3744.34,2753001.4,1580111.48,1172889.92
20211201,2021-12,PRD-11,CC-203,298,9560.12,6201.91,2848915.76,1848169.18,1000746.58
20211201,2021-12,PRD-12,CC-203,291,3853.77,1903.8,1121447.07,554005.8,567441.27
20211201,2021-12,PRD-13,CC-203,937,5617.03,3001.4,5263157.11,2812311.8,2450845.31
20211201,2021-12,PRD-14,CC-203,427,4650.53,2339.81,1985776.31,999098.87,986677.44
20211201,2021-12,PRD-15,CC-203,513,6604.83,3674.62,3388277.79,1885080.06,1503197.73
20211201,2021-12,PRD-16,CC-203,910,4538.71,2293.97,4130226.1,2087512.7,2042713.4
20211201,2021-12,PRD-17,CC-203,937,6119.58,3537.13,5734046.46,3314290.81,2419755.65
20211201,2021-12,PRD-18,CC-203,197,5968.39,2958.57,1175772.83,582838.29,592934.54
20211201,2021-12,PRD-19,CC-203,541,8433.66,4559.46,4562610.06,2466667.86,2095942.2
20211201,2021-12,PRD-20,CC-203,0,11906.48,7668.97,0.0,0.0,0.0
20211201,2021-12,PRD-21,CC-203,573,4236.65,2155.99,2427600.45,1235382.27,1192218.18
20211201,2021-12,PRD-22,CC-203,157,6118.68,3370.46,960632.76,529162.22,431470.54
20211201,2021-12,PRD-23,CC-203,582,4041.87,2038.56,2352368.34,1186441.92,1165926.42
20211201,2021-12,PRD-24,CC-203,1392,5701.37,3169.01,7936307.04,4411261.92,3525045.12
20211201,2021-12,PRD-25,CC-203,397,3656.4,1857.11,1451590.8,737272.67,714318.13
20211201,2021-12,PRD-26,CC-203,707,4685.1,2828.84,3312365.7,1999989.88,1312375.82
20211201,2021-12,PRD-27,CC-203,368,5717.25,2879.39,2103948.0,1059615.52,1044332.48
20211201,2021-12,PRD-28,CC-203,657,8103.39,4407.93,5323927.23,2896010.01,2427917.22
20211201,2021-12,PRD-29,CC-203,535,4024.13,2095.73,2152909.55,1121215.55,1031694.0
20211201,2021-12,PRD-30,CC-203,682,6298.47,3271.01,4295556.54,2230828.82,2064727.72
20211201,2021-12,PRD-31,CC-203,642,7951.89,3769.96,5105113.38,2420314.32,2684799.06
20211201,2021-12,PRD-32,CC-203,223,9039.99,3882.51,2015917.77,865799.73,1150118.04
20211201,2021-12,PRD-33,CC-203,216,8173.01,3800.97,1765370.16,821009.52,944360.64
20211201,2021-12,PRD-34,CC-203,184,13241.65,6112.84,2436463.6,1124762.56,1311701.04
20211201,2021-12,PRD-35,CC-203,100,13571.7,6129.61,1357170.0,612961.0,744209.0
20211201,2021-12,PRD-36,CC-203,498,11866.03,5457.48,5909282.94,2717825.04,3191457.9
20220101,2022-01,PRD-01,CC-202,7739,9212.21,4576.56,71293293.19,35417997.84,35875295.35
20220101,2022-01,PRD-02,CC-202,1674,12362.14,7225.03,20694222.36,12094700.22,8599522.14
20220101,2022-01,PRD-03,CC-202,87,20032.56,11822.6,1742832.72,1028566.2,714266.52
20220101,2022-01,PRD-04,CC-202,5697,18452.7,9161.08,105125031.9,52190672.76,52934359.14
20220101,2022-01,PRD-05,CC-202,802,24721.24,14598.24,19826434.48,11707788.48,8118646.0
20220101,2022-01,PRD-06,CC-202,6162,9640.06,4963.21,59402049.72,30583300.02,28818749.7
20220101,2022-01,PRD-07,CC-202,2319,14863.38,7788.01,34468178.22,18060395.19,16407783.03
20220101,2022-01,PRD-08,CC-202,555,22155.53,12649.16,12296319.15,7020283.8,5276035.35
20220101,2022-01,PRD-09,CC-202,3849,9298.87,4722.42,35791350.63,18176594.58,17614756.05
20220101,2022-01,PRD-10,CC-202,1086,13014.42,7350.95,14133660.12,7983131.7,6150528.42
20220101,2022-01,PRD-11,CC-202,100,18854.72,12122.78,1885472.0,1212278.0,673194.0
20220101,2022-01,PRD-12,CC-202,7192,7553.66,3732.32,54325922.72,26842845.44,27483077.28
20220101,2022-01,PRD-13,CC-202,589,11165.89,5929.78,6576709.21,3492640.42,3084068.79
20220101,2022-01,PRD-14,CC-202,6019,9080.38,4565.92,54654807.22,27482272.48,27172534.74
20220101,2022-01,PRD-15,CC-202,1276,13073.36,7231.37,16681607.36,9227228.12,7454379.24
20220101,2022-01,PRD-16,CC-202,7924,8729.34,4486.78,69171290.16,35553244.72,33618045.44
20220101,2022-01,PRD-17,CC-202,1176,11953.1,6977.87,14056845.6,8205975.12,5850870.48
20220101,2022-01,PRD-18,CC-202,3138,11678.47,5797.55,36647038.86,18192711.9,18454326.96
20220101,2022-01,PRD-19,CC-202,1797,16635.03,8987.91,29893148.91,16151274.27,13741874.64
20220101,2022-01,PRD-20,CC-202,186,23426.79,15047.66,4357382.94,2798864.76,1558518.18
20220101,2022-01,PRD-21,CC-202,6873,8069.58,4217.21,55462223.34,28984884.33,26477339.01
20220101,2022-01,PRD-22,CC-202,1352,12106.72,6629.77,16368285.44,8963449.04,7404836.4
20220101,2022-01,PRD-23,CC-202,9444,7760.75,3979.17,73292523.0,37579281.48,35713241.52
20220101,2022-01,PRD-24,CC-202,2550,11059.4,6250.4,28201470.0,15938520.0,12262950.0
20220101,2022-01,PRD-25,CC-202,10380,7164.47,3629.07,74367198.6,37669746.6,36697452.0
20220101,2022-01,PRD-26,CC-202,1177,9242.92,5579.16,10878916.84,6566671.32,4312245.52
20220101,2022-01,PRD-27,CC-202,1187,11100.62,5650.11,13176435.94,6706680.57,6469755.37
20220101,2022-01,PRD-28,CC-202,2678,15554.75,8698.58,41655620.5,23294797.24,18360823.26
20220101,2022-01,PRD-29,CC-202,7336,7993.15,4103.73,58637748.4,30104963.28,28532785.12
20220101,2022-01,PRD-30,CC-202,411,12582.26,6435.03,5171308.86,2644797.33,2526511.53
20220101,2022-01,PRD-31,CC-202,2277,15484.15,7423.01,35257409.55,16902193.77,18355215.78
20220101,2022-01,PRD-32,CC-202,507,17567.02,7629.52,8906479.14,3868166.64,5038312.5
20220101,2022-01,PRD-33,CC-202,350,16135.3,7450.0,5647355.0,2607500.0,3039855.0
20220101,2022-01,PRD-34,CC-202,5802,25797.4,11966.95,149676514.8,69432243.9,80244270.9
20220101,2022-01,PRD-35,CC-202,3956,26060.01,11962.41,103093399.56,47323293.96,55770105.6
20220101,2022-01,PRD-36,CC-202,9808,23231.55,10639.36,227855042.4,104350842.88,123504199.52
20220101,2022-01,PRD-01,CC-203,235,9131.46,4576.56,2145893.1,1075491.6,1070401.5
20220101,2022-01,PRD-02,CC-203,1010,12200.35,7225.03,12322353.5,7297280.3,5025073.2
20220101,2022-01,PRD-03,CC-203,0,19892.52,11822.6,0.0,0.0,0.0
20220101,2022-01,PRD-04,CC-203,373,18508.75,9161.08,6903763.75,3417082.84,3486680.91
20220101,2022-01,PRD-05,CC-203,701,24639.03,14598.24,17271960.03,10233366.24,7038593.79
20220101,2022-01,PRD-06,CC-203,760,9686.63,4963.21,7361838.8,3772039.6,3589799.2
20220101,2022-01,PRD-07,CC-203,167,14814.74,7788.01,2474061.58,1300597.67,1173463.91
20220101,2022-01,PRD-08,CC-203,197,22143.16,12649.16,4362202.52,2491884.52,1870318.0
20220101,2022-01,PRD-09,CC-203,211,9206.74,4722.42,1942622.14,996430.62,946191.52
20220101,2022-01,PRD-10,CC-203,236,12774.9,7350.95,3014876.4,1734824.2,1280052.2
20220101,2022-01,PRD-11,CC-203,469,18913.49,12122.78,8870426.81,5685583.82,3184842.99
20220101,2022-01,PRD-12,CC-203,0,7492.29,3732.32,0.0,0.0,0.0
20220101,2022-01,PRD-13,CC-203,545,11147.08,5929.78,6075158.6,3231730.1,2843428.5
20220101,2022-01,PRD-14,CC-203,490,9024.53,4565.92,4422019.7,2237300.8,2184718.9
20220101,2022-01,PRD-15,CC-203,450,13021.84,7231.37,5859828.0,3254116.5,2605711.5
20220101,2022-01,PRD-16,CC-203,683,8761.39,4486.78,5984029.37,3064470.74,2919558.63
20220101,2022-01,PRD-17,CC-203,726,12065.6,6977.87,8759625.6,5065933.62,3693691.98
20220101,2022-01,PRD-18,CC-203,241,11654.27,5797.55,2808679.07,1397209.55,1411469.52
20220101,2022-01,PRD-19,CC-203,255,16462.81,8987.91,4198016.55,2291917.05,1906099.5
20220101,2022-01,PRD-20,CC-203,168,23576.4,15047.66,3960835.2,2528006.88,1432828.32
20220101,2022-01,PRD-21,CC-203,416,8145.94,4217.21,3388711.04,1754359.36,1634351.68
20220101,2022-01,PRD-22,CC-203,530,11993.75,6629.77,6356687.5,3513778.1,2842909.4
20220101,2022-01,PRD-23,CC-203,990,7772.72,3979.17,7694992.8,3939378.3,3755614.5
20220101,2022-01,PRD-24,CC-203,2035,11201.72,6250.4,22795500.2,12719564.0,10075936.2
20220101,2022-01,PRD-25,CC-203,845,7107.37,3629.07,6005727.65,3066564.15,2939163.5
20220101,2022-01,PRD-26,CC-203,536,9216.78,5579.16,4940194.08,2990429.76,1949764.32
20220101,2022-01,PRD-27,CC-203,0,11068.62,5650.11,0.0,0.0,0.0
20220101,2022-01,PRD-28,CC-203,754,15792.05,8698.58,11907205.7,6558729.32,5348476.38
20220101,2022-01,PRD-29,CC-203,1301,7947.49,4103.73,10339684.49,5338952.73,5000731.76
20220101,2022-01,PRD-30,CC-203,371,12544.45,6435.03,4653990.95,2387396.13,2266594.82
20220101,2022-01,PRD-31,CC-203,1102,15436.99,7423.01,17011562.98,8180157.02,8831405.96
20220101,2022-01,PRD-32,CC-203,0,17729.1,7629.52,0.0,0.0,0.0
20220101,2022-01,PRD-33,CC-203,494,16079.25,7450.0,7943149.5,3680300.0,4262849.5
20220101,2022-01,PRD-34,CC-203,219,25407.72,11966.95,5564290.68,2620762.05,2943528.63
20220101,2022-01,PRD-35,CC-203,220,26022.84,11962.41,5725024.8,2631730.2,3093294.6
20220101,2022-01,PRD-36,CC-203,688,23037.82,10639.36,15850020.16,7319879.68,8530140.48
20220201,2022-02,PRD-01,CC-202,5420,9223.76,4576.56,49992779.2,24804955.2,25187824.0
20220201,2022-02,PRD-02,CC-202,2349,12101.07,7225.03,28425413.43,16971595.47,11453817.96
20220201,2022-02,PRD-03,CC-202,364,19805.72,11822.6,7209282.08,4303426.4,2905855.68
20220201,2022-02,PRD-04,CC-202,5493,18408.02,9161.08,101115253.86,50321812.44,50793441.42
20220201,2022-02,PRD-05,CC-202,888,24904.58,14598.24,22115267.04,12963237.12,9152029.92
20220201,2022-02,PRD-06,CC-202,6569,9694.56,4963.21,63683564.64,32603326.49,31080238.15
20220201,2022-02,PRD-07,CC-202,1402,14861.16,7788.01,20835346.32,10918790.02,9916556.3
20220201,2022-02,PRD-08,CC-202,177,22156.39,12649.16,3921681.03,2238901.32,1682779.71
20220201,2022-02,PRD-09,CC-202,4815,9230.41,4722.42,44444424.15,22738452.3,21705971.85
20220201,2022-02,PRD-10,CC-202,1227,12836.01,7350.95,15749784.27,9019615.65,6730168.62
20220201,2022-02,PRD-11,CC-202,192,19051.37,12122.78,3657863.04,2327573.76,1330289.28
20220201,2022-02,PRD-12,CC-202,5877,7503.25,3732.32,44096600.25,21934844.64,22161755.61
20220201,2022-02,PRD-13,CC-202,663,11118.47,5929.78,7371545.61,3931444.14,3440101.47
20220201,2022-02,PRD-14,CC-202,4641,8958.92,4565.92,41578347.72,21190434.72,20387913.0
20220201,2022-02,PRD-15,CC-202,1440,13189.0,7231.37,18992160.0,10413172.8,8578987.2
20220201,2022-02,PRD-16,CC-202,7647,8683.46,4486.78,66402418.62,34310406.66,32092011.96
20220201,2022-02,PRD-17,CC-202,558,12066.02,6977.87,6732839.16,3893651.46,2839187.7
20220201,2022-02,PRD-18,CC-202,3724,11572.57,5797.55,43096250.68,21590076.2,21506174.48
20220201,2022-02,PRD-19,CC-202,2049,16671.77,8987.91,34160456.73,18416227.59,15744229.14
20220201,2022-02,PRD-20,CC-202,179,23532.95,15047.66,4212398.05,2693531.14,1518866.91
20220201,2022-02,PRD-21,CC-202,5872,8128.77,4217.21,47732137.44,24763457.12,22968680.32
20220201,2022-02,PRD-22,CC-202,968,12045.28,6629.77,11659831.04,6417617.36,5242213.68
20220201,2022-02,PRD-23,CC-202,8141,7855.04,3979.17,63947880.64,32394422.97,31553457.67
20220201,2022-02,PRD-24,CC-202,2096,11055.13,6250.4,23171552.48,13100838.4,10070714.08
20220201,2022-02,PRD-25,CC-202,12549,7152.8,3629.07,89760487.2,45541199.43,44219287.77
20220201,2022-02,PRD-26,CC-202,599,9283.86,5579.16,5561032.14,3341916.84,2219115.3
20220201,2022-02,PRD-27,CC-202,1976,10938.43,5650.11,21614337.68,11164617.36,10449720.32
20220201,2022-02,PRD-28,CC-202,2203,15753.14,8698.58,34704167.42,19162971.74,15541195.68
20220201,2022-02,PRD-29,CC-202,7502,7824.24,4103.73,58697448.48,30786182.46,27911266.02
20220201,2022-02,PRD-30,CC-202,2032,12551.66,6435.03,25504973.12,13075980.96,12428992.16
20220201,2022-02,PRD-31,CC-202,1055,15589.96,7423.01,16447407.8,7831275.55,8616132.25
20220201,2022-02,PRD-32,CC-202,783,17502.52,7629.52,13704473.16,5973914.16,7730559.0
20220201,2022-02,PRD-33,CC-202,426,15911.8,7450.0,6778426.8,3173700.0,3604726.8
20220201,2022-02,PRD-34,CC-202,4564,25503.63,11966.95,116398567.32,54617159.8,61781407.52
20220201,2022-02,PRD-35,CC-202,5247,25885.9,11962.41,135823317.3,62766765.27,73056552.03
20220201,2022-02,PRD-36,CC-202,8730,23196.02,10639.36,202501254.6,92881612.8,109619641.8
20220201,2022-02,PRD-01,CC-203,182,9179.14,4576.56,1670603.48,832933.92,837669.56
20220201,2022-02,PRD-02,CC-203,1175,12200.51,7225.03,14335599.25,8489410.25,5846189.0
20220201,2022-02,PRD-03,CC-203,870,19976.55,11822.6,17379598.5,10285662.0,7093936.5
20220201,2022-02,PRD-04,CC-203,734,18286.93,9161.08,13422606.62,6724232.72,6698373.9
20220201,2022-02,PRD-05,CC-203,533,24853.87,14598.24,13247112.71,7780861.92,5466250.79
20220201,2022-02,PRD-06,CC-203,471,9616.96,4963.21,4529588.16,2337671.91,2191916.25
20220201,2022-02,PRD-07,CC-203,26,14883.6,7788.01,386973.6,202488.26,184485.34
20220201,2022-02,PRD-08,CC-203,269,22355.77,12649.16,6013702.13,3402624.04,2611078.09
20220201,2022-02,PRD-09,CC-203,378,9155.16,4722.42,3460650.48,1785074.76,1675575.72
20220201,2022-02,PRD-10,CC-203,1241,12789.54,7350.95,15871819.14,9122528.95,6749290.19
20220201,2022-02,PRD-11,CC-203,234,18869.66,12122.78,4415500.44,2836730.52,1578769.92
20220201,2022-02,PRD-12,CC-203,525,7519.7,3732.32,3947842.5,1959468.0,1988374.5
20220201,2022-02,PRD-13,CC-203,413,11050.8,5929.78,4563980.4,2448999.14,2114981.26
20220201,2022-02,PRD-14,CC-203,222,9022.38,4565.92,2002968.36,1013634.24,989334.12
20220201,2022-02,PRD-15,CC-203,423,13015.9,7231.37,5505725.7,3058869.51,2446856.19
20220201,2022-02,PRD-16,CC-203,522,8700.72,4486.78,4541775.84,2342099.16,2199676.68
20220201,2022-02,PRD-17,CC-203,568,12070.38,6977.87,6855975.84,3963430.16,2892545.68
20220201,2022-02,PRD-18,CC-203,184,11462.3,5797.55,2109063.2,1066749.2,1042314.0
20220201,2022-02,PRD-19,CC-203,725,16429.09,8987.91,11911090.25,6516234.75,5394855.5
20220201,2022-02,PRD-20,CC-203,0,23679.44,15047.66,0.0,0.0,0.0
20220201,2022-02,PRD-21,CC-203,1067,8151.85,4217.21,8698023.95,4499763.07,4198260.88
20220201,2022-02,PRD-22,CC-203,462,12043.01,6629.77,5563870.62,3062953.74,2500916.88
20220201,2022-02,PRD-23,CC-203,1205,7799.19,3979.17,9398023.95,4794899.85,4603124.1
20220201,2022-02,PRD-24,CC-203,344,11169.24,6250.4,3842218.56,2150137.6,1692080.96
20220201,2022-02,PRD-25,CC-203,763,7132.13,3629.07,5441815.19,2768980.41,2672834.78
20220201,2022-02,PRD-26,CC-203,823,9251.22,5579.16,7613754.06,4591648.68,3022105.38
20220201,2022-02,PRD-27,CC-203,236,10850.29,5650.11,2560668.44,1333425.96,1227242.48
20220201,2022-02,PRD-28,CC-203,389,15857.64,8698.58,6168621.96,3383747.62,2784874.34
20220201,2022-02,PRD-29,CC-203,1077,7891.71,4103.73,8499371.67,4419717.21,4079654.46
20220201,2022-02,PRD-30,CC-203,116,12465.89,6435.03,1446043.24,746463.48,699579.76
20220201,2022-02,PRD-31,CC-203,605,15462.06,7423.01,9354546.3,4490921.05,4863625.25
20220201,2022-02,PRD-32,CC-203,53,17737.72,7629.52,940099.16,404364.56,535734.6
20220201,2022-02,PRD-33,CC-203,355,16004.31,7450.0,5681530.05,2644750.0,3036780.05
20220201,2022-02,PRD-34,CC-203,33,25739.04,11966.95,849388.32,394909.35,454478.97
20220201,2022-02,PRD-35,CC-203,144,25881.86,11962.41,3726987.84,1722587.04,2004400.8
20220201,2022-02,PRD-36,CC-203,173,22817.22,10639.36,3947379.06,1840609.28,2106769.78
20220301,2022-03,PRD-01,CC-202,9127,9155.11,4576.56,83558688.97,41770263.12,41788425.85
20220301,2022-03,PRD-02,CC-202,2045,12276.86,7225.03,25106178.7,14775186.35,10330992.35
20220301,2022-03,PRD-03,CC-202,755,19967.26,11822.6,15075281.3,8926063.0,6149218.3
20220301,2022-03,PRD-04,CC-202,6681,18543.13,9161.08,123886651.53,61205175.48,62681476.05
20220301,2022-03,PRD-05,CC-202,1262,24728.49,14598.24,31207354.38,18422978.88,12784375.5
20220301,2022-03,PRD-06,CC-202,8416,9599.21,4963.21,80786951.36,41770375.36,39016576.0
20220301,2022-03,PRD-07,CC-202,1762,15005.42,7788.01,26439550.04,13722473.62,12717076.42
20220301,2022-03,PRD-08,CC-202,160,21942.23,12649.16,3510756.8,2023865.6,1486891.2
20220301,2022-03,PRD-09,CC-202,4516,9338.38,4722.42,42172124.08,21326448.72,20845675.36
20220301,2022-03,PRD-10,CC-202,503,12928.0,7350.95,6502784.0,3697527.85,2805256.15
20220301,2022-03,PRD-11,CC-202,362,18750.99,12122.78,6787858.38,4388446.36,2399412.02
20220301,2022-03,PRD-12,CC-202,4947,7537.59,3732.32,37288457.73,18463787.04,18824670.69
20220301,2022-03,PRD-13,CC-202,1190,11128.19,5929.78,13242546.1,7056438.2,6186107.9
20220301,2022-03,PRD-14,CC-202,6068,9029.64,4565.92,54791855.52,27706002.56,27085852.96
20220301,2022-03,PRD-15,CC-202,3258,13157.62,7231.37,42867525.96,23559803.46,19307722.5
20220301,2022-03,PRD-16,CC-202,6154,8720.31,4486.78,53664787.74,27611644.12,26053143.62
20220301,2022-03,PRD-17,CC-202,1572,12072.61,6977.87,18978142.92,10969211.64,8008931.28
20220301,2022-03,PRD-18,CC-202,2941,11523.96,5797.55,33891966.36,17050594.55,16841371.81
20220301,2022-03,PRD-19,CC-202,1633,16705.41,8987.91,27279934.53,14677257.03,12602677.5
20220301,2022-03,PRD-20,CC-202,613,23727.6,15047.66,14545018.8,9224215.58,5320803.22
20220301,2022-03,PRD-21,CC-202,6757,8264.41,4217.21,55842618.37,28495687.97,27346930.4
20220301,2022-03,PRD-22,CC-202,1184,12146.24,6629.77,14381148.16,7849647.68,6531500.48
20220301,2022-03,PRD-23,CC-202,9526,7817.53,3979.17,74469790.78,37905573.42,36564217.36
20220301,2022-03,PRD-24,CC-202,3469,11094.16,6250.4,38485641.04,21682637.6,16803003.44
20220301,2022-03,PRD-25,CC-202,17829,7069.97,3629.07,126050495.13,64702689.03,61347806.1
20220301,2022-03,PRD-26,CC-202,2460,9229.99,5579.16,22705775.4,13724733.6,8981041.8
20220301,2022-03,PRD-27,CC-202,1941,11139.73,5650.11,21622215.93,10966863.51,10655352.42
20220301,2022-03,PRD-28,CC-202,1878,15865.37,8698.58,29795164.86,16335933.24,13459231.62
20220301,2022-03,PRD-29,CC-202,8139,7936.38,4103.73,64594196.82,33400258.47,31193938.35
20220301,2022-03,PRD-30,CC-202,1644,12388.71,6435.03,20367039.24,10579189.32,9787849.92
20220301,2022-03,PRD-31,CC-202,2233,15395.79,7423.01,34378799.07,16575581.33,17803217.74
20220301,2022-03,PRD-32,CC-202,421,17833.5,7629.52,7507903.5,3212027.92,4295875.58
20220301,2022-03,PRD-33,CC-202,704,16101.29,7450.0,11335308.16,5244800.0,6090508.16
20220301,2022-03,PRD-34,CC-202,5895,25796.44,11966.95,152070013.8,70545170.25,81524843.55
20220301,2022-03,PRD-35,CC-202,4502,26045.14,11962.41,117255220.28,53854769.82,63400450.46
20220301,2022-03,PRD-36,CC-202,11827,22964.54,10639.36,271601614.58,125831710.72,145769903.86
20220301,2022-03,PRD-01,CC-203,314,9103.94,4576.56,2858637.16,1437039.84,1421597.32
20220301,2022-03,PRD-02,CC-203,1243,12402.32,7225.03,15416083.76,8980712.29,6435371.47
20220301,2022-03,PRD-03,CC-203,990,20054.31,11822.6,19853766.9,11704374.0,8149392.9
20220301,2022-03,PRD-04,CC-203,154,18351.88,9161.08,2826189.52,1410806.32,1415383.2
20220301,2022-03,PRD-05,CC-203,22,24835.05,14598.24,546371.1,321161.28,225209.82
20220301,2022-03,PRD-06,CC-203,0,9675.45,4963.21,0.0,0.0,0.0
20220301,2022-03,PRD-07,CC-203,284,14895.67,7788.01,4230370.28,2211794.84,2018575.44
20220301,2022-03,PRD-08,CC-203,724,22017.12,12649.16,15940394.88,9157991.84,6782403.04
20220301,2022-03,PRD-09,CC-203,661,9266.68,4722.42,6125275.48,3121519.62,3003755.86
20220301,2022-03,PRD-10,CC-203,612,12812.91,7350.95,7841500.92,4498781.4,3342719.52
20220301,2022-03,PRD-11,CC-203,406,18851.14,12122.78,7653562.84,4921848.68,2731714.16
20220301,2022-03,PRD-12,CC-203,1146,7512.98,3732.32,8609875.08,4277238.72,4332636.36
20220301,2022-03,PRD-13,CC-203,492,11162.45,5929.78,5491925.4,2917451.76,2574473.64
20220301,2022-03,PRD-14,CC-203,206,8978.6,4565.92,1849591.6,940579.52,909012.08
20220301,2022-03,PRD-15,CC-203,779,13082.53,7231.37,10191290.87,5633237.23,4558053.64
20220301,2022-03,PRD-16,CC-203,59,8753.57,4486.78,516460.63,264720.02,251740.61
20220301,2022-03,PRD-17,CC-203,445,12133.41,6977.87,5399367.45,3105152.15,2294215.3
20220301,2022-03,PRD-18,CC-203,317,11603.03,5797.55,3678160.51,1837823.35,1840337.16
20220301,2022-03,PRD-19,CC-203,1439,16554.32,8987.91,23821666.48,12933602.49,10888063.99
20220301,2022-03,PRD-20,CC-203,180,23631.61,15047.66,4253689.8,2708578.8,1545111.0
20220301,2022-03,PRD-21,CC-203,486,8131.06,4217.21,3951695.16,2049564.06,1902131.1
20220301,2022-03,PRD-22,CC-203,536,11940.03,6629.77,6399856.08,3553556.72,2846299.36
20220301,2022-03,PRD-23,CC-203,565,7796.24,3979.17,4404875.6,2248231.05,2156644.55
20220301,2022-03,PRD-24,CC-203,714,11104.02,6250.4,7928270.28,4462785.6,3465484.68
20220301,2022-03,PRD-25,CC-203,921,7100.14,3629.07,6539228.94,3342373.47,3196855.47
20220301,2022-03,PRD-26,CC-203,1172,9140.29,5579.16,10712419.88,6538775.52,4173644.36
20220301,2022-03,PRD-27,CC-203,0,10996.67,5650.11,0.0,0.0,0.0
20220301,2022-03,PRD-28,CC-203,293,15851.45,8698.58,4644474.85,2548683.94,2095790.91
20220301,2022-03,PRD-29,CC-203,994,7858.6,4103.73,7811448.4,4079107.62,3732340.78
20220301,2022-03,PRD-30,CC-203,851,12385.65,6435.03,10540188.15,5476210.53,5063977.62
20220301,2022-03,PRD-31,CC-203,465,15365.02,7423.01,7144734.3,3451699.65,3693034.65
20220301,2022-03,PRD-32,CC-203,40,17764.46,7629.52,710578.4,305180.8,405397.6
20220301,2022-03,PRD-33,CC-203,147,16086.98,7450.0,2364786.06,1095150.0,1269636.06
20220301,2022-03,PRD-34,CC-203,307,25500.69,11966.95,7828711.83,3673853.65,4154858.18
20220301,2022-03,PRD-35,CC-203,183,26253.11,11962.41,4804319.13,2189121.03,2615198.1
20220301,2022-03,PRD-36,CC-203,644,23004.55,10639.36,14814930.2,6851747.84,7963182.36
20220401,2022-04,PRD-01,CC-202,5676,9177.91,4576.56,52093817.16,25976554.56,26117262.6
20220401,2022-04,PRD-02,CC-202,2489,12207.66,7225.03,30384865.74,17983099.67,12401766.07
20220401,2022-04,PRD-03,CC-202,516,19932.36,11822.6,10285097.76,6100461.6,4184636.16
20220401,2022-04,PRD-04,CC-202,5332,18479.98,9161.08,98535253.36,48846878.56,49688374.8
20220401,2022-04,PRD-05,CC-202,600,24967.42,14598.24,14980452.0,8758944.0,6221508.0
20220401,2022-04,PRD-06,CC-202,6947,9693.24,4963.21,67338938.28,34479419.87,32859518.41
20220401,2022-04,PRD-07,CC-202,835,14713.83,7788.01,12286048.05,6502988.35,5783059.7
20220401,2022-04,PRD-08,CC-202,0,22141.39,12649.16,0.0,0.0,0.0
20220401,2022-04,PRD-09,CC-202,4227,9181.67,4722.42,38810919.09,19961669.34,18849249.75
20220401,2022-04,PRD-10,CC-202,982,12879.09,7350.95,12647266.38,7218632.9,5428633.48
20220401,2022-04,PRD-11,CC-202,255,18767.12,12122.78,4785615.6,3091308.9,1694306.7
20220401,2022-04,PRD-12,CC-202,7823,7488.23,3732.32,58580423.29,29197939.36,29382483.93
20220401,2022-04,PRD-13,CC-202,1992,11151.15,5929.78,22213090.8,11812121.76,10400969.04
20220401,2022-04,PRD-14,CC-202,6744,9028.21,4565.92,60886248.24,30792564.48,30093683.76
20220401,2022-04,PRD-15,CC-202,1715,13057.23,7231.37,22393149.45,12401799.55,9991349.9
20220401,2022-04,PRD-16,CC-202,8112,8801.22,4486.78,71395496.64,36396759.36,34998737.28
20220401,2022-04,PRD-17,CC-202,1565,12131.71,6977.87,18986126.15,10920366.55,8065759.6
20220401,2022-04,PRD-18,CC-202,4134,11591.57,5797.55,47919550.38,23967071.7,23952478.68
20220401,2022-04,PRD-19,CC-202,1821,16627.69,8987.91,30279023.49,16366984.11,13912039.38
20220401,2022-04,PRD-20,CC-202,0,23830.06,15047.66,0.0,0.0,0.0
20220401,2022-04,PRD-21,CC-202,7109,8139.19,4217.21,57861501.71,29980145.89,27881355.82
20220401,2022-04,PRD-22,CC-202,1144,11989.8,6629.77,13716331.2,7584456.88,6131874.32
20220401,2022-04,PRD-23,CC-202,8704,7846.15,3979.17,68292889.6,34634695.68,33658193.92
20220401,2022-04,PRD-24,CC-202,3375,11214.32,6250.4,37848330.0,21095100.0,16753230.0
20220401,2022-04,PRD-25,CC-202,11366,7134.1,3629.07,81086180.6,41248009.62,39838170.98
20220401,2022-04,PRD-26,CC-202,903,9206.77,5579.16,8313713.31,5037981.48,3275731.83
20220401,2022-04,PRD-27,CC-202,1774,10977.71,5650.11,19474457.54,10023295.14,9451162.4
20220401,2022-04,PRD-28,CC-202,1826,15825.36,8698.58,28897107.36,15883607.08,13013500.28
20220401,2022-04,PRD-29,CC-202,10012,7909.41,4103.73,79189012.92,41086544.76,38102468.16
20220401,2022-04,PRD-30,CC-202,1096,12526.12,6435.03,13728627.52,7052792.88,6675834.64
20220401,2022-04,PRD-31,CC-202,2543,15449.65,7423.01,39288459.95,18876714.43,20411745.52
20220401,2022-04,PRD-32,CC-202,169,17653.7,7629.52,2983475.3,1289388.88,1694086.42
20220401,2022-04,PRD-33,CC-202,864,16008.68,7450.0,13831499.52,6436800.0,7394699.52
20220401,2022-04,PRD-34,CC-202,5228,25873.84,11966.95,135268435.52,62563214.6,72705220.92
20220401,2022-04,PRD-35,CC-202,7182,25899.82,11962.41,186012507.24,85914028.62,100098478.62
20220401,2022-04,PRD-36,CC-202,10807,23082.03,10639.36,249447498.21,114979563.52,134467934.69
20220401,2022-04,PRD-01,CC-203,238,9097.72,4576.56,2165257.36,1089221.28,1076036.08
20220401,2022-04,PRD-02,CC-203,467,12243.74,7225.03,5717826.58,3374089.01,2343737.57
20220401,2022-04,PRD-03,CC-203,809,19848.8,11822.6,16057679.2,9564483.4,6493195.8
20220401,2022-04,PRD-04,CC-203,113,18353.68,9161.08,2073965.84,1035202.04,1038763.8
20220401,2022-04,PRD-05,CC-203,178,24862.64,14598.24,4425549.92,2598486.72,1827063.2
20220401,2022-04,PRD-06,CC-203,790,9620.74,4963.21,7600384.6,3920935.9,3679448.7
20220401,2022-04,PRD-07,CC-203,499,14833.15,7788.01,7401741.85,3886216.99,3515524.86
20220401,2022-04,PRD-08,CC-203,166,22206.26,12649.16,3686239.16,2099760.56,1586478.6
20220401,2022-04,PRD-09,CC-203,318,9263.9,4722.42,2945920.2,1501729.56,1444190.64
20220401,2022-04,PRD-10,CC-203,887,12949.75,7350.95,11486428.25,6520292.65,4966135.6
20220401,2022-04,PRD-11,CC-203,558,18973.58,12122.78,10587257.64,6764511.24,3822746.4
20220401,2022-04,PRD-12,CC-203,523,7510.7,3732.32,3928096.1,1952003.36,1976092.74
20220401,2022-04,PRD-13,CC-203,0,11209.65,5929.78,0.0,0.0,0.0
20220401,2022-04,PRD-14,CC-203,1045,9043.37,4565.92,9450321.65,4771386.4,4678935.25
20220401,2022-04,PRD-15,CC-203,556,13132.54,7231.37,7301692.24,4020641.72,3281050.52
20220401,2022-04,PRD-16,CC-203,903,8706.5,4486.78,7861969.5,4051562.34,3810407.16
20220401,2022-04,PRD-17,CC-203,751,11997.04,6977.87,9009777.04,5240380.37,3769396.67
20220401,2022-04,PRD-18,CC-203,229,11539.94,5797.55,2642646.26,1327638.95,1315007.31
20220401,2022-04,PRD-19,CC-203,1124,16660.5,8987.91,18726402.0,10102410.84,8623991.16
20220401,2022-04,PRD-20,CC-203,145,23495.33,15047.66,3406822.85,2181910.7,1224912.15
20220401,2022-04,PRD-21,CC-203,347,8183.01,4217.21,2839504.47,1463371.87,1376132.6
20220401,2022-04,PRD-22,CC-203,157,12006.65,6629.77,1885044.05,1040873.89,844170.16
20220401,2022-04,PRD-23,CC-203,1159,7849.32,3979.17,9097361.88,4611858.03,4485503.85
20220401,2022-04,PRD-24,CC-203,1226,11073.57,6250.4,13576196.82,7662990.4,5913206.42
20220401,2022-04,PRD-25,CC-203,803,7193.91,3629.07,5776709.73,2914143.21,2862566.52
20220401,2022-04,PRD-26,CC-203,796,9222.88,5579.16,7341412.48,4441011.36,2900401.12
20220401,2022-04,PRD-27,CC-203,564,11016.8,5650.11,6213475.2,3186662.04,3026813.16
20220401,2022-04,PRD-28,CC-203,682,15801.68,8698.58,10776745.76,5932431.56,4844314.2
20220401,2022-04,PRD-29,CC-203,526,7883.16,4103.73,4146542.16,2158561.98,1987980.18
20220401,2022-04,PRD-30,CC-203,402,12337.51,6435.03,4959679.02,2586882.06,2372796.96
20220401,2022-04,PRD-31,CC-203,701,15556.55,7423.01,10905141.55,5203530.01,5701611.54
20220401,2022-04,PRD-32,CC-203,216,17645.19,7629.52,3811361.04,1647976.32,2163384.72
20220401,2022-04,PRD-33,CC-203,415,16301.38,7450.0,6765072.7,3091750.0,3673322.7
20220401,2022-04,PRD-34,CC-203,212,25786.84,11966.95,5466810.08,2536993.4,2929816.68
20220401,2022-04,PRD-35,CC-203,173,26171.9,11962.41,4527738.7,2069496.93,2458241.77
20220401,2022-04,PRD-36,CC-203,40,23123.65,10639.36,924946.0,425574.4,499371.6
20220501,2022-05,PRD-01,CC-202,7156,9097.68,4576.56,65102998.08,32749863.36,32353134.72
20220501,2022-05,PRD-02,CC-202,2555,12179.96,7225.03,31119797.8,18459951.65,12659846.15
20220501,2022-05,PRD-03,CC-202,270,20057.79,11822.6,5415603.3,3192102.0,2223501.3
20220501,2022-05,PRD-04,CC-202,8031,18341.9,9161.08,147303798.9,73572633.48,73731165.42
20220501,2022-05,PRD-05,CC-202,511,24955.4,14598.24,12752209.4,7459700.64,5292508.76
20220501,2022-05,PRD-06,CC-202,7210,9674.79,4963.21,69755235.9,35784744.1,33970491.8
20220501,2022-05,PRD-07,CC-202,963,14898.96,7788.01,14347698.48,7499853.63,6847844.85
20220501,2022-05,PRD-08,CC-202,402,22257.85,12649.16,8947655.7,5084962.32,3862693.38
20220501,2022-05,PRD-09,CC-202,6083,9311.28,4722.42,56640516.24,28726480.86,27914035.38
20220501,2022-05,PRD-10,CC-202,2060,12994.72,7350.95,26769123.2,15142957.0,11626166.2
20220501,2022-05,PRD-11,CC-202,235,18971.29,12122.78,4458253.15,2848853.3,1609399.85
20220501,2022-05,PRD-12,CC-202,11087,7553.44,3732.32,83744989.28,41380231.84,42364757.44
20220501,2022-05,PRD-13,CC-202,937,11240.68,5929.78,10532517.16,5556203.86,4976313.3
20220501,2022-05,PRD-14,CC-202,4589,8990.29,4565.92,41256440.81,20953006.88,20303433.93
20220501,2022-05,PRD-15,CC-202,2353,13081.71,7231.37,30781263.63,17015413.61,13765850.02
20220501,2022-05,PRD-16,CC-202,9369,8800.65,4486.78,82453289.85,42036641.82,40416648.03
20220501,2022-05,PRD-17,CC-202,1236,11992.81,6977.87,14823113.16,8624647.32,6198465.84
20220501,2022-05,PRD-18,CC-202,3273,11491.43,5797.55,37611450.39,18975381.15,18636069.24
20220501,2022-05,PRD-19,CC-202,2874,16544.22,8987.91,47548088.28,25831253.34,21716834.94
20220501,2022-05,PRD-20,CC-202,126,23300.78,15047.66,2935898.28,1896005.16,1039893.12
20220501,2022-05,PRD-21,CC-202,7661,8226.95,4217.21,63026663.95,32308045.81,30718618.14
20220501,2022-05,PRD-22,CC-202,320,12089.72,6629.77,3868710.4,2121526.4,1747184.0
20220501,2022-05,PRD-23,CC-202,10120,7688.97,3979.17,77812376.4,40269200.4,37543176.0
20220501,2022-05,PRD-24,CC-202,3513,11061.27,6250.4,38858241.51,21957655.2,16900586.31
20220501,2022-05,PRD-25,CC-202,18222,7191.71,3629.07,131047339.62,66128913.54,64918426.08
20220501,2022-05,PRD-26,CC-202,1220,9155.99,5579.16,11170307.8,6806575.2,4363732.6
20220501,2022-05,PRD-27,CC-202,1713,11230.87,5650.11,19238480.31,9678638.43,9559841.88
20220501,2022-05,PRD-28,CC-202,2601,15854.83,8698.58,41238412.83,22625006.58,18613406.25
20220501,2022-05,PRD-29,CC-202,9219,7745.39,4103.73,71404750.41,37832286.87,33572463.54
20220501,2022-05,PRD-30,CC-202,1377,12438.41,6435.03,17127690.57,8861036.31,8266654.26
20220501,2022-05,PRD-31,CC-202,3748,15502.83,7423.01,58104606.84,27821441.48,30283165.36
20220501,2022-05,PRD-32,CC-202,362,17937.33,7629.52,6493313.46,2761886.24,3731427.22
20220501,2022-05,PRD-33,CC-202,1763,16041.39,7450.0,28280970.57,13134350.0,15146620.57
20220501,2022-05,PRD-34,CC-202,8136,25452.11,11966.95,207078366.96,97363105.2,109715261.76
20220501,2022-05,PRD-35,CC-202,7047,26266.71,11962.41,185101505.37,84299103.27,100802402.1
20220501,2022-05,PRD-36,CC-202,12482,22959.64,10639.36,286582226.48,132800491.52,153781734.96
20220501,2022-05,PRD-01,CC-203,260,9187.46,4576.56,2388739.6,1189905.6,1198834.0
20220501,2022-05,PRD-02,CC-203,996,12224.23,7225.03,12175333.08,7196129.88,4979203.2
20220501,2022-05,PRD-03,CC-203,520,19878.88,11822.6,10337017.6,6147752.0,4189265.6
20220501,2022-05,PRD-04,CC-203,965,18215.17,9161.08,17577639.05,8840442.2,8737196.85
20220501,2022-05,PRD-05,CC-203,463,24644.73,14598.24,11410509.99,6758985.12,4651524.87
20220501,2022-05,PRD-06,CC-203,843,9542.42,4963.21,8044260.06,4183986.03,3860274.03
20220501,2022-05,PRD-07,CC-203,173,14763.22,7788.01,2554037.06,1347325.73,1206711.33
20220501,2022-05,PRD-08,CC-203,883,22207.44,12649.16,19609169.52,11169208.28,8439961.24
20220501,2022-05,PRD-09,CC-203,487,9285.1,4722.42,4521843.7,2299818.54,2222025.16
20220501,2022-05,PRD-10,CC-203,1294,12902.24,7350.95,16695498.56,9512129.3,7183369.26
20220501,2022-05,PRD-11,CC-203,0,18683.25,12122.78,0.0,0.0,0.0
20220501,2022-05,PRD-12,CC-203,203,7492.85,3732.32,1521048.55,757660.96,763387.59
20220501,2022-05,PRD-13,CC-203,264,11111.07,5929.78,2933322.48,1565461.92,1367860.56
20220501,2022-05,PRD-14,CC-203,252,8985.96,4565.92,2264461.92,1150611.84,1113850.08
20220501,2022-05,PRD-15,CC-203,1396,13153.68,7231.37,18362537.28,10094992.52,8267544.76
20220501,2022-05,PRD-16,CC-203,620,8660.23,4486.78,5369342.6,2781803.6,2587539.0
20220501,2022-05,PRD-17,CC-203,327,12019.49,6977.87,3930373.23,2281763.49,1648609.74
20220501,2022-05,PRD-18,CC-203,628,11473.02,5797.55,7205056.56,3640861.4,3564195.16
20220501,2022-05,PRD-19,CC-203,1310,16592.52,8987.91,21736201.2,11774162.1,9962039.1
20220501,2022-05,PRD-20,CC-203,0,23603.93,15047.66,0.0,0.0,0.0
20220501,2022-05,PRD-21,CC-203,817,8146.16,4217.21,6655412.72,3445460.57,3209952.15
20220501,2022-05,PRD-22,CC-203,251,12124.14,6629.77,3043159.14,1664072.27,1379086.87
20220501,2022-05,PRD-23,CC-203,1290,7732.23,3979.17,9974576.7,5133129.3,4841447.4
20220501,2022-05,PRD-24,CC-203,3145,11239.48,6250.4,35348164.6,19657508.0,15690656.6
20220501,2022-05,PRD-25,CC-203,1691,7094.62,3629.07,11997002.42,6136757.37,5860245.05
20220501,2022-05,PRD-26,CC-203,108,9308.64,5579.16,1005333.12,602549.28,402783.84
20220501,2022-05,PRD-27,CC-203,213,11030.12,5650.11,2349415.56,1203473.43,1145942.13
20220501,2022-05,PRD-28,CC-203,590,15656.17,8698.58,9237140.3,5132162.2,4104978.1
20220501,2022-05,PRD-29,CC-203,612,7858.41,4103.73,4809346.92,2511482.76,2297864.16
20220501,2022-05,PRD-30,CC-203,826,12470.51,6435.03,10300641.26,5315334.78,4985306.48
20220501,2022-05,PRD-31,CC-203,1073,15414.75,7423.01,16540026.75,7964889.73,8575137.02
20220501,2022-05,PRD-32,CC-203,396,17717.35,7629.52,7016070.6,3021289.92,3994780.68
20220501,2022-05,PRD-33,CC-203,258,16109.65,7450.0,4156289.7,1922100.0,2234189.7
20220501,2022-05,PRD-34,CC-203,58,25550.55,11966.95,1481931.9,694083.1,787848.8
20220501,2022-05,PRD-35,CC-203,208,26216.22,11962.41,5452973.76,2488181.28,2964792.48
20220501,2022-05,PRD-36,CC-203,792,23366.12,10639.36,18505967.04,8426373.12,10079593.92
20220601,2022-06,PRD-01,CC-202,8110,9124.83,4576.56,74002371.3,37115901.6,36886469.7
20220601,2022-06,PRD-02,CC-202,2407,12258.67,7225.03,29506618.69,17390647.21,12115971.48
20220601,2022-06,PRD-03,CC-202,770,19966.86,11822.6,15374482.2,9103402.0,6271080.2
20220601,2022-06,PRD-04,CC-202,7202,18292.77,9161.08,131744529.54,65978098.16,65766431.38
20220601,2022-06,PRD-05,CC-202,615,24755.01,14598.24,15224331.15,8977917.6,6246413.55
20220601,2022-06,PRD-06,CC-202,5387,9636.25,4963.21,51910478.75,26736812.27,25173666.48
20220601,2022-06,PRD-07,CC-202,1227,14879.27,7788.01,18256864.29,9555888.27,8700976.02
20220601,2022-06,PRD-08,CC-202,251,22191.92,12649.16,5570171.92,3174939.16,2395232.76
20220601,2022-06,PRD-09,CC-202,5248,9284.11,4722.42,48723009.28,24783260.16,23939749.12
20220601,2022-06,PRD-10,CC-202,2542,12751.39,7350.95,32414033.38,18686114.9,13727918.48
20220601,2022-06,PRD-11,CC-202,0,18985.39,12122.78,0.0,0.0,0.0
20220601,2022-06,PRD-12,CC-202,7150,7536.82,3732.32,53888263.0,26686088.0,27202175.0
20220601,2022-06,PRD-13,CC-202,1511,11055.98,5929.78,16705585.78,8959897.58,7745688.2
20220601,2022-06,PRD-14,CC-202,8719,9000.82,4565.92,78478149.58,39810256.48,38667893.1
20220601,2022-06,PRD-15,CC-202,1178,13073.85,7231.37,15400995.3,8518553.86,6882441.44
20220601,2022-06,PRD-16,CC-202,7733,8815.8,4486.78,68172581.4,34696269.74,33476311.66
20220601,2022-06,PRD-17,CC-202,1140,12005.98,6977.87,13686817.2,7954771.8,5732045.4
20220601,2022-06,PRD-18,CC-202,5519,11490.34,5797.55,63415186.46,31996678.45,31418508.01
20220601,2022-06,PRD-19,CC-202,2666,16558.83,8987.91,44145840.78,23961768.06,20184072.72
20220601,2022-06,PRD-20,CC-202,200,23582.44,15047.66,4716488.0,3009532.0,1706956.0
20220601,2022-06,PRD-21,CC-202,8250,8063.03,4217.21,66519997.5,34791982.5,31728015.0
20220601,2022-06,PRD-22,CC-202,1928,12000.34,6629.77,23136655.52,12782196.56,10354458.96
20220601,2022-06,PRD-23,CC-202,10394,7798.19,3979.17,81054386.86,41359492.98,39694893.88
20220601,2022-06,PRD-24,CC-202,4076,11094.23,6250.4,45220081.48,25476630.4,19743451.08
20220601,2022-06,PRD-25,CC-202,12774,7182.47,3629.07,91748871.78,46357740.18,45391131.6
20220601,2022-06,PRD-26,CC-202,315,9165.84,5579.16,2887239.6,1757435.4,1129804.2
20220601,2022-06,PRD-27,CC-202,2131,11042.83,5650.11,23532270.73,12040384.41,11491886.32
20220601,2022-06,PRD-28,CC-202,1815,15616.23,8698.58,28343457.45,15787922.7,12555534.75
20220601,2022-06,PRD-29,CC-202,9225,7867.23,4103.73,72575196.75,37856909.25,34718287.5
20220601,2022-06,PRD-30,CC-202,1330,12399.81,6435.03,16491747.3,8558589.9,7933157.4
20220601,2022-06,PRD-31,CC-202,1920,15472.76,7423.01,29707699.2,14252179.2,15455520.0
20220601,2022-06,PRD-32,CC-202,1727,17743.88,7629.52,30643680.76,13176181.04,17467499.72
20220601,2022-06,PRD-33,CC-202,1080,16124.02,7450.0,17413941.6,8046000.0,9367941.6
20220601,2022-06,PRD-34,CC-202,5291,25828.16,11966.95,136656794.56,63317132.45,73339662.11
20220601,2022-06,PRD-35,CC-202,7695,26191.66,11962.41,201544823.7,92050744.95,109494078.75
20220601,2022-06,PRD-36,CC-202,11193,22909.65,10639.36,256427712.45,119086356.48,137341355.97
20220601,2022-06,PRD-01,CC-203,513,9145.26,4576.56,4691518.38,2347775.28,2343743.1
20220601,2022-06,PRD-02,CC-203,1778,12272.78,7225.03,21821002.84,12846103.34,8974899.5
20220601,2022-06,PRD-03,CC-203,258,19767.26,11822.6,5099953.08,3050230.8,2049722.28
20220601,2022-06,PRD-04,CC-203,269,18330.66,9161.08,4930947.54,2464330.52,2466617.02
20220601,2022-06,PRD-05,CC-203,439,24886.36,14598.24,10925112.04,6408627.36,4516484.68
20220601,2022-06,PRD-06,CC-203,859,9504.4,4963.21,8164279.6,4263397.39,3900882.21
20220601,2022-06,PRD-07,CC-203,619,14847.89,7788.01,9190843.91,4820778.19,4370065.72
20220601,2022-06,PRD-08,CC-203,0,22145.32,12649.16,0.0,0.0,0.0
20220601,2022-06,PRD-09,CC-203,433,9167.1,4722.42,3969354.3,2044807.86,1924546.44
20220601,2022-06,PRD-10,CC-203,854,12878.87,7350.95,10998554.98,6277711.3,4720843.68
20220601,2022-06,PRD-11,CC-203,488,18702.7,12122.78,9126917.6,5915916.64,3211000.96
20220601,2022-06,PRD-12,CC-203,546,7471.19,3732.32,4079269.74,2037846.72,2041423.02
20220601,2022-06,PRD-13,CC-203,272,11110.98,5929.78,3022186.56,1612900.16,1409286.4
20220601,2022-06,PRD-14,CC-203,934,9008.98,4565.92,8414387.32,4264569.28,4149818.04
20220601,2022-06,PRD-15,CC-203,1655,13050.83,7231.37,21599123.65,11967917.35,9631206.3
20220601,2022-06,PRD-16,CC-203,1241,8702.34,4486.78,10799603.94,5568093.98,5231509.96
20220601,2022-06,PRD-17,CC-203,1214,12002.43,6977.87,14570950.02,8471134.18,6099815.84
20220601,2022-06,PRD-18,CC-203,406,11527.99,5797.55,4680363.94,2353805.3,2326558.64
20220601,2022-06,PRD-19,CC-203,1283,16644.16,8987.91,21354457.28,11531488.53,9822968.75
20220601,2022-06,PRD-20,CC-203,90,23507.83,15047.66,2115704.7,1354289.4,761415.3
20220601,2022-06,PRD-21,CC-203,420,8130.11,4217.21,3414646.2,1771228.2,1643418.0
20220601,2022-06,PRD-22,CC-203,622,11965.62,6629.77,7442615.64,4123716.94,3318898.7
20220601,2022-06,PRD-23,CC-203,1496,7781.34,3979.17,11640884.64,5952838.32,5688046.32
20220601,2022-06,PRD-24,CC-203,1746,11003.67,6250.4,19212407.82,10913198.4,8299209.42
20220601,2022-06,PRD-25,CC-203,890,7172.25,3629.07,6383302.5,3229872.3,3153430.2
20220601,2022-06,PRD-26,CC-203,212,9194.59,5579.16,1949253.08,1182781.92,766471.16
20220601,2022-06,PRD-27,CC-203,0,11077.37,5650.11,0.0,0.0,0.0
20220601,2022-06,PRD-28,CC-203,984,15667.96,8698.58,15417272.64,8559402.72,6857869.92
20220601,2022-06,PRD-29,CC-203,866,7838.08,4103.73,6787777.28,3553830.18,3233947.1
20220601,2022-06,PRD-30,CC-203,257,12401.5,6435.03,3187185.5,1653802.71,1533382.79
20220601,2022-06,PRD-31,CC-203,176,15402.03,7423.01,2710757.28,1306449.76,1404307.52
20220601,2022-06,PRD-32,CC-203,20,17460.44,7629.52,349208.8,152590.4,196618.4
20220601,2022-06,PRD-33,CC-203,415,16053.21,7450.0,6662082.15,3091750.0,3570332.15
20220601,2022-06,PRD-34,CC-203,597,25693.01,11966.95,15338726.97,7144269.15,8194457.82
20220601,2022-06,PRD-35,CC-203,0,25753.59,11962.41,0.0,0.0,0.0
20220601,2022-06,PRD-36,CC-203,379,23116.8,10639.36,8761267.2,4032317.44,4728949.76
20220701,2022-07,PRD-01,CC-202,10384,9151.48,4576.56,95028968.32,47522999.04,47505969.28
20220701,2022-07,PRD-02,CC-202,1759,12215.43,7225.03,21486941.37,12708827.77,8778113.6
20220701,2022-07,PRD-03,CC-202,243,19984.58,11822.6,4856252.94,2872891.8,1983361.14
20220701,2022-07,PRD-04,CC-202,8551,18319.57,9161.08,156650643.07,78336395.08,78314247.99
20220701,2022-07,PRD-05,CC-202,1573,24913.91,14598.24,39189580.43,22963031.52,16226548.91
20220701,2022-07,PRD-06,CC-202,10771,9670.37,4963.21,104159555.27,53458734.91,50700820.36
20220701,2022-07,PRD-07,CC-202,1128,14796.51,7788.01,16690463.28,8784875.28,7905588.0
20220701,2022-07,PRD-08,CC-202,932,22213.53,12649.16,20703009.96,11789017.12,8913992.84
20220701,2022-07,PRD-09,CC-202,9652,9250.08,4722.42,89281772.16,45580797.84,43700974.32
20220701,2022-07,PRD-10,CC-202,1724,12931.68,7350.95,22294216.32,12673037.8,9621178.52
20220701,2022-07,PRD-11,CC-202,63,18805.14,12122.78,1184723.82,763735.14,420988.68
20220701,2022-07,PRD-12,CC-202,8989,7461.19,3732.32,67068636.91,33549824.48,33518812.43
20220701,2022-07,PRD-13,CC-202,1311,11085.57,5929.78,14533182.27,7773941.58,6759240.69
20220701,2022-07,PRD-14,CC-202,5679,9079.19,4565.92,51560720.01,25929859.68,25630860.33
20220701,2022-07,PRD-15,CC-202,2236,13132.13,7231.37,29363442.68,16169343.32,13194099.36
20220701,2022-07,PRD-16,CC-202,11282,8695.63,4486.78,98104097.66,50619851.96,47484245.7
20220701,2022-07,PRD-17,CC-202,1533,12078.26,6977.87,18515972.58,10697074.71,7818897.87
20220701,2022-07,PRD-18,CC-202,5401,11646.68,5797.55,62903718.68,31312567.55,31591151.13
20220701,2022-07,PRD-19,CC-202,4189,16573.74,8987.91,69427396.86,37650354.99,31777041.87
20220701,2022-07,PRD-20,CC-202,117,23626.75,15047.66,2764329.75,1760576.22,1003753.53
20220701,2022-07,PRD-21,CC-202,10936,8117.36,4217.21,88771448.96,46119408.56,42652040.4
20220701,2022-07,PRD-22,CC-202,949,12107.57,6629.77,11490083.93,6291651.73,5198432.2
20220701,2022-07,PRD-23,CC-202,13241,7759.42,3979.17,102742480.22,52688189.97,50054290.25
20220701,2022-07,PRD-24,CC-202,2830,11117.69,6250.4,31463062.7,17688632.0,13774430.7
20220701,2022-07,PRD-25,CC-202,17134,7180.14,3629.07,123024518.76,62180485.38,60844033.38
20220701,2022-07,PRD-26,CC-202,531,9122.59,5579.16,4844095.29,2962533.96,1881561.33
20220701,2022-07,PRD-27,CC-202,2557,10992.76,5650.11,28108487.32,14447331.27,13661156.05
20220701,2022-07,PRD-28,CC-202,2382,15585.11,8698.58,37123732.02,20720017.56,16403714.46
20220701,2022-07,PRD-29,CC-202,9175,7892.51,4103.73,72413779.25,37651722.75,34762056.5
20220701,2022-07,PRD-30,CC-202,2615,12595.02,6435.03,32935977.3,16827603.45,16108373.85
20220701,2022-07,PRD-31,CC-202,4652,15374.57,7423.01,71522499.64,34531842.52,36990657.12
20220701,2022-07,PRD-32,CC-202,626,17574.02,7629.52,11001336.52,4776079.52,6225257.0
20220701,2022-07,PRD-33,CC-202,1102,16012.56,7450.0,17645841.12,8209900.0,9435941.12
20220701,2022-07,PRD-34,CC-202,7961,25769.24,11966.95,205148919.64,95268888.95,109880030.69
20220701,2022-07,PRD-35,CC-202,6595,25978.77,11962.41,171329988.15,78892093.95,92437894.2
20220701,2022-07,PRD-36,CC-202,17152,23007.69,10639.36,394627898.88,182486302.72,212141596.16
20220701,2022-07,PRD-01,CC-203,1182,9115.51,4576.56,10774532.82,5409493.92,5365038.9
20220701,2022-07,PRD-02,CC-203,1843,12264.35,7225.03,22603197.05,13315730.29,9287466.76
20220701,2022-07,PRD-03,CC-203,655,19809.23,11822.6,12975045.65,7743803.0,5231242.65
20220701,2022-07,PRD-04,CC-203,524,18418.69,9161.08,9651393.56,4800405.92,4850987.64
20220701,2022-07,PRD-05,CC-203,1243,24803.12,14598.24,30830278.16,18145612.32,12684665.84
20220701,2022-07,PRD-06,CC-203,534,9742.17,4963.21,5202318.78,2650354.14,2551964.64
20220701,2022-07,PRD-07,CC-203,1043,14725.34,7788.01,15358529.62,8122894.43,7235635.19
20220701,2022-07,PRD-08,CC-203,201,22218.69,12649.16,4465956.69,2542481.16,1923475.53
20220701,2022-07,PRD-09,CC-203,897,9150.87,4722.42,8208330.39,4236010.74,3972319.65
20220701,2022-07,PRD-10,CC-203,1086,12947.87,7350.95,14061386.82,7983131.7,6078255.12
20220701,2022-07,PRD-11,CC-203,684,18667.99,12122.78,12768905.16,8291981.52,4476923.64
20220701,2022-07,PRD-12,CC-203,1304,7427.52,3732.32,9685486.08,4866945.28,4818540.8
20220701,2022-07,PRD-13,CC-203,299,11133.52,5929.78,3328922.48,1773004.22,1555918.26
20220701,2022-07,PRD-14,CC-203,54,9108.0,4565.92,491832.0,246559.68,245272.32
20220701,2022-07,PRD-15,CC-203,1589,13233.53,7231.37,21028079.17,11490646.93,9537432.24
20220701,2022-07,PRD-16,CC-203,516,8633.83,4486.78,4455056.28,2315178.48,2139877.8
20220701,2022-07,PRD-17,CC-203,485,12071.94,6977.87,5854890.9,3384266.95,2470623.95
20220701,2022-07,PRD-18,CC-203,224,11632.21,5797.55,2605615.04,1298651.2,1306963.84
20220701,2022-07,PRD-19,CC-203,693,16676.96,8987.91,11557133.28,6228621.63,5328511.65
20220701,2022-07,PRD-20,CC-203,812,23898.17,15047.66,19405314.04,12218699.92,7186614.12
20220701,2022-07,PRD-21,CC-203,1007,8301.16,4217.21,8359268.12,4246730.47,4112537.65
20220701,2022-07,PRD-22,CC-203,548,12049.43,6629.77,6603087.64,3633113.96,2969973.68
20220701,2022-07,PRD-23,CC-203,232,7782.65,3979.17,1805574.8,923167.44,882407.36
20220701,2022-07,PRD-24,CC-203,2932,11110.56,6250.4,32576161.92,18326172.8,14249989.12
20220701,2022-07,PRD-25,CC-203,2222,7038.67,3629.07,15639924.74,8063793.54,7576131.2
20220701,2022-07,PRD-26,CC-203,553,9138.61,5579.16,5053651.33,3085275.48,1968375.85
20220701,2022-07,PRD-27,CC-203,495,10935.73,5650.11,5413186.35,2796804.45,2616381.9
20220701,2022-07,PRD-28,CC-203,1629,15861.21,8698.58,25837911.09,14169986.82,11667924.27
20220701,2022-07,PRD-29,CC-203,1744,7959.52,4103.73,13881402.88,7156905.12,6724497.76
20220701,2022-07,PRD-30,CC-203,693,12637.46,6435.03,8757759.78,4459475.79,4298283.99
20220701,2022-07,PRD-31,CC-203,1211,15592.9,7423.01,18883001.9,8989265.11,9893736.79
20220701,2022-07,PRD-32,CC-203,354,17560.84,7629.52,6216537.36,2700850.08,3515687.28
20220701,2022-07,PRD-33,CC-203,627,15887.77,7450.0,9961631.79,4671150.0,5290481.79
20220701,2022-07,PRD-34,CC-203,305,25437.84,11966.95,7758541.2,3649919.75,4108621.45
20220701,2022-07,PRD-35,CC-203,341,25921.28,11962.41,8839156.48,4079181.81,4759974.67
20220701,2022-07,PRD-36,CC-203,1131,22970.74,10639.36,25979906.94,12033116.16,13946790.78
20220801,2022-08,PRD-01,CC-202,9301,9105.59,4576.56,84691092.59,42566584.56,42124508.03
20220801,2022-08,PRD-02,CC-202,3309,12357.18,7225.03,40889908.62,23907624.27,16982284.35
20220801,2022-08,PRD-03,CC-202,454,19963.04,11822.6,9063220.16,5367460.4,3695759.76
20220801,2022-08,PRD-04,CC-202,9792,18445.09,9161.08,180614321.28,89705295.36,90909025.92
20220801,2022-08,PRD-05,CC-202,1739,24711.75,14598.24,42973733.25,25386339.36,17587393.89
20220801,2022-08,PRD-06,CC-202,11569,9669.92,4963.21,111871304.48,57419376.49,54451927.99
20220801,2022-08,PRD-07,CC-202,1170,14890.7,7788.01,17422119.0,9111971.7,8310147.3
20220801,2022-08,PRD-08,CC-202,214,22273.86,12649.16,4766606.04,2706920.24,2059685.8
20220801,2022-08,PRD-09,CC-202,8903,9276.61,4722.42,82589658.83,42043705.26,40545953.57
20220801,2022-08,PRD-10,CC-202,2370,12943.29,7350.95,30675597.3,17421751.5,13253845.8
20220801,2022-08,PRD-11,CC-202,336,18872.99,12122.78,6341324.64,4073254.08,2268070.56
20220801,2022-08,PRD-12,CC-202,10547,7491.12,3732.32,79008842.64,39364779.04,39644063.6
20220801,2022-08,PRD-13,CC-202,1325,11189.08,5929.78,14825531.0,7856958.5,6968572.5
20220801,2022-08,PRD-14,CC-202,5927,8902.54,4565.92,52765354.58,27062207.84,25703146.74
20220801,2022-08,PRD-15,CC-202,2790,12991.74,7231.37,36246954.6,20175522.3,16071432.3
20220801,2022-08,PRD-16,CC-202,10121,8823.06,4486.78,89298190.26,45410700.38,43887489.88
20220801,2022-08,PRD-17,CC-202,1124,11936.44,6977.87,13416558.56,7843125.88,5573432.68
20220801,2022-08,PRD-18,CC-202,6394,11559.56,5797.55,73911826.64,37069534.7,36842291.94
20220801,2022-08,PRD-19,CC-202,2150,16655.43,8987.91,35809174.5,19324006.5,16485168.0
20220801,2022-08,PRD-20,CC-202,24,23587.36,15047.66,566096.64,361143.84,204952.8
20220801,2022-08,PRD-21,CC-202,9937,8190.35,4217.21,81387507.95,41906415.77,39481092.18
20220801,2022-08,PRD-22,CC-202,876,12151.01,6629.77,10644284.76,5807678.52,4836606.24
20220801,2022-08,PRD-23,CC-202,11634,7757.82,3979.17,90254477.88,46293663.78,43960814.1
20220801,2022-08,PRD-24,CC-202,3434,11193.93,6250.4,38439955.62,21463873.6,16976082.02
20220801,2022-08,PRD-25,CC-202,18260,7183.02,3629.07,131161945.2,66266818.2,64895127.0
20220801,2022-08,PRD-26,CC-202,1563,9205.38,5579.16,14388008.94,8720227.08,5667781.86
20220801,2022-08,PRD-27,CC-202,3190,11005.71,5650.11,35108214.9,18023850.9,17084364.0
20220801,2022-08,PRD-28,CC-202,1564,15835.27,8698.58,24766362.28,13604579.12,11161783.16
20220801,2022-08,PRD-29,CC-202,11360,7806.76,4103.73,88684793.6,46618372.8,42066420.8
20220801,2022-08,PRD-30,CC-202,1473,12519.69,6435.03,18441503.37,9478799.19,8962704.18
20220801,2022-08,PRD-31,CC-202,3235,15215.97,7423.01,49223662.95,24013437.35,25210225.6
20220801,2022-08,PRD-32,CC-202,1624,17715.5,7629.52,28769972.0,12390340.48,16379631.52
20220801,2022-08,PRD-33,CC-202,1099,15971.8,7450.0,17553008.2,8187550.0,9365458.2
20220801,2022-08,PRD-34,CC-202,8421,25690.1,11966.95,216336332.1,100773685.95,115562646.15
20220801,2022-08,PRD-35,CC-202,6802,25939.38,11962.41,176439662.76,81368312.82,95071349.94
20220801,2022-08,PRD-36,CC-202,20054,22995.38,10639.36,461149350.52,213361725.44,247787625.08
20220801,2022-08,PRD-01,CC-203,1171,9174.53,4576.56,10743374.63,5359151.76,5384222.87
20220801,2022-08,PRD-02,CC-203,2124,12263.24,7225.03,26047121.76,15345963.72,10701158.04
20220801,2022-08,PRD-03,CC-203,205,19914.02,11822.6,4082374.1,2423633.0,1658741.1
20220801,2022-08,PRD-04,CC-203,634,18219.12,9161.08,11550922.08,5808124.72,5742797.36
20220801,2022-08,PRD-05,CC-203,851,24849.56,14598.24,21146975.56,12423102.24,8723873.32
20220801,2022-08,PRD-06,CC-203,488,9635.43,4963.21,4702089.84,2422046.48,2280043.36
20220801,2022-08,PRD-07,CC-203,717,14899.6,7788.01,10683013.2,5584003.17,5099010.03
20220801,2022-08,PRD-08,CC-203,653,22051.17,12649.16,14399414.01,8259901.48,6139512.53
20220801,2022-08,PRD-09,CC-203,850,9234.94,4722.42,7849699.0,4014057.0,3835642.0
20220801,2022-08,PRD-10,CC-203,1268,12954.76,7350.95,16426635.68,9321004.6,7105631.08
20220801,2022-08,PRD-11,CC-203,326,18624.79,12122.78,6071681.54,3952026.28,2119655.26
20220801,2022-08,PRD-12,CC-203,744,7408.03,3732.32,5511574.32,2776846.08,2734728.24
20220801,2022-08,PRD-13,CC-203,875,11165.34,5929.78,9769672.5,5188557.5,4581115.0
20220801,2022-08,PRD-14,CC-203,421,8979.63,4565.92,3780424.23,1922252.32,1858171.91
20220801,2022-08,PRD-15,CC-203,1392,13087.81,7231.37,18218231.52,10066067.04,8152164.48
20220801,2022-08,PRD-16,CC-203,1328,8628.91,4486.78,11459192.48,5958443.84,5500748.64
20220801,2022-08,PRD-17,CC-203,591,11965.04,6977.87,7071338.64,4123921.17,2947417.47
20220801,2022-08,PRD-18,CC-203,166,11537.65,5797.55,1915249.9,962393.3,952856.6
20220801,2022-08,PRD-19,CC-203,2015,16561.96,8987.91,33372349.4,18110638.65,15261710.75
20220801,2022-08,PRD-20,CC-203,0,23491.22,15047.66,0.0,0.0,0.0
20220801,2022-08,PRD-21,CC-203,1203,8185.04,4217.21,9846603.12,5073303.63,4773299.49
20220801,2022-08,PRD-22,CC-203,792,12067.11,6629.77,9557151.12,5250777.84,4306373.28
20220801,2022-08,PRD-23,CC-203,1247,7765.86,3979.17,9684027.42,4962024.99,4722002.43
20220801,2022-08,PRD-24,CC-203,1927,11202.52,6250.4,21587256.04,12044520.8,9542735.24
20220801,2022-08,PRD-25,CC-203,1809,7059.3,3629.07,12770273.7,6564987.63,6205286.07
20220801,2022-08,PRD-26,CC-203,1670,9218.51,5579.16,15394911.7,9317197.2,6077714.5
20220801,2022-08,PRD-27,CC-203,369,10966.07,5650.11,4046479.83,2084890.59,1961589.24
20220801,2022-08,PRD-28,CC-203,916,15881.62,8698.58,14547563.92,7967899.28,6579664.64
20220801,2022-08,PRD-29,CC-203,1533,7883.66,4103.73,12085650.78,6291018.09,5794632.69
20220801,2022-08,PRD-30,CC-203,762,12568.28,6435.03,9577029.36,4903492.86,4673536.5
20220801,2022-08,PRD-31,CC-203,1164,15333.29,7423.01,17847949.56,8640383.64,9207565.92
20220801,2022-08,PRD-32,CC-203,0,17674.46,7629.52,0.0,0.0,0.0
20220801,2022-08,PRD-33,CC-203,229,16097.46,7450.0,3686318.34,1706050.0,1980268.34
20220801,2022-08,PRD-34,CC-203,426,25746.74,11966.95,10968111.24,5097920.7,5870190.54
20220801,2022-08,PRD-35,CC-203,141,26177.26,11962.41,3690993.66,1686699.81,2004293.85
20220801,2022-08,PRD-36,CC-203,648,23256.73,10639.36,15070361.04,6894305.28,8176055.76
20220901,2022-09,PRD-01,CC-202,8532,9194.76,4576.56,78449692.32,39047209.92,39402482.4
20220901,2022-09,PRD-02,CC-202,3392,12342.3,7225.03,41865081.6,24507301.76,17357779.84
20220901,2022-09,PRD-03,CC-202,446,19924.58,11822.6,8886362.68,5272879.6,3613483.08
20220901,2022-09,PRD-04,CC-202,8282,18466.57,9161.08,152940132.74,75872064.56,77068068.18
20220901,2022-09,PRD-05,CC-202,1043,24727.1,14598.24,25790365.3,15225964.32,10564400.98
20220901,2022-09,PRD-06,CC-202,7823,9721.76,4963.21,76053328.48,38827191.83,37226136.65
20220901,2022-09,PRD-07,CC-202,1770,14819.4,7788.01,26230338.0,13784777.7,12445560.3
20220901,2022-09,PRD-08,CC-202,224,22122.75,12649.16,4955496.0,2833411.84,2122084.16
20220901,2022-09,PRD-09,CC-202,8887,9261.4,4722.42,82306061.8,41968146.54,40337915.26
20220901,2022-09,PRD-10,CC-202,3143,12943.01,7350.95,40679880.43,23104035.85,17575844.58
20220901,2022-09,PRD-11,CC-202,593,19017.42,12122.78,11277330.06,7188808.54,4088521.52
20220901,2022-09,PRD-12,CC-202,10537,7462.24,3732.32,78629622.88,39327455.84,39302167.04
20220901,2022-09,PRD-13,CC-202,1090,10965.96,5929.78,11952896.4,6463460.2,5489436.2
20220901,2022-09,PRD-14,CC-202,9641,8973.86,4565.92,86516984.26,44020034.72,42496949.54
20220901,2022-09,PRD-15,CC-202,2596,13135.43,7231.37,34099576.28,18772636.52,15326939.76
20220901,2022-09,PRD-16,CC-202,10205,8734.88,4486.78,89139450.4,45787589.9,43351860.5
20220901,2022-09,PRD-17,CC-202,1282,12034.02,6977.87,15427613.64,8945629.34,6481984.3
20220901,2022-09,PRD-18,CC-202,4383,11522.16,5797.55,50501627.28,25410661.65,25090965.63
20220901,2022-09,PRD-19,CC-202,2781,16635.57,8987.91,46263520.17,24995377.71,21268142.46
20220901,2022-09,PRD-20,CC-202,63,23746.01,15047.66,1495998.63,948002.58,547996.05
20220901,2022-09,PRD-21,CC-202,9382,8144.01,4217.21,76407101.82,39565864.22,36841237.6
20220901,2022-09,PRD-22,CC-202,1546,12237.13,6629.77,18918602.98,10249624.42,8668978.56
20220901,2022-09,PRD-23,CC-202,14073,7855.5,3979.17,110550451.5,55998859.41,54551592.09
20220901,2022-09,PRD-24,CC-202,4712,11113.8,6250.4,52368225.6,29451884.8,22916340.8
20220901,2022-09,PRD-25,CC-202,19400,7130.36,3629.07,138328984.0,70403958.0,67925026.0
20220901,2022-09,PRD-26,CC-202,1283,9228.46,5579.16,11840114.18,7158062.28,4682051.9
20220901,2022-09,PRD-27,CC-202,3364,11020.87,5650.11,37074206.68,19006970.04,18067236.64
20220901,2022-09,PRD-28,CC-202,2758,15740.5,8698.58,43412299.0,23990683.64,19421615.36
20220901,2022-09,PRD-29,CC-202,8971,7883.98,4103.73,70727184.58,36814561.83,33912622.75
20220901,2022-09,PRD-30,CC-202,1425,12475.02,6435.03,17776903.5,9169917.75,8606985.75
20220901,2022-09,PRD-31,CC-202,4791,15548.91,7423.01,74494827.81,35563640.91,38931186.9
20220901,2022-09,PRD-32,CC-202,1589,17734.11,7629.52,28179500.79,12123307.28,16056193.51
20220901,2022-09,PRD-33,CC-202,806,16265.54,7450.0,13110025.24,6004700.0,7105325.24
20220901,2022-09,PRD-34,CC-202,7140,25902.87,11966.95,184946491.8,85444023.0,99502468.8
20220901,2022-09,PRD-35,CC-202,6241,26263.8,11962.41,163912375.8,74657400.81,89254974.99
20220901,2022-09,PRD-36,CC-202,14489,23202.94,10639.36,336187397.66,154153687.04,182033710.62
20220901,2022-09,PRD-01,CC-203,737,9156.72,4576.56,6748502.64,3372924.72,3375577.92
20220901,2022-09,PRD-02,CC-203,1326,12214.63,7225.03,16196599.38,9580389.78,6616209.6
20220901,2022-09,PRD-03,CC-203,699,19909.03,11822.6,13916411.97,8263997.4,5652414.57
20220901,2022-09,PRD-04,CC-203,435,18269.68,9161.08,7947310.8,3985069.8,3962241.0
20220901,2022-09,PRD-05,CC-203,1061,24865.59,14598.24,26382390.99,15488732.64,10893658.35
20220901,2022-09,PRD-06,CC-203,794,9654.48,4963.21,7665657.12,3940788.74,3724868.38
20220901,2022-09,PRD-07,CC-203,785,14972.27,7788.01,11753231.95,6113587.85,5639644.1
20220901,2022-09,PRD-08,CC-203,94,21878.69,12649.16,2056596.86,1189021.04,867575.82
20220901,2022-09,PRD-09,CC-203,768,9236.37,4722.42,7093532.16,3626818.56,3466713.6
20220901,2022-09,PRD-10,CC-203,945,12883.81,7350.95,12175200.45,6946647.75,5228552.7
20220901,2022-09,PRD-11,CC-203,254,18734.47,12122.78,4758555.38,3079186.12,1679369.26
20220901,2022-09,PRD-12,CC-203,513,7444.61,3732.32,3819084.93,1914680.16,1904404.77
20220901,2022-09,PRD-13,CC-203,630,11273.59,5929.78,7102361.7,3735761.4,3366600.3
20220901,2022-09,PRD-14,CC-203,727,9032.5,4565.92,6566627.5,3319423.84,3247203.66
20220901,2022-09,PRD-15,CC-203,668,13034.75,7231.37,8707213.0,4830555.16,3876657.84
20220901,2022-09,PRD-16,CC-203,1458,8796.91,4486.78,12825894.78,6541725.24,6284169.54
20220901,2022-09,PRD-17,CC-203,878,12013.48,6977.87,10547835.44,6126569.86,4421265.58
20220901,2022-09,PRD-18,CC-203,289,11644.52,5797.55,3365266.28,1675491.95,1689774.33
20220901,2022-09,PRD-19,CC-203,1374,16640.18,8987.91,22863607.32,12349388.34,10514218.98
20220901,2022-09,PRD-20,CC-203,370,23384.28,15047.66,8652183.6,5567634.2,3084549.4
20220901,2022-09,PRD-21,CC-203,503,8140.79,4217.21,4094817.37,2121256.63,1973560.74
20220901,2022-09,PRD-22,CC-203,912,12054.86,6629.77,10994032.32,6046350.24,4947682.08
20220901,2022-09,PRD-23,CC-203,1058,7699.8,3979.17,8146388.4,4209961.86,3936426.54
20220901,2022-09,PRD-24,CC-203,1125,11143.67,6250.4,12536628.75,7031700.0,5504928.75
20220901,2022-09,PRD-25,CC-203,1869,7082.09,3629.07,13236426.21,6782731.83,6453694.38
20220901,2022-09,PRD-26,CC-203,502,9225.84,5579.16,4631371.68,2800738.32,1830633.36
20220901,2022-09,PRD-27,CC-203,0,11034.82,5650.11,0.0,0.0,0.0
20220901,2022-09,PRD-28,CC-203,1307,15815.13,8698.58,20670374.91,11369044.06,9301330.85
20220901,2022-09,PRD-29,CC-203,770,7933.75,4103.73,6108987.5,3159872.1,2949115.4
20220901,2022-09,PRD-30,CC-203,333,12510.84,6435.03,4166109.72,2142864.99,2023244.73
20220901,2022-09,PRD-31,CC-203,465,15365.8,7423.01,7145097.0,3451699.65,3693397.35
20220901,2022-09,PRD-32,CC-203,161,17732.26,7629.52,2854893.86,1228352.72,1626541.14
20220901,2022-09,PRD-33,CC-203,0,16035.82,7450.0,0.0,0.0,0.0
20220901,2022-09,PRD-34,CC-203,572,25602.4,11966.95,14644572.8,6845095.4,7799477.4
20220901,2022-09,PRD-35,CC-203,292,26311.68,11962.41,7683010.56,3493023.72,4189986.84
20220901,2022-09,PRD-36,CC-203,572,23088.6,10639.36,13206679.2,6085713.92,7120965.28
20221001,2022-10,PRD-01,CC-202,6681,9165.17,4576.56,61232500.77,30575997.36,30656503.41
20221001,2022-10,PRD-02,CC-202,2783,12334.5,7225.03,34326913.5,20107258.49,14219655.01
20221001,2022-10,PRD-03,CC-202,538,19798.98,11822.6,10651851.24,6360558.8,4291292.44
20221001,2022-10,PRD-04,CC-202,9745,18522.26,9161.08,180499423.7,89274724.6,91224699.1
20221001,2022-10,PRD-05,CC-202,1544,24871.93,14598.24,38402259.92,22539682.56,15862577.36
20221001,2022-10,PRD-06,CC-202,7194,9591.2,4963.21,68999092.8,35705332.74,33293760.06
20221001,2022-10,PRD-07,CC-202,1920,14957.94,7788.01,28719244.8,14952979.2,13766265.6
20221001,2022-10,PRD-08,CC-202,409,22180.43,12649.16,9071795.87,5173506.44,3898289.43
20221001,2022-10,PRD-09,CC-202,8708,9281.35,4722.42,80821995.8,41122833.36,39699162.44
20221001,2022-10,PRD-10,CC-202,1831,12979.58,7350.95,23765610.98,13459589.45,10306021.53
20221001,2022-10,PRD-11,CC-202,380,18647.15,12122.78,7085917.0,4606656.4,2479260.6
20221001,2022-10,PRD-12,CC-202,6729,7498.47,3732.32,50457204.63,25114781.28,25342423.35
20221001,2022-10,PRD-13,CC-202,1038,11161.51,5929.78,11585647.38,6155111.64,5430535.74
20221001,2022-10,PRD-14,CC-202,7204,9119.63,4565.92,65697814.52,32892887.68,32804926.84
20221001,2022-10,PRD-15,CC-202,4052,12958.85,7231.37,52509260.2,29301511.24,23207748.96
20221001,2022-10,PRD-16,CC-202,9660,8726.99,4486.78,84302723.4,43342294.8,40960428.6
20221001,2022-10,PRD-17,CC-202,790,12062.5,6977.87,9529375.0,5512517.3,4016857.7
20221001,2022-10,PRD-18,CC-202,4254,11459.8,5797.55,48749989.2,24662777.7,24087211.5
20221001,2022-10,PRD-19,CC-202,2060,16740.0,8987.91,34484400.0,18515094.6,15969305.4
20221001,2022-10,PRD-20,CC-202,0,23465.39,15047.66,0.0,0.0,0.0
20221001,2022-10,PRD-21,CC-202,8701,8226.2,4217.21,71576166.2,36693944.21,34882221.99
20221001,2022-10,PRD-22,CC-202,1008,12072.32,6629.77,12168898.56,6682808.16,5486090.4
20221001,2022-10,PRD-23,CC-202,13545,7839.49,3979.17,106185892.05,53897857.65,52288034.4
20221001,2022-10,PRD-24,CC-202,4369,11133.47,6250.4,48642130.43,27307997.6,21334132.83
20221001,2022-10,PRD-25,CC-202,16809,7156.68,3629.07,120296634.12,61001037.63,59295596.49
20221001,2022-10,PRD-26,CC-202,1065,9189.68,5579.16,9787009.2,5941805.4,3845203.8
20221001,2022-10,PRD-27,CC-202,4723,11109.2,5650.11,52468751.6,26685469.53,25783282.07
20221001,2022-10,PRD-28,CC-202,1851,15739.82,8698.58,29134406.82,16101071.58,13033335.24
20221001,2022-10,PRD-29,CC-202,11632,7876.97,4103.73,91624915.04,47734587.36,43890327.68
20221001,2022-10,PRD-30,CC-202,2384,12506.1,6435.03,29814542.4,15341111.52,14473430.88
20221001,2022-10,PRD-31,CC-202,2443,15382.97,7423.01,37580595.71,18134413.43,19446182.28
20221001,2022-10,PRD-32,CC-202,1554,17911.13,7629.52,27833896.02,11856274.08,15977621.94
20221001,2022-10,PRD-33,CC-202,827,16042.54,7450.0,13267180.58,6161150.0,7106030.58
20221001,2022-10,PRD-34,CC-202,7098,25510.78,11966.95,181075516.44,84941411.1,96134105.34
20221001,2022-10,PRD-35,CC-202,8615,26285.19,11962.41,226446911.85,103056162.15,123390749.7
20221001,2022-10,PRD-36,CC-202,15325,22979.17,10639.36,352155780.25,163048192.0,189107588.25
20221001,2022-10,PRD-01,CC-203,803,9076.96,4576.56,7288798.88,3674977.68,3613821.2
20221001,2022-10,PRD-02,CC-203,2721,12245.6,7225.03,33320277.6,19659306.63,13660970.97
20221001,2022-10,PRD-03,CC-203,344,20002.47,11822.6,6880849.68,4066974.4,2813875.28
20221001,2022-10,PRD-04,CC-203,558,18489.55,9161.08,10317168.9,5111882.64,5205286.26
20221001,2022-10,PRD-05,CC-203,627,24923.5,14598.24,15627034.5,9153096.48,6473938.02
20221001,2022-10,PRD-06,CC-203,1056,9728.18,4963.21,10272958.08,5241149.76,5031808.32
20221001,2022-10,PRD-07,CC-203,598,14919.67,7788.01,8921962.66,4657229.98,4264732.68
20221001,2022-10,PRD-08,CC-203,286,22002.86,12649.16,6292817.96,3617659.76,2675158.2
20221001,2022-10,PRD-09,CC-203,743,9318.28,4722.42,6923482.04,3508758.06,3414723.98
20221001,2022-10,PRD-10,CC-203,449,12948.5,7350.95,5813876.5,3300576.55,2513299.95
20221001,2022-10,PRD-11,CC-203,186,18867.69,12122.78,3509390.34,2254837.08,1254553.26
20221001,2022-10,PRD-12,CC-203,363,7521.19,3732.32,2730191.97,1354832.16,1375359.81
20221001,2022-10,PRD-13,CC-203,676,11188.7,5929.78,7563561.2,4008531.28,3555029.92
20221001,2022-10,PRD-14,CC-203,806,9010.65,4565.92,7262583.9,3680131.52,3582452.38
20221001,2022-10,PRD-15,CC-203,1964,13210.51,7231.37,25945441.64,14202410.68,11743030.96
20221001,2022-10,PRD-16,CC-203,664,8660.79,4486.78,5750764.56,2979221.92,2771542.64
20221001,2022-10,PRD-17,CC-203,515,12030.41,6977.87,6195661.15,3593603.05,2602058.1
20221001,2022-10,PRD-18,CC-203,584,11458.53,5797.55,6691781.52,3385769.2,3306012.32
20221001,2022-10,PRD-19,CC-203,667,16622.69,8987.91,11087334.23,5994935.97,5092398.26
20221001,2022-10,PRD-20,CC-203,261,23567.16,15047.66,6151028.76,3927439.26,2223589.5
20221001,2022-10,PRD-21,CC-203,1243,8157.38,4217.21,10139623.34,5241992.03,4897631.31
20221001,2022-10,PRD-22,CC-203,1322,11897.64,6629.77,15728680.08,8764555.94,6964124.14
20221001,2022-10,PRD-23,CC-203,316,7777.57,3979.17,2457712.12,1257417.72,1200294.4
20221001,2022-10,PRD-24,CC-203,3203,11140.62,6250.4,35683405.86,20020031.2,15663374.66
20221001,2022-10,PRD-25,CC-203,1680,7124.99,3629.07,11969983.2,6096837.6,5873145.6
20221001,2022-10,PRD-26,CC-203,606,9294.23,5579.16,5632303.38,3380970.96,2251332.42
20221001,2022-10,PRD-27,CC-203,323,11018.31,5650.11,3558914.13,1824985.53,1733928.6
20221001,2022-10,PRD-28,CC-203,1937,15788.93,8698.58,30583157.41,16849149.46,13734007.95
20221001,2022-10,PRD-29,CC-203,1234,7846.03,4103.73,9682001.02,5064002.82,4617998.2
20221001,2022-10,PRD-30,CC-203,584,12498.28,6435.03,7298995.52,3758057.52,3540938.0
20221001,2022-10,PRD-31,CC-203,1103,15404.57,7423.01,16991240.71,8187580.03,8803660.68
20221001,2022-10,PRD-32,CC-203,80,17611.3,7629.52,1408904.0,610361.6,798542.4
20221001,2022-10,PRD-33,CC-203,220,16013.56,7450.0,3522983.2,1639000.0,1883983.2
20221001,2022-10,PRD-34,CC-203,793,25773.72,11966.95,20438559.96,9489791.35,10948768.61
20221001,2022-10,PRD-35,CC-203,347,26220.46,11962.41,9098499.62,4150956.27,4947543.35
20221001,2022-10,PRD-36,CC-203,1122,22920.99,10639.36,25717350.78,11937361.92,13779988.86
20221101,2022-11,PRD-01,CC-202,8991,9187.9,4576.56,82608408.9,41147850.96,41460557.94
20221101,2022-11,PRD-02,CC-202,2956,12320.9,7225.03,36420580.4,21357188.68,15063391.72
20221101,2022-11,PRD-03,CC-202,737,20128.0,11822.6,14834336.0,8713256.2,6121079.8
20221101,2022-11,PRD-04,CC-202,7565,18714.1,9161.08,141572166.5,69303570.2,72268596.3
20221101,2022-11,PRD-05,CC-202,2088,24811.03,14598.24,51805430.64,30481125.12,21324305.52
20221101,2022-11,PRD-06,CC-202,10059,9725.55,4963.21,97829307.45,49924929.39,47904378.06
20221101,2022-11,PRD-07,CC-202,1918,14983.91,7788.01,28739139.38,14937403.18,13801736.2
20221101,2022-11,PRD-08,CC-202,249,22174.08,12649.16,5521345.92,3149640.84,2371705.08
20221101,2022-11,PRD-09,CC-202,5383,9253.37,4722.42,49810890.71,25420786.86,24390103.85
20221101,2022-11,PRD-10,CC-202,1302,13019.19,7350.95,16950985.38,9570936.9,7380048.48
20221101,2022-11,PRD-11,CC-202,343,18899.78,12122.78,6482624.54,4158113.54,2324511.0
20221101,2022-11,PRD-12,CC-202,7475,7584.79,3732.32,56696305.25,27899092.0,28797213.25
20221101,2022-11,PRD-13,CC-202,2056,11119.68,5929.78,22862062.08,12191627.68,10670434.4
20221101,2022-11,PRD-14,CC-202,7432,9073.26,4565.92,67432468.32,33933917.44,33498550.88
20221101,2022-11,PRD-15,CC-202,1609,13076.96,7231.37,21040828.64,11635274.33,9405554.31
20221101,2022-11,PRD-16,CC-202,10471,8701.27,4486.78,91110998.17,46981073.38,44129924.79
20221101,2022-11,PRD-17,CC-202,2653,12038.18,6977.87,31937291.54,18512289.11,13425002.43
20221101,2022-11,PRD-18,CC-202,4649,11651.66,5797.55,54168567.34,26952809.95,27215757.39
20221101,2022-11,PRD-19,CC-202,1927,16506.9,8987.91,31808796.3,17319702.57,14489093.73
20221101,2022-11,PRD-20,CC-202,405,23483.62,15047.66,9510866.1,6094302.3,3416563.8
20221101,2022-11,PRD-21,CC-202,8505,8195.55,4217.21,69703152.75,35867371.05,33835781.7
20221101,2022-11,PRD-22,CC-202,1491,11953.87,6629.77,17823220.17,9884987.07,7938233.1
20221101,2022-11,PRD-23,CC-202,12500,7808.69,3979.17,97608625.0,49739625.0,47869000.0
20221101,2022-11,PRD-24,CC-202,3884,11135.13,6250.4,43248844.92,24276553.6,18972291.32
20221101,2022-11,PRD-25,CC-202,18083,7125.18,3629.07,128844629.94,65624472.81,63220157.13
20221101,2022-11,PRD-26,CC-202,874,9242.45,5579.16,8077901.3,4876185.84,3201715.46
20221101,2022-11,PRD-27,CC-202,2720,10965.89,5650.11,29827220.8,15368299.2,14458921.6
20221101,2022-11,PRD-28,CC-202,2183,15744.97,8698.58,34371269.51,18989000.14,15382269.37
20221101,2022-11,PRD-29,CC-202,12052,7860.03,4103.73,94729081.56,49458153.96,45270927.6
20221101,2022-11,PRD-30,CC-202,1196,12555.04,6435.03,15015827.84,7696295.88,7319531.96
20221101,2022-11,PRD-31,CC-202,1555,15504.41,7423.01,24109357.55,11542780.55,12566577.0
20221101,2022-11,PRD-32,CC-202,1476,17856.42,7629.52,26356075.92,11261171.52,15094904.4
20221101,2022-11,PRD-33,CC-202,2022,16324.57,7450.0,33008280.54,15063900.0,17944380.54
20221101,2022-11,PRD-34,CC-202,8726,25539.75,11966.95,222859858.5,104423605.7,118436252.8
20221101,2022-11,PRD-35,CC-202,7286,25844.33,11962.41,188301788.38,87158119.26,101143669.12
20221101,2022-11,PRD-36,CC-202,13537,23140.87,10639.36,313257957.19,144025016.32,169232940.87
20221101,2022-11,PRD-01,CC-203,510,9058.39,4576.56,4619778.9,2334045.6,2285733.3
20221101,2022-11,PRD-02,CC-203,782,12264.7,7225.03,9590995.4,5649973.46,3941021.94
20221101,2022-11,PRD-03,CC-203,184,19961.04,11822.6,3672831.36,2175358.4,1497472.96
20221101,2022-11,PRD-04,CC-203,372,18348.54,9161.08,6825656.88,3407921.76,3417735.12
20221101,2022-11,PRD-05,CC-203,1314,24762.04,14598.24,32537320.56,19182087.36,13355233.2
20221101,2022-11,PRD-06,CC-203,963,9641.33,4963.21,9284600.79,4779571.23,4505029.56
20221101,2022-11,PRD-07,CC-203,801,14823.08,7788.01,11873287.08,6238196.01,5635091.07
20221101,2022-11,PRD-08,CC-203,127,22105.0,12649.16,2807335.0,1606443.32,1200891.68
20221101,2022-11,PRD-09,CC-203,314,9232.01,4722.42,2898851.14,1482839.88,1416011.26
20221101,2022-11,PRD-10,CC-203,1291,12860.67,7350.95,16603124.97,9490076.45,7113048.52
20221101,2022-11,PRD-11,CC-203,301,18860.5,12122.78,5677010.5,3648956.78,2028053.72
20221101,2022-11,PRD-12,CC-203,769,7506.27,3732.32,5772321.63,2870154.08,2902167.55
20221101,2022-11,PRD-13,CC-203,780,11120.76,5929.78,8674192.8,4625228.4,4048964.4
20221101,2022-11,PRD-14,CC-203,257,8992.38,4565.92,2311041.66,1173441.44,1137600.22
20221101,2022-11,PRD-15,CC-203,1355,13135.15,7231.37,17798128.25,9798506.35,7999621.9
20221101,2022-11,PRD-16,CC-203,1813,8684.74,4486.78,15745433.62,8134532.14,7610901.48
20221101,2022-11,PRD-17,CC-203,937,12134.18,6977.87,11369726.66,6538264.19,4831462.47
20221101,2022-11,PRD-18,CC-203,254,11606.92,5797.55,2948157.68,1472577.7,1475579.98
20221101,2022-11,PRD-19,CC-203,809,16639.51,8987.91,13461363.59,7271219.19,6190144.4
20221101,2022-11,PRD-20,CC-203,324,23842.33,15047.66,7724914.92,4875441.84,2849473.08
20221101,2022-11,PRD-21,CC-203,628,8122.01,4217.21,5100622.28,2648407.88,2452214.4
20221101,2022-11,PRD-22,CC-203,414,11950.62,6629.77,4947556.68,2744724.78,2202831.9
20221101,2022-11,PRD-23,CC-203,634,7736.98,3979.17,4905245.32,2522793.78,2382451.54
20221101,2022-11,PRD-24,CC-203,1376,11119.8,6250.4,15300844.8,8600550.4,6700294.4
20221101,2022-11,PRD-25,CC-203,1283,7201.05,3629.07,9238947.15,4656096.81,4582850.34
20221101,2022-11,PRD-26,CC-203,804,9288.47,5579.16,7467929.88,4485644.64,2982285.24
20221101,2022-11,PRD-27,CC-203,58,10973.51,5650.11,636463.58,327706.38,308757.2
20221101,2022-11,PRD-28,CC-203,1732,15672.94,8698.58,27145532.08,15065940.56,12079591.52
20221101,2022-11,PRD-29,CC-203,1078,7877.75,4103.73,8492214.5,4423820.94,4068393.56
20221101,2022-11,PRD-30,CC-203,892,12522.49,6435.03,11170061.08,5740046.76,5430014.32
20221101,2022-11,PRD-31,CC-203,1300,15413.14,7423.01,20037082.0,9649913.0,10387169.0
20221101,2022-11,PRD-32,CC-203,189,17948.25,7629.52,3392219.25,1441979.28,1950239.97
20221101,2022-11,PRD-33,CC-203,0,16045.45,7450.0,0.0,0.0,0.0
20221101,2022-11,PRD-34,CC-203,0,25504.69,11966.95,0.0,0.0,0.0
20221101,2022-11,PRD-35,CC-203,225,26130.89,11962.41,5879450.25,2691542.25,3187908.0
20221101,2022-11,PRD-36,CC-203,561,23159.38,10639.36,12992412.18,5968680.96,7023731.22
20221201,2022-12,PRD-01,CC-202,7032,9187.8,4576.56,64608609.6,32182369.92,32426239.68
20221201,2022-12,PRD-02,CC-202,2049,12225.46,7225.03,25049967.54,14804086.47,10245881.07
20221201,2022-12,PRD-03,CC-202,395,19780.19,11822.6,7813175.05,4669927.0,3143248.05
20221201,2022-12,PRD-04,CC-202,7136,18353.86,9161.08,130973144.96,65373466.88,65599678.08
20221201,2022-12,PRD-05,CC-202,1198,24951.61,14598.24,29892028.78,17488691.52,12403337.26
20221201,2022-12,PRD-06,CC-202,8046,9705.26,4963.21,78088521.96,39933987.66,38154534.3
20221201,2022-12,PRD-07,CC-202,1791,14983.41,7788.01,26835287.31,13948325.91,12886961.4
20221201,2022-12,PRD-08,CC-202,354,21860.36,12649.16,7738567.44,4477802.64,3260764.8
20221201,2022-12,PRD-09,CC-202,4632,9340.38,4722.42,43264640.16,21874249.44,21390390.72
20221201,2022-12,PRD-10,CC-202,1078,12743.8,7350.95,13737816.4,7924324.1,5813492.3
20221201,2022-12,PRD-11,CC-202,206,18705.82,12122.78,3853398.92,2497292.68,1356106.24
20221201,2022-12,PRD-12,CC-202,6267,7487.04,3732.32,46921279.68,23390449.44,23530830.24
20221201,2022-12,PRD-13,CC-202,1266,11162.87,5929.78,14132193.42,7507101.48,6625091.94
20221201,2022-12,PRD-14,CC-202,5539,8999.1,4565.92,49846014.9,25290630.88,24555384.02
20221201,2022-12,PRD-15,CC-202,2749,13118.68,7231.37,36063251.32,19879036.13,16184215.19
20221201,2022-12,PRD-16,CC-202,9924,8687.99,4486.78,86219612.76,44526804.72,41692808.04
20221201,2022-12,PRD-17,CC-202,849,12012.48,6977.87,10198595.52,5924211.63,4274383.89
20221201,2022-12,PRD-18,CC-202,3603,11596.89,5797.55,41783594.67,20888572.65,20895022.02
20221201,2022-12,PRD-19,CC-202,1991,16642.99,8987.91,33136193.09,17894928.81,15241264.28
20221201,2022-12,PRD-20,CC-202,268,23405.56,15047.66,6272690.08,4032772.88,2239917.2
20221201,2022-12,PRD-21,CC-202,6605,8144.68,4217.21,53795611.4,27854672.05,25940939.35
20221201,2022-12,PRD-22,CC-202,1875,12057.22,6629.77,22607287.5,12430818.75,10176468.75
20221201,2022-12,PRD-23,CC-202,10903,7797.94,3979.17,85020939.82,43384890.51,41636049.31
20221201,2022-12,PRD-24,CC-202,3746,11116.66,6250.4,41643008.36,23413998.4,18229009.96
20221201,2022-12,PRD-25,CC-202,17958,7198.15,3629.07,129264377.7,65170839.06,64093538.64
20221201,2022-12,PRD-26,CC-202,1022,9283.12,5579.16,9487348.64,5701901.52,3785447.12
20221201,2022-12,PRD-27,CC-202,2023,11034.39,5650.11,22322570.97,11430172.53,10892398.44
20221201,2022-12,PRD-28,CC-202,2648,15626.97,8698.58,41380216.56,23033839.84,18346376.72
20221201,2022-12,PRD-29,CC-202,7213,7794.94,4103.73,56224902.22,29600204.49,26624697.73
20221201,2022-12,PRD-30,CC-202,1317,12466.39,6435.03,16418235.63,8474934.51,7943301.12
20221201,2022-12,PRD-31,CC-202,1843,15451.57,7423.01,28477243.51,13680607.43,14796636.08
20221201,2022-12,PRD-32,CC-202,1033,17799.88,7629.52,18387276.04,7881294.16,10505981.88
20221201,2022-12,PRD-33,CC-202,1264,15768.85,7450.0,19931826.4,9416800.0,10515026.4
20221201,2022-12,PRD-34,CC-202,5899,25389.39,11966.95,149772011.61,70593038.05,79178973.56
20221201,2022-12,PRD-35,CC-202,7160,25942.07,11962.41,185745221.2,85650855.6,100094365.6
20221201,2022-12,PRD-36,CC-202,10270,23392.23,10639.36,240238202.1,109266227.2,130971974.9
20221201,2022-12,PRD-01,CC-203,606,9074.46,4576.56,5499122.76,2773395.36,2725727.4
20221201,2022-12,PRD-02,CC-203,1561,12190.94,7225.03,19030057.34,11278271.83,7751785.51
20221201,2022-12,PRD-03,CC-203,526,20220.65,11822.6,10636061.9,6218687.6,4417374.3
20221201,2022-12,PRD-04,CC-203,91,18324.28,9161.08,1667509.48,833658.28,833851.2
20221201,2022-12,PRD-05,CC-203,681,24940.92,14598.24,16984766.52,9941401.44,7043365.08
20221201,2022-12,PRD-06,CC-203,821,9614.4,4963.21,7893422.4,4074795.41,3818626.99
20221201,2022-12,PRD-07,CC-203,1188,14840.04,7788.01,17629967.52,9252155.88,8377811.64
20221201,2022-12,PRD-08,CC-203,64,22218.99,12649.16,1422015.36,809546.24,612469.12
20221201,2022-12,PRD-09,CC-203,351,9206.56,4722.42,3231502.56,1657569.42,1573933.14
20221201,2022-12,PRD-10,CC-203,434,13178.79,7350.95,5719594.86,3190312.3,2529282.56
20221201,2022-12,PRD-11,CC-203,307,18794.73,12122.78,5769982.11,3721693.46,2048288.65
20221201,2022-12,PRD-12,CC-203,287,7499.14,3732.32,2152253.18,1071175.84,1081077.34
20221201,2022-12,PRD-13,CC-203,949,11157.18,5929.78,10588163.82,5627361.22,4960802.6
20221201,2022-12,PRD-14,CC-203,431,9023.18,4565.92,3888990.58,1967911.52,1921079.06
20221201,2022-12,PRD-15,CC-203,534,13091.31,7231.37,6990759.54,3861551.58,3129207.96
20221201,2022-12,PRD-16,CC-203,884,8706.65,4486.78,7696678.6,3966313.52,3730365.08
20221201,2022-12,PRD-17,CC-203,948,11929.92,6977.87,11309564.16,6615020.76,4694543.4
20221201,2022-12,PRD-18,CC-203,201,11540.37,5797.55,2319614.37,1165307.55,1154306.82
20221201,2022-12,PRD-19,CC-203,576,16677.12,8987.91,9606021.12,5177036.16,4428984.96
20221201,2022-12,PRD-20,CC-203,0,23664.05,15047.66,0.0,0.0,0.0
20221201,2022-12,PRD-21,CC-203,577,8158.62,4217.21,4707523.74,2433330.17,2274193.57
20221201,2022-12,PRD-22,CC-203,164,12000.09,6629.77,1968014.76,1087282.28,880732.48
20221201,2022-12,PRD-23,CC-203,591,7854.58,3979.17,4642056.78,2351689.47,2290367.31
20221201,2022-12,PRD-24,CC-203,1444,10977.18,6250.4,15851047.92,9025577.6,6825470.32
20221201,2022-12,PRD-25,CC-203,400,7169.17,3629.07,2867668.0,1451628.0,1416040.0
20221201,2022-12,PRD-26,CC-203,737,9207.14,5579.16,6785662.18,4111840.92,2673821.26
20221201,2022-12,PRD-27,CC-203,384,10966.81,5650.11,4211255.04,2169642.24,2041612.8
20221201,2022-12,PRD-28,CC-203,693,15675.88,8698.58,10863384.84,6028115.94,4835268.9
20221201,2022-12,PRD-29,CC-203,522,7828.05,4103.73,4086242.1,2142147.06,1944095.04
20221201,2022-12,PRD-30,CC-203,699,12469.14,6435.03,8715928.86,4498085.97,4217842.89
20221201,2022-12,PRD-31,CC-203,682,15211.79,7423.01,10374440.78,5062492.82,5311947.96
20221201,2022-12,PRD-32,CC-203,227,17892.42,7629.52,4061579.34,1731901.04,2329678.3
20221201,2022-12,PRD-33,CC-203,231,15961.65,7450.0,3687141.15,1720950.0,1966191.15
20221201,2022-12,PRD-34,CC-203,176,25676.6,11966.95,4519081.6,2106183.2,2412898.4
20221201,2022-12,PRD-35,CC-203,100,26060.67,11962.41,2606067.0,1196241.0,1409826.0
20221201,2022-12,PRD-36,CC-203,489,23218.66,10639.36,11353924.74,5202647.04,6151277.7
20230101,2023-01,PRD-01,CC-202,5698,17574.24,8960.99,100138019.52,51059721.02,49078298.5
20230101,2023-01,PRD-02,CC-202,2825,24334.98,14298.16,68746318.5,40392302.0,28354016.5
20230101,2023-01,PRD-03,CC-202,432,39604.29,23209.99,17109053.28,10026715.68,7082337.6
20230101,2023-01,PRD-04,CC-202,5781,35181.25,17873.66,203382806.25,103327628.46,100055177.79
20230101,2023-01,PRD-05,CC-202,1517,48921.98,28674.39,74214643.66,43499049.63,30715594.03
20230101,2023-01,PRD-06,CC-202,6494,18706.93,9724.04,121482803.42,63147915.76,58334887.66
20230101,2023-01,PRD-07,CC-202,786,29613.42,15340.05,23276148.12,12057279.3,11218868.82
20230101,2023-01,PRD-08,CC-202,0,43608.91,24965.26,0.0,0.0,0.0
20230101,2023-01,PRD-09,CC-202,5753,17620.69,9218.41,101371829.57,53033512.73,48338316.84
20230101,2023-01,PRD-10,CC-202,994,25468.44,14431.48,25315629.36,14344891.12,10970738.24
20230101,2023-01,PRD-11,CC-202,112,37403.19,23696.23,4189157.28,2653977.76,1535179.52
20230101,2023-01,PRD-12,CC-202,6059,14529.63,7317.06,88035028.17,44334066.54,43700961.63
20230101,2023-01,PRD-13,CC-202,688,22036.41,11715.28,15161050.08,8060112.64,7100937.44
20230101,2023-01,PRD-14,CC-202,5451,17233.66,8909.96,93940680.66,48568191.96,45372488.7
20230101,2023-01,PRD-15,CC-202,2739,25889.1,14230.76,70910244.9,38978051.64,31932193.26
20230101,2023-01,PRD-16,CC-202,9828,16641.11,8775.72,163548829.08,86247776.16,77301052.92
20230101,2023-01,PRD-17,CC-202,931,23984.84,13765.56,22329886.04,12815736.36,9514149.68
20230101,2023-01,PRD-18,CC-202,3061,22402.04,11360.77,68572644.44,34775316.97,33797327.47
20230101,2023-01,PRD-19,CC-202,1928,32985.31,17717.54,63595677.68,34159417.12,29436260.56
20230101,2023-01,PRD-20,CC-202,234,46976.82,29525.73,10992575.88,6909020.82,4083555.06
20230101,2023-01,PRD-21,CC-202,8075,15709.07,8249.04,126850740.25,66610998.0,60239742.25
20230101,2023-01,PRD-22,CC-202,1667,23653.21,13040.89,39429901.07,21739163.63,17690737.44
20230101,2023-01,PRD-23,CC-202,6738,15075.09,7767.17,101575956.42,52335191.46,49240764.96
20230101,2023-01,PRD-24,CC-202,3023,21980.29,12327.99,66446416.67,37267513.77,29178902.9
20230101,2023-01,PRD-25,CC-202,9641,13702.96,7091.75,132110237.36,68371561.75,63738675.61
20230101,2023-01,PRD-26,CC-202,109,18333.83,11003.48,1998387.47,1199379.32,799008.15
20230101,2023-01,PRD-27,CC-202,1531,21310.02,11086.98,32625640.62,16974166.38,15651474.24
20230101,2023-01,PRD-28,CC-202,1913,30661.39,17165.73,58655239.07,32838041.49,25817197.58
20230101,2023-01,PRD-29,CC-202,7757,15181.69,8035.7,117764369.33,62332924.9,55431444.43
20230101,2023-01,PRD-30,CC-202,602,24861.7,12659.59,14966743.4,7621073.18,7345670.22
20230101,2023-01,PRD-31,CC-202,2868,30428.99,14615.79,87270343.32,41918085.72,45352257.6
20230101,2023-01,PRD-32,CC-202,866,34225.93,14992.77,29639655.38,12983738.82,16655916.56
20230101,2023-01,PRD-33,CC-202,870,31455.08,14602.18,27365919.6,12703896.6,14662023.0
20230101,2023-01,PRD-34,CC-202,6181,49859.84,23427.42,308183671.04,144804883.02,163378788.02
20230101,2023-01,PRD-35,CC-202,5119,50310.99,23345.54,257541957.81,119505819.26,138036138.55
20230101,2023-01,PRD-36,CC-202,10698,44596.07,20741.46,477088756.86,221892139.08,255196617.78
20230101,2023-01,PRD-01,CC-203,608,17895.47,8960.99,10880445.76,5448281.92,5432163.84
20230101,2023-01,PRD-02,CC-203,1021,24587.34,14298.16,25103674.14,14598421.36,10505252.78
20230101,2023-01,PRD-03,CC-203,325,39769.18,23209.99,12924983.5,7543246.75,5381736.75
20230101,2023-01,PRD-04,CC-203,348,35565.12,17873.66,12376661.76,6220033.68,6156628.08
20230101,2023-01,PRD-05,CC-203,167,49470.15,28674.39,8261515.05,4788623.13,3472891.92
20230101,2023-01,PRD-06,CC-203,53,18544.94,9724.04,982881.82,515374.12,467507.7
20230101,2023-01,PRD-07,CC-203,67,29536.97,15340.05,1978976.99,1027783.35,951193.64
20230101,2023-01,PRD-08,CC-203,359,43899.59,24965.26,15759952.81,8962528.34,6797424.47
20230101,2023-01,PRD-09,CC-203,222,17826.09,9218.41,3957391.98,2046487.02,1910904.96
20230101,2023-01,PRD-10,CC-203,835,25444.58,14431.48,21246224.3,12050285.8,9195938.5
20230101,2023-01,PRD-11,CC-203,749,37337.38,23696.23,27965697.62,17748476.27,10217221.35
20230101,2023-01,PRD-12,CC-203,636,14634.98,7317.06,9307847.28,4653650.16,4654197.12
20230101,2023-01,PRD-13,CC-203,591,22113.26,11715.28,13068936.66,6923730.48,6145206.18
20230101,2023-01,PRD-14,CC-203,0,17332.34,8909.96,0.0,0.0,0.0
20230101,2023-01,PRD-15,CC-203,424,25926.89,14230.76,10993001.36,6033842.24,4959159.12
20230101,2023-01,PRD-16,CC-203,440,16717.13,8775.72,7355537.2,3861316.8,3494220.4
20230101,2023-01,PRD-17,CC-203,471,24059.74,13765.56,11332137.54,6483578.76,4848558.78
20230101,2023-01,PRD-18,CC-203,422,22489.59,11360.77,9490606.98,4794244.94,4696362.04
20230101,2023-01,PRD-19,CC-203,447,32599.92,17717.54,14572164.24,7919740.38,6652423.86
20230101,2023-01,PRD-20,CC-203,491,46590.76,29525.73,22876063.16,14497133.43,8378929.73
20230101,2023-01,PRD-21,CC-203,151,15654.9,8249.04,2363889.9,1245605.04,1118284.86
20230101,2023-01,PRD-22,CC-203,543,23585.12,13040.89,12806720.16,7081203.27,5725516.89
20230101,2023-01,PRD-23,CC-203,391,15161.6,7767.17,5928185.6,3036963.47,2891222.13
20230101,2023-01,PRD-24,CC-203,1346,22029.79,12327.99,29652097.34,16593474.54,13058622.8
20230101,2023-01,PRD-25,CC-203,2141,13776.03,7091.75,29494480.23,15183436.75,14311043.48
20230101,2023-01,PRD-26,CC-203,222,18177.31,11003.48,4035362.82,2442772.56,1592590.26
20230101,2023-01,PRD-27,CC-203,0,21147.93,11086.98,0.0,0.0,0.0
20230101,2023-01,PRD-28,CC-203,641,30710.18,17165.73,19685225.38,11003232.93,8681992.45
20230101,2023-01,PRD-29,CC-203,1202,14968.66,8035.7,17992329.32,9658911.4,8333417.92
20230101,2023-01,PRD-30,CC-203,94,24676.09,12659.59,2319552.46,1190001.46,1129551.0
20230101,2023-01,PRD-31,CC-203,1063,30004.07,14615.79,31894326.41,15536584.77,16357741.64
20230101,2023-01,PRD-32,CC-203,45,34700.19,14992.77,1561508.55,674674.65,886833.9
20230101,2023-01,PRD-33,CC-203,84,31241.77,14602.18,2624308.68,1226583.12,1397725.56
20230101,2023-01,PRD-34,CC-203,60,49453.05,23427.42,2967183.0,1405645.2,1561537.8
20230101,2023-01,PRD-35,CC-203,248,50134.56,23345.54,12433370.88,5789693.92,6643676.96
20230101,2023-01,PRD-36,CC-203,307,44736.14,20741.46,13733994.98,6367628.22,7366366.76
20230201,2023-02,PRD-01,CC-202,5554,17602.41,8960.99,97763785.14,49769338.46,47994446.68
20230201,2023-02,PRD-02,CC-202,1223,24311.71,14298.16,29733221.33,17486649.68,12246571.65
20230201,2023-02,PRD-03,CC-202,92,39756.39,23209.99,3657587.88,2135319.08,1522268.8
20230201,2023-02,PRD-04,CC-202,7658,35228.17,17873.66,269777325.86,136876488.28,132900837.58
20230201,2023-02,PRD-05,CC-202,1040,49408.22,28674.39,51384548.8,29821365.6,21563183.2
20230201,2023-02,PRD-06,CC-202,5501,18616.58,9724.04,102409806.58,53491944.04,48917862.54
20230201,2023-02,PRD-07,CC-202,810,29647.03,15340.05,24014094.3,12425440.5,11588653.8
20230201,2023-02,PRD-08,CC-202,0,43980.19,24965.26,0.0,0.0,0.0
20230201,2023-02,PRD-09,CC-202,5443,17749.79,9218.41,96612106.97,50175805.63,46436301.34
20230201,2023-02,PRD-10,CC-202,1006,25521.64,14431.48,25674769.84,14518068.88,11156700.96
20230201,2023-02,PRD-11,CC-202,0,37699.88,23696.23,0.0,0.0,0.0
20230201,2023-02,PRD-12,CC-202,6176,14663.91,7317.06,90564308.16,45190162.56,45374145.6
20230201,2023-02,PRD-13,CC-202,743,22050.49,11715.28,16383514.07,8704453.04,7679061.03
20230201,2023-02,PRD-14,CC-202,5249,17252.89,8909.96,90560419.61,46768380.04,43792039.57
20230201,2023-02,PRD-15,CC-202,1447,26243.64,14230.76,37974547.08,20591909.72,17382637.36
20230201,2023-02,PRD-16,CC-202,7424,16805.38,8775.72,124763141.12,65150945.28,59612195.84
20230201,2023-02,PRD-17,CC-202,739,23605.21,13765.56,17444250.19,10172748.84,7271501.35
20230201,2023-02,PRD-18,CC-202,4041,22427.47,11360.77,90629406.27,45908871.57,44720534.7
20230201,2023-02,PRD-19,CC-202,1996,32878.49,17717.54,65625466.04,35364209.84,30261256.2
20230201,2023-02,PRD-20,CC-202,0,46761.41,29525.73,0.0,0.0,0.0
20230201,2023-02,PRD-21,CC-202,6994,15783.66,8249.04,110390918.04,57693785.76,52697132.28
20230201,2023-02,PRD-22,CC-202,789,23988.62,13040.89,18927021.18,10289262.21,8637758.97
20230201,2023-02,PRD-23,CC-202,8108,14895.52,7767.17,120772876.16,62976214.36,57796661.8
20230201,2023-02,PRD-24,CC-202,2740,21973.1,12327.99,60206294.0,33778692.6,26427601.4
20230201,2023-02,PRD-25,CC-202,15209,13685.36,7091.75,208140640.24,107858425.75,100282214.49
20230201,2023-02,PRD-26,CC-202,308,18162.81,11003.48,5594145.48,3389071.84,2205073.64
20230201,2023-02,PRD-27,CC-202,2159,21100.2,11086.98,45555331.8,23936789.82,21618541.98
20230201,2023-02,PRD-28,CC-202,2515,30806.51,17165.73,77478372.65,43171810.95,34306561.7
20230201,2023-02,PRD-29,CC-202,7679,15280.86,8035.7,117341723.94,61706140.3,55635583.64
20230201,2023-02,PRD-30,CC-202,1145,24752.49,12659.59,28341601.05,14495230.55,13846370.5
20230201,2023-02,PRD-31,CC-202,1487,30306.63,14615.79,45065958.81,21733679.73,23332279.08
20230201,2023-02,PRD-32,CC-202,35,34994.86,14992.77,1224820.1,524746.95,700073.15
20230201,2023-02,PRD-33,CC-202,485,31533.77,14602.18,15293878.45,7082057.3,8211821.15
20230201,2023-02,PRD-34,CC-202,6672,49721.54,23427.42,331742114.88,156307746.24,175434368.64
20230201,2023-02,PRD-35,CC-202,5503,49889.6,23345.54,274542468.8,128470506.62,146071962.18
20230201,2023-02,PRD-36,CC-202,11518,44324.02,20741.46,510524062.36,238900136.28,271623926.08
20230201,2023-02,PRD-01,CC-203,536,17615.1,8960.99,9441693.6,4803090.64,4638602.96
20230201,2023-02,PRD-02,CC-203,1655,24303.34,14298.16,40222027.7,23663454.8,16558572.9
20230201,2023-02,PRD-03,CC-203,0,39373.85,23209.99,0.0,0.0,0.0
20230201,2023-02,PRD-04,CC-203,34,35490.89,17873.66,1206690.26,607704.44,598985.82
20230201,2023-02,PRD-05,CC-203,175,48999.09,28674.39,8574840.75,5018018.25,3556822.5
20230201,2023-02,PRD-06,CC-203,59,18695.83,9724.04,1103053.97,573718.36,529335.61
20230201,2023-02,PRD-07,CC-203,481,29711.61,15340.05,14291284.41,7378564.05,6912720.36
20230201,2023-02,PRD-08,CC-203,96,43834.3,24965.26,4208092.8,2396664.96,1811427.84
20230201,2023-02,PRD-09,CC-203,307,17733.63,9218.41,5444224.41,2830051.87,2614172.54
20230201,2023-02,PRD-10,CC-203,1015,25377.44,14431.48,25758101.6,14647952.2,11110149.4
20230201,2023-02,PRD-11,CC-203,262,37573.31,23696.23,9844207.22,6208412.26,3635794.96
20230201,2023-02,PRD-12,CC-203,499,14529.24,7317.06,7250090.76,3651212.94,3598877.82
20230201,2023-02,PRD-13,CC-203,166,22101.05,11715.28,3668774.3,1944736.48,1724037.82
20230201,2023-02,PRD-14,CC-203,418,17480.14,8909.96,7306698.52,3724363.28,3582335.24
20230201,2023-02,PRD-15,CC-203,598,26010.22,14230.76,15554111.56,8509994.48,7044117.08
20230201,2023-02,PRD-16,CC-203,685,16655.52,8775.72,11409031.2,6011368.2,5397663.0
20230201,2023-02,PRD-17,CC-203,625,23876.93,13765.56,14923081.25,8603475.0,6319606.25
20230201,2023-02,PRD-18,CC-203,452,22459.37,11360.77,10151635.24,5135068.04,5016567.2
20230201,2023-02,PRD-19,CC-203,770,32738.1,17717.54,25208337.0,13642505.8,11565831.2
20230201,2023-02,PRD-20,CC-203,365,47168.75,29525.73,17216593.75,10776891.45,6439702.3
20230201,2023-02,PRD-21,CC-203,363,15639.07,8249.04,5676982.41,2994401.52,2682580.89
20230201,2023-02,PRD-22,CC-203,284,23886.14,13040.89,6783663.76,3703612.76,3080051.0
20230201,2023-02,PRD-23,CC-203,498,15068.16,7767.17,7503943.68,3868050.66,3635893.02
20230201,2023-02,PRD-24,CC-203,1038,21830.27,12327.99,22659820.26,12796453.62,9863366.64
20230201,2023-02,PRD-25,CC-203,651,13565.67,7091.75,8831251.17,4616729.25,4214521.92
20230201,2023-02,PRD-26,CC-203,388,18303.61,11003.48,7101800.68,4269350.24,2832450.44
20230201,2023-02,PRD-27,CC-203,0,21492.26,11086.98,0.0,0.0,0.0
20230201,2023-02,PRD-28,CC-203,1167,30880.47,17165.73,36037508.49,20032406.91,16005101.58
20230201,2023-02,PRD-29,CC-203,1558,15194.06,8035.7,23672345.48,12519620.6,11152724.88
20230201,2023-02,PRD-30,CC-203,120,24862.84,12659.59,2983540.8,1519150.8,1464390.0
20230201,2023-02,PRD-31,CC-203,790,30631.7,14615.79,24199043.0,11546474.1,12652568.9
20230201,2023-02,PRD-32,CC-203,0,34455.03,14992.77,0.0,0.0,0.0
20230201,2023-02,PRD-33,CC-203,137,31061.68,14602.18,4255450.16,2000498.66,2254951.5
20230201,2023-02,PRD-34,CC-203,109,49813.64,23427.42,5429686.76,2553588.78,2876097.98
20230201,2023-02,PRD-35,CC-203,0,50171.91,23345.54,0.0,0.0,0.0
20230201,2023-02,PRD-36,CC-203,253,44706.88,20741.46,11310840.64,5247589.38,6063251.26
20230301,2023-03,PRD-01,CC-202,7121,17760.95,8960.99,126475724.95,63811209.79,62664515.16
20230301,2023-03,PRD-02,CC-202,2537,24428.49,14298.16,61975079.13,36274431.92,25700647.21
20230301,2023-03,PRD-03,CC-202,770,39340.28,23209.99,30292015.6,17871692.3,12420323.3
20230301,2023-03,PRD-04,CC-202,7386,35368.41,17873.66,261231076.26,132014852.76,129216223.5
20230301,2023-03,PRD-05,CC-202,804,49246.43,28674.39,39594129.72,23054209.56,16539920.16
20230301,2023-03,PRD-06,CC-202,7388,18430.03,9724.04,136161061.64,71841207.52,64319854.12
20230301,2023-03,PRD-07,CC-202,1109,29442.73,15340.05,32651987.57,17012115.45,15639872.12
20230301,2023-03,PRD-08,CC-202,437,44251.53,24965.26,19337918.61,10909818.62,8428099.99
20230301,2023-03,PRD-09,CC-202,4749,17798.51,9218.41,84525123.99,43778229.09,40746894.9
20230301,2023-03,PRD-10,CC-202,1292,25429.15,14431.48,32854461.8,18645472.16,14208989.64
20230301,2023-03,PRD-11,CC-202,92,37377.52,23696.23,3438731.84,2180053.16,1258678.68
20230301,2023-03,PRD-12,CC-202,5359,14626.48,7317.06,78383306.32,39212124.54,39171181.78
20230301,2023-03,PRD-13,CC-202,655,22208.31,11715.28,14546443.05,7673508.4,6872934.65
20230301,2023-03,PRD-14,CC-202,4841,17252.04,8909.96,83517125.64,43133116.36,40384009.28
20230301,2023-03,PRD-15,CC-202,1591,26124.48,14230.76,41564047.68,22641139.16,18922908.52
20230301,2023-03,PRD-16,CC-202,6064,16585.85,8775.72,100576594.4,53215966.08,47360628.32
20230301,2023-03,PRD-17,CC-202,2122,23833.97,13765.56,50575684.34,29210518.32,21365166.02
20230301,2023-03,PRD-18,CC-202,3753,22314.76,11360.77,83747294.28,42636969.81,41110324.47
20230301,2023-03,PRD-19,CC-202,495,33120.58,17717.54,16394687.1,8770182.3,7624504.8
20230301,2023-03,PRD-20,CC-202,46,46816.4,29525.73,2153554.4,1358183.58,795370.82
20230301,2023-03,PRD-21,CC-202,8673,15610.55,8249.04,135390300.15,71543923.92,63846376.23
20230301,2023-03,PRD-22,CC-202,1678,23711.09,13040.89,39787209.02,21882613.42,17904595.6
20230301,2023-03,PRD-23,CC-202,7649,15158.2,7767.17,115945071.8,59411083.33,56533988.47
20230301,2023-03,PRD-24,CC-202,1693,21743.01,12327.99,36810915.93,20871287.07,15939628.86
20230301,2023-03,PRD-25,CC-202,13777,13790.1,7091.75,189986207.7,97703039.75,92283167.95
20230301,2023-03,PRD-26,CC-202,562,18395.89,11003.48,10338490.18,6183955.76,4154534.42
20230301,2023-03,PRD-27,CC-202,2678,21335.63,11086.98,57136817.14,29690932.44,27445884.7
20230301,2023-03,PRD-28,CC-202,1387,30826.14,17165.73,42755856.18,23808867.51,18946988.67
20230301,2023-03,PRD-29,CC-202,8667,15091.47,8035.7,130797770.49,69645411.9,61152358.59
20230301,2023-03,PRD-30,CC-202,670,24975.44,12659.59,16733544.8,8481925.3,8251619.5
20230301,2023-03,PRD-31,CC-202,2095,30487.42,14615.79,63871144.9,30620080.05,33251064.85
20230301,2023-03,PRD-32,CC-202,574,34926.33,14992.77,20047713.42,8605849.98,11441863.44
20230301,2023-03,PRD-33,CC-202,1052,31386.93,14602.18,33019050.36,15361493.36,17657557.0
20230301,2023-03,PRD-34,CC-202,4554,49207.4,23427.42,224090499.6,106688470.68,117402028.92
20230301,2023-03,PRD-35,CC-202,5541,49847.01,23345.54,276202282.41,129357637.14,146844645.27
20230301,2023-03,PRD-36,CC-202,11209,44298.53,20741.46,496542222.77,232491025.14,264051197.63
20230301,2023-03,PRD-01,CC-203,941,17707.2,8960.99,16662475.2,8432291.59,8230183.61
20230301,2023-03,PRD-02,CC-203,1560,24297.61,14298.16,37904271.6,22305129.6,15599142.0
20230301,2023-03,PRD-03,CC-203,104,39515.55,23209.99,4109617.2,2413838.96,1695778.24
20230301,2023-03,PRD-04,CC-203,449,35551.32,17873.66,15962542.68,8025273.34,7937269.34
20230301,2023-03,PRD-05,CC-203,632,49183.43,28674.39,31083927.76,18122214.48,12961713.28
20230301,2023-03,PRD-06,CC-203,494,18269.61,9724.04,9025187.34,4803675.76,4221511.58
20230301,2023-03,PRD-07,CC-203,644,29658.37,15340.05,19099990.28,9878992.2,9220998.08
20230301,2023-03,PRD-08,CC-203,223,44041.33,24965.26,9821216.59,5567252.98,4253963.61
20230301,2023-03,PRD-09,CC-203,270,17801.91,9218.41,4806515.7,2488970.7,2317545.0
20230301,2023-03,PRD-10,CC-203,886,25243.28,14431.48,22365546.08,12786291.28,9579254.8
20230301,2023-03,PRD-11,CC-203,220,37516.9,23696.23,8253718.0,5213170.6,3040547.4
20230301,2023-03,PRD-12,CC-203,1295,14604.72,7317.06,18913112.4,9475592.7,9437519.7
20230301,2023-03,PRD-13,CC-203,202,22041.32,11715.28,4452346.64,2366486.56,2085860.08
20230301,2023-03,PRD-14,CC-203,453,17358.49,8909.96,7863395.97,4036211.88,3827184.09
20230301,2023-03,PRD-15,CC-203,1302,25910.01,14230.76,33734833.02,18528449.52,15206383.5
20230301,2023-03,PRD-16,CC-203,705,16693.83,8775.72,11769150.15,6186882.6,5582267.55
20230301,2023-03,PRD-17,CC-203,190,23826.62,13765.56,4527057.8,2615456.4,1911601.4
20230301,2023-03,PRD-18,CC-203,453,22432.59,11360.77,10161963.27,5146428.81,5015534.46
20230301,2023-03,PRD-19,CC-203,659,32809.23,17717.54,21621282.57,11675858.86,9945423.71
20230301,2023-03,PRD-20,CC-203,84,47047.03,29525.73,3951950.52,2480161.32,1471789.2
20230301,2023-03,PRD-21,CC-203,756,15806.51,8249.04,11949721.56,6236274.24,5713447.32
20230301,2023-03,PRD-22,CC-203,630,23884.93,13040.89,15047505.9,8215760.7,6831745.2
20230301,2023-03,PRD-23,CC-203,666,15097.12,7767.17,10054681.92,5172935.22,4881746.7
20230301,2023-03,PRD-24,CC-203,1508,21844.45,12327.99,32941430.6,18590608.92,14350821.68
20230301,2023-03,PRD-25,CC-203,1270,13620.41,7091.75,17297920.7,9006522.5,8291398.2
20230301,2023-03,PRD-26,CC-203,764,18183.26,11003.48,13892010.64,8406658.72,5485351.92
20230301,2023-03,PRD-27,CC-203,0,21303.17,11086.98,0.0,0.0,0.0
20230301,2023-03,PRD-28,CC-203,1540,30984.65,17165.73,47716361.0,26435224.2,21281136.8
20230301,2023-03,PRD-29,CC-203,1108,15142.11,8035.7,16777457.88,8903555.6,7873902.28
20230301,2023-03,PRD-30,CC-203,350,24610.91,12659.59,8613818.5,4430856.5,4182962.0
20230301,2023-03,PRD-31,CC-203,623,30504.58,14615.79,19004353.34,9105637.17,9898716.17
20230301,2023-03,PRD-32,CC-203,65,34701.25,14992.77,2255581.25,974530.05,1281051.2
20230301,2023-03,PRD-33,CC-203,208,31373.77,14602.18,6525744.16,3037253.44,3488490.72
20230301,2023-03,PRD-34,CC-203,386,49142.02,23427.42,18968819.72,9042984.12,9925835.6
20230301,2023-03,PRD-35,CC-203,367,49696.22,23345.54,18238512.74,8567813.18,9670699.56
20230301,2023-03,PRD-36,CC-203,376,44286.29,20741.46,16651645.04,7798788.96,8852856.08
20230401,2023-04,PRD-01,CC-202,6056,17805.28,8960.99,107828775.68,54267755.44,53561020.24
20230401,2023-04,PRD-02,CC-202,3320,24384.51,14298.16,80956573.2,47469891.2,33486682.0
20230401,2023-04,PRD-03,CC-202,695,39413.36,23209.99,27392285.2,16130943.05,11261342.15
20230401,2023-04,PRD-04,CC-202,4791,35860.1,17873.66,171805739.1,85632705.06,86173034.04
20230401,2023-04,PRD-05,CC-202,1479,49612.77,28674.39,73377286.83,42409422.81,30967864.02
20230401,2023-04,PRD-06,CC-202,7519,18647.33,9724.04,140209274.27,73115056.76,67094217.51
20230401,2023-04,PRD-07,CC-202,1796,29520.84,15340.05,53019428.64,27550729.8,25468698.84
20230401,2023-04,PRD-08,CC-202,87,43819.69,24965.26,3812313.03,2171977.62,1640335.41
20230401,2023-04,PRD-09,CC-202,5964,17767.93,9218.41,105967934.52,54978597.24,50989337.28
20230401,2023-04,PRD-10,CC-202,891,25498.3,14431.48,22718985.3,12858448.68,9860536.62
20230401,2023-04,PRD-11,CC-202,0,37311.94,23696.23,0.0,0.0,0.0
20230401,2023-04,PRD-12,CC-202,6069,14596.04,7317.06,88583366.76,44407237.14,44176129.62
20230401,2023-04,PRD-13,CC-202,1431,22196.72,11715.28,31763506.32,16764565.68,14998940.64
20230401,2023-04,PRD-14,CC-202,8238,17115.22,8909.96,140995182.36,73400250.48,67594931.88
20230401,2023-04,PRD-15,CC-202,2113,26053.07,14230.76,55050136.91,30069595.88,24980541.03
20230401,2023-04,PRD-16,CC-202,7459,16619.55,8775.72,123965223.45,65458095.48,58507127.97
20230401,2023-04,PRD-17,CC-202,1177,23785.13,13765.56,27995098.01,16202064.12,11793033.89
20230401,2023-04,PRD-18,CC-202,4669,22449.8,11360.77,104818116.2,53043435.13,51774681.07
20230401,2023-04,PRD-19,CC-202,2004,32872.94,17717.54,65877371.76,35505950.16,30371421.6
20230401,2023-04,PRD-20,CC-202,57,46682.09,29525.73,2660879.13,1682966.61,977912.52
20230401,2023-04,PRD-21,CC-202,6628,15680.41,8249.04,103929757.48,54674637.12,49255120.36
20230401,2023-04,PRD-22,CC-202,1758,24050.01,13040.89,42279917.58,22925884.62,19354032.96
20230401,2023-04,PRD-23,CC-202,6558,14963.43,7767.17,98130173.94,50937100.86,47193073.08
20230401,2023-04,PRD-24,CC-202,2402,21860.94,12327.99,52509977.88,29611831.98,22898145.9
20230401,2023-04,PRD-25,CC-202,13956,13625.16,7091.75,190152732.96,98972463.0,91180269.96
20230401,2023-04,PRD-26,CC-202,1546,18348.43,11003.48,28366672.78,17011380.08,11355292.7
20230401,2023-04,PRD-27,CC-202,2542,21020.36,11086.98,53433755.12,28183103.16,25250651.96
20230401,2023-04,PRD-28,CC-202,2793,31128.96,17165.73,86943185.28,47943883.89,38999301.39
20230401,2023-04,PRD-29,CC-202,8743,15405.83,8035.7,134693171.69,70256125.1,64437046.59
20230401,2023-04,PRD-30,CC-202,1041,24764.91,12659.59,25780271.31,13178633.19,12601638.12
20230401,2023-04,PRD-31,CC-202,1986,30674.35,14615.79,60919259.1,29026958.94,31892300.16
20230401,2023-04,PRD-32,CC-202,1347,34807.8,14992.77,46886106.6,20195261.19,26690845.41
20230401,2023-04,PRD-33,CC-202,848,31233.33,14602.18,26485863.84,12382648.64,14103215.2
20230401,2023-04,PRD-34,CC-202,5394,49315.9,23427.42,266009964.6,126367503.48,139642461.12
20230401,2023-04,PRD-35,CC-202,5538,49674.53,23345.54,275097547.14,129287600.52,145809946.62
20230401,2023-04,PRD-36,CC-202,11970,44932.81,20741.46,537845735.7,248275276.2,289570459.5
20230401,2023-04,PRD-01,CC-203,414,17697.7,8960.99,7326847.8,3709849.86,3616997.94
20230401,2023-04,PRD-02,CC-203,624,24102.31,14298.16,15039841.44,8922051.84,6117789.6
20230401,2023-04,PRD-03,CC-203,447,39619.03,23209.99,17709706.41,10374865.53,7334840.88
20230401,2023-04,PRD-04,CC-203,922,35624.09,17873.66,32845410.98,16479514.52,16365896.46
20230401,2023-04,PRD-05,CC-203,311,49644.18,28674.39,15439339.98,8917735.29,6521604.69
20230401,2023-04,PRD-06,CC-203,410,18635.3,9724.04,7640473.0,3986856.4,3653616.6
20230401,2023-04,PRD-07,CC-203,502,29920.72,15340.05,15020201.44,7700705.1,7319496.34
20230401,2023-04,PRD-08,CC-203,321,43820.25,24965.26,14066300.25,8013848.46,6052451.79
20230401,2023-04,PRD-09,CC-203,200,17754.22,9218.41,3550844.0,1843682.0,1707162.0
20230401,2023-04,PRD-10,CC-203,387,25525.38,14431.48,9878322.06,5584982.76,4293339.3
20230401,2023-04,PRD-11,CC-203,144,37456.89,23696.23,5393792.16,3412257.12,1981535.04
20230401,2023-04,PRD-12,CC-203,1281,14639.45,7317.06,18753135.45,9373153.86,9379981.59
20230401,2023-04,PRD-13,CC-203,640,22210.18,11715.28,14214515.2,7497779.2,6716736.0
20230401,2023-04,PRD-14,CC-203,573,17213.86,8909.96,9863541.78,5105407.08,4758134.7
20230401,2023-04,PRD-15,CC-203,1065,25661.66,14230.76,27329667.9,15155759.4,12173908.5
20230401,2023-04,PRD-16,CC-203,297,16729.95,8775.72,4968795.15,2606388.84,2362406.31
20230401,2023-04,PRD-17,CC-203,537,23948.5,13765.56,12860344.5,7392105.72,5468238.78
20230401,2023-04,PRD-18,CC-203,217,22344.69,11360.77,4848797.73,2465287.09,2383510.64
20230401,2023-04,PRD-19,CC-203,508,32615.97,17717.54,16568912.76,9000510.32,7568402.44
20230401,2023-04,PRD-20,CC-203,30,47288.97,29525.73,1418669.1,885771.9,532897.2
20230401,2023-04,PRD-21,CC-203,1004,15480.82,8249.04,15542743.28,8282036.16,7260707.12
20230401,2023-04,PRD-22,CC-203,483,24122.78,13040.89,11651302.74,6298749.87,5352552.87
20230401,2023-04,PRD-23,CC-203,1682,15110.9,7767.17,25416533.8,13064379.94,12352153.86
20230401,2023-04,PRD-24,CC-203,992,21975.98,12327.99,21800172.16,12229366.08,9570806.08
20230401,2023-04,PRD-25,CC-203,1894,13836.16,7091.75,26205687.04,13431774.5,12773912.54
20230401,2023-04,PRD-26,CC-203,260,18195.53,11003.48,4730837.8,2860904.8,1869933.0
20230401,2023-04,PRD-27,CC-203,97,21258.44,11086.98,2062068.68,1075437.06,986631.62
20230401,2023-04,PRD-28,CC-203,1844,30836.69,17165.73,56862856.36,31653606.12,25209250.24
20230401,2023-04,PRD-29,CC-203,1086,15247.71,8035.7,16559013.06,8726770.2,7832242.86
20230401,2023-04,PRD-30,CC-203,848,24867.84,12659.59,21087928.32,10735332.32,10352596.0
20230401,2023-04,PRD-31,CC-203,707,30140.11,14615.79,21309057.77,10333363.53,10975694.24
20230401,2023-04,PRD-32,CC-203,0,34764.39,14992.77,0.0,0.0,0.0
20230401,2023-04,PRD-33,CC-203,0,31574.88,14602.18,0.0,0.0,0.0
20230401,2023-04,PRD-34,CC-203,65,49210.43,23427.42,3198677.95,1522782.3,1675895.65
20230401,2023-04,PRD-35,CC-203,364,50110.33,23345.54,18240160.12,8497776.56,9742383.56
20230401,2023-04,PRD-36,CC-203,760,44639.02,20741.46,33925655.2,15763509.6,18162145.6
20230501,2023-05,PRD-01,CC-202,9390,17848.12,8960.99,167593846.8,84143696.1,83450150.7
20230501,2023-05,PRD-02,CC-202,2239,24171.49,14298.16,54119966.11,32013580.24,22106385.87
20230501,2023-05,PRD-03,CC-202,788,39764.99,23209.99,31334812.12,18289472.12,13045340.0
20230501,2023-05,PRD-04,CC-202,9471,35153.86,17873.66,332942208.06,169281433.86,163660774.2
20230501,2023-05,PRD-05,CC-202,1351,49733.16,28674.39,67189499.16,38739100.89,28450398.27
20230501,2023-05,PRD-06,CC-202,7870,18640.02,9724.04,146696957.4,76528194.8,70168762.6
20230501,2023-05,PRD-07,CC-202,1604,29111.51,15340.05,46694862.04,24605440.2,22089421.84
20230501,2023-05,PRD-08,CC-202,188,44122.24,24965.26,8294981.12,4693468.88,3601512.24
20230501,2023-05,PRD-09,CC-202,8437,17919.59,9218.41,151187580.83,77775725.17,73411855.66
20230501,2023-05,PRD-10,CC-202,1562,25486.4,14431.48,39809756.8,22541971.76,17267785.04
20230501,2023-05,PRD-11,CC-202,78,37235.38,23696.23,2904359.64,1848305.94,1056053.7
20230501,2023-05,PRD-12,CC-202,7233,14591.94,7317.06,105543502.02,52924294.98,52619207.04
20230501,2023-05,PRD-13,CC-202,1112,21800.24,11715.28,24241866.88,13027391.36,11214475.52
20230501,2023-05,PRD-14,CC-202,5526,17382.56,8909.96,96056026.56,49236438.96,46819587.6
20230501,2023-05,PRD-15,CC-202,2116,26239.51,14230.76,55522803.16,30112288.16,25410515.0
20230501,2023-05,PRD-16,CC-202,9105,16692.31,8775.72,151983482.55,79902930.6,72080551.95
20230501,2023-05,PRD-17,CC-202,819,23750.89,13765.56,19451978.91,11273993.64,8177985.27
20230501,2023-05,PRD-18,CC-202,5088,22260.31,11360.77,113260457.28,57803597.76,55456859.52
20230501,2023-05,PRD-19,CC-202,2482,33177.89,17717.54,82347522.98,43974934.28,38372588.7
20230501,2023-05,PRD-20,CC-202,0,46287.06,29525.73,0.0,0.0,0.0
20230501,2023-05,PRD-21,CC-202,9341,15772.3,8249.04,147329054.3,77054282.64,70274771.66
20230501,2023-05,PRD-22,CC-202,851,23858.45,13040.89,20303540.95,11097797.39,9205743.56
20230501,2023-05,PRD-23,CC-202,11745,15162.78,7767.17,178086851.1,91225411.65,86861439.45
20230501,2023-05,PRD-24,CC-202,2530,21858.02,12327.99,55300790.6,31189814.7,24110975.9
20230501,2023-05,PRD-25,CC-202,18921,13739.51,7091.75,259965268.71,134183001.75,125782266.96
20230501,2023-05,PRD-26,CC-202,1934,18438.97,11003.48,35660967.98,21280730.32,14380237.66
20230501,2023-05,PRD-27,CC-202,2053,21117.16,11086.98,43353529.48,22761569.94,20591959.54
20230501,2023-05,PRD-28,CC-202,1816,31094.36,17165.73,56467357.76,31172965.68,25294392.08
20230501,2023-05,PRD-29,CC-202,9193,15243.61,8035.7,140134506.73,73872190.1,66262316.63
20230501,2023-05,PRD-30,CC-202,1796,24899.61,12659.59,44719699.56,22736623.64,21983075.92
20230501,2023-05,PRD-31,CC-202,2901,30115.88,14615.79,87366167.88,42400406.79,44965761.09
20230501,2023-05,PRD-32,CC-202,735,34335.05,14992.77,25236261.75,11019685.95,14216575.8
20230501,2023-05,PRD-33,CC-202,777,31558.78,14602.18,24521172.06,11345893.86,13175278.2
20230501,2023-05,PRD-34,CC-202,7154,49461.56,23427.42,353848000.24,167599762.68,186248237.56
20230501,2023-05,PRD-35,CC-202,6063,50029.52,23345.54,303328979.76,141544009.02,161784970.74
20230501,2023-05,PRD-36,CC-202,14632,44563.75,20741.46,652056790.0,303489042.72,348567747.28
20230501,2023-05,PRD-01,CC-203,1131,17840.87,8960.99,20178023.97,10134879.69,10043144.28
20230501,2023-05,PRD-02,CC-203,1691,24004.29,14298.16,40591254.39,24178188.56,16413065.83
20230501,2023-05,PRD-03,CC-203,241,39278.25,23209.99,9466058.25,5593607.59,3872450.66
20230501,2023-05,PRD-04,CC-203,881,35300.51,17873.66,31099749.31,15746694.46,15353054.85
20230501,2023-05,PRD-05,CC-203,539,49134.0,28674.39,26483226.0,15455496.21,11027729.79
20230501,2023-05,PRD-06,CC-203,362,18519.33,9724.04,6703997.46,3520102.48,3183894.98
20230501,2023-05,PRD-07,CC-203,1532,29419.99,15340.05,45071424.68,23500956.6,21570468.08
20230501,2023-05,PRD-08,CC-203,443,44242.89,24965.26,19599600.27,11059610.18,8539990.09
20230501,2023-05,PRD-09,CC-203,544,17926.81,9218.41,9752184.64,5014815.04,4737369.6
20230501,2023-05,PRD-10,CC-203,771,25472.76,14431.48,19639497.96,11126671.08,8512826.88
20230501,2023-05,PRD-11,CC-203,711,37240.94,23696.23,26478308.34,16848019.53,9630288.81
20230501,2023-05,PRD-12,CC-203,824,14546.19,7317.06,11986060.56,6029257.44,5956803.12
20230501,2023-05,PRD-13,CC-203,295,21963.66,11715.28,6479279.7,3456007.6,3023272.1
20230501,2023-05,PRD-14,CC-203,715,17231.26,8909.96,12320350.9,6370621.4,5949729.5
20230501,2023-05,PRD-15,CC-203,1064,25985.63,14230.76,27648710.32,15141528.64,12507181.68
20230501,2023-05,PRD-16,CC-203,790,16639.35,8775.72,13145086.5,6932818.8,6212267.7
20230501,2023-05,PRD-17,CC-203,1097,23943.09,13765.56,26265569.73,15100819.32,11164750.41
20230501,2023-05,PRD-18,CC-203,291,22472.37,11360.77,6539459.67,3305984.07,3233475.6
20230501,2023-05,PRD-19,CC-203,1636,32604.32,17717.54,53340667.52,28985895.44,24354772.08
20230501,2023-05,PRD-20,CC-203,244,46981.12,29525.73,11463393.28,7204278.12,4259115.16
20230501,2023-05,PRD-21,CC-203,708,15668.22,8249.04,11093099.76,5840320.32,5252779.44
20230501,2023-05,PRD-22,CC-203,443,24012.2,13040.89,10637404.6,5777114.27,4860290.33
20230501,2023-05,PRD-23,CC-203,1266,15071.19,7767.17,19080126.54,9833237.22,9246889.32
20230501,2023-05,PRD-24,CC-203,1562,21956.44,12327.99,34295959.28,19256320.38,15039638.9
20230501,2023-05,PRD-25,CC-203,1433,13679.65,7091.75,19602938.45,10162477.75,9440460.7
20230501,2023-05,PRD-26,CC-203,1038,18034.54,11003.48,18719852.52,11421612.24,7298240.28
20230501,2023-05,PRD-27,CC-203,0,21196.44,11086.98,0.0,0.0,0.0
20230501,2023-05,PRD-28,CC-203,1063,30941.35,17165.73,32890655.05,18247170.99,14643484.06
20230501,2023-05,PRD-29,CC-203,680,15436.86,8035.7,10497064.8,5464276.0,5032788.8
20230501,2023-05,PRD-30,CC-203,644,24874.8,12659.59,16019371.2,8152775.96,7866595.24
20230501,2023-05,PRD-31,CC-203,899,30420.81,14615.79,27348308.19,13139595.21,14208712.98
20230501,2023-05,PRD-32,CC-203,534,34782.2,14992.77,18573694.8,8006139.18,10567555.62
20230501,2023-05,PRD-33,CC-203,226,31469.31,14602.18,7112064.06,3300092.68,3811971.38
20230501,2023-05,PRD-34,CC-203,780,49346.26,23427.42,38490082.8,18273387.6,20216695.2
20230501,2023-05,PRD-35,CC-203,589,50078.18,23345.54,29496048.02,13750523.06,15745524.96
20230501,2023-05,PRD-36,CC-203,333,44881.51,20741.46,14945542.83,6906906.18,8038636.65
20230601,2023-06,PRD-01,CC-202,8419,17764.21,8960.99,149556883.99,75442574.81,74114309.18
20230601,2023-06,PRD-02,CC-202,2222,24533.35,14298.16,54513103.7,31770511.52,22742592.18
20230601,2023-06,PRD-03,CC-202,417,39510.93,23209.99,16476057.81,9678565.83,6797491.98
20230601,2023-06,PRD-04,CC-202,6263,35556.27,17873.66,222688919.01,111942732.58,110746186.43
20230601,2023-06,PRD-05,CC-202,816,48856.66,28674.39,39867034.56,23398302.24,16468732.32
20230601,2023-06,PRD-06,CC-202,7641,18590.95,9724.04,142053448.95,74301389.64,67752059.31
20230601,2023-06,PRD-07,CC-202,955,29539.66,15340.05,28210375.3,14649747.75,13560627.55
20230601,2023-06,PRD-08,CC-202,558,43746.93,24965.26,24410786.94,13930615.08,10480171.86
20230601,2023-06,PRD-09,CC-202,6013,17754.37,9218.41,106757026.81,55430299.33,51326727.48
20230601,2023-06,PRD-10,CC-202,1476,25645.54,14431.48,37852817.04,21300864.48,16551952.56
20230601,2023-06,PRD-11,CC-202,0,36974.93,23696.23,0.0,0.0,0.0
20230601,2023-06,PRD-12,CC-202,6242,14673.34,7317.06,91590988.28,45673088.52,45917899.76
20230601,2023-06,PRD-13,CC-202,544,22057.6,11715.28,11999334.4,6373112.32,5626222.08
20230601,2023-06,PRD-14,CC-202,5964,17397.71,8909.96,103759942.44,53139001.44,50620941.0
20230601,2023-06,PRD-15,CC-202,2617,25885.64,14230.76,67742719.88,37241898.92,30500820.96
20230601,2023-06,PRD-16,CC-202,8826,16855.02,8775.72,148762406.52,77454504.72,71307901.8
20230601,2023-06,PRD-17,CC-202,1034,23714.34,13765.56,24520627.56,14233589.04,10287038.52
20230601,2023-06,PRD-18,CC-202,5197,22207.36,11360.77,115411649.92,59041921.69,56369728.23
20230601,2023-06,PRD-19,CC-202,1403,32848.44,17717.54,46086361.32,24857708.62,21228652.7
20230601,2023-06,PRD-20,CC-202,219,47028.08,29525.73,10299149.52,6466134.87,3833014.65
20230601,2023-06,PRD-21,CC-202,8693,15594.76,8249.04,135565248.68,71708904.72,63856343.96
20230601,2023-06,PRD-22,CC-202,654,23926.13,13040.89,15647689.02,8528742.06,7118946.96
20230601,2023-06,PRD-23,CC-202,11258,15166.85,7767.17,170748397.3,87442799.86,83305597.44
20230601,2023-06,PRD-24,CC-202,2815,21983.65,12327.99,61883974.75,34703291.85,27180682.9
20230601,2023-06,PRD-25,CC-202,15431,13680.92,7091.75,211110276.52,109432794.25,101677482.27
20230601,2023-06,PRD-26,CC-202,1280,18284.95,11003.48,23404736.0,14084454.4,9320281.6
20230601,2023-06,PRD-27,CC-202,2054,21342.4,11086.98,43837289.6,22772656.92,21064632.68
20230601,2023-06,PRD-28,CC-202,915,30979.67,17165.73,28346398.05,15706642.95,12639755.1
20230601,2023-06,PRD-29,CC-202,10226,15155.41,8035.7,154979222.66,82173068.2,72806154.46
20230601,2023-06,PRD-30,CC-202,1277,24855.86,12659.59,31740933.22,16166296.43,15574636.79
20230601,2023-06,PRD-31,CC-202,2876,30252.75,14615.79,87006909.0,42035012.04,44971896.96
20230601,2023-06,PRD-32,CC-202,427,34299.56,14992.77,14645912.12,6401912.79,8243999.33
20230601,2023-06,PRD-33,CC-202,895,31352.33,14602.18,28060335.35,13068951.1,14991384.25
20230601,2023-06,PRD-34,CC-202,5824,49409.45,23427.42,287760636.8,136441294.08,151319342.72
20230601,2023-06,PRD-35,CC-202,6384,50182.88,23345.54,320367505.92,149037927.36,171329578.56
20230601,2023-06,PRD-36,CC-202,11349,44681.8,20741.46,507093748.2,235394829.54,271698918.66
20230601,2023-06,PRD-01,CC-203,474,18017.14,8960.99,8540124.36,4247509.26,4292615.1
20230601,2023-06,PRD-02,CC-203,759,24337.33,14298.16,18472033.47,10852303.44,7619730.03
20230601,2023-06,PRD-03,CC-203,702,39368.16,23209.99,27636448.32,16293412.98,11343035.34
20230601,2023-06,PRD-04,CC-203,895,35264.0,17873.66,31561280.0,15996925.7,15564354.3
20230601,2023-06,PRD-05,CC-203,937,49124.54,28674.39,46029693.98,26867903.43,19161790.55
20230601,2023-06,PRD-06,CC-203,1065,18460.41,9724.04,19660336.65,10356102.6,9304234.05
20230601,2023-06,PRD-07,CC-203,1260,29686.22,15340.05,37404637.2,19328463.0,18076174.2
20230601,2023-06,PRD-08,CC-203,299,44120.15,24965.26,13191924.85,7464612.74,5727312.11
20230601,2023-06,PRD-09,CC-203,521,17756.13,9218.41,9250943.73,4802791.61,4448152.12
20230601,2023-06,PRD-10,CC-203,570,25424.97,14431.48,14492232.9,8225943.6,6266289.3
20230601,2023-06,PRD-11,CC-203,253,37553.77,23696.23,9501103.81,5995146.19,3505957.62
20230601,2023-06,PRD-12,CC-203,604,14645.57,7317.06,8845924.28,4419504.24,4426420.04
20230601,2023-06,PRD-13,CC-203,556,22262.59,11715.28,12378000.04,6513695.68,5864304.36
20230601,2023-06,PRD-14,CC-203,1309,17375.27,8909.96,22744228.43,11663137.64,11081090.79
20230601,2023-06,PRD-15,CC-203,1800,25831.15,14230.76,46496070.0,25615368.0,20880702.0
20230601,2023-06,PRD-16,CC-203,692,16567.45,8775.72,11464675.4,6072798.24,5391877.16
20230601,2023-06,PRD-17,CC-203,354,23751.77,13765.56,8408126.58,4873008.24,3535118.34
20230601,2023-06,PRD-18,CC-203,386,22464.86,11360.77,8671435.96,4385257.22,4286178.74
20230601,2023-06,PRD-19,CC-203,955,32867.57,17717.54,31388529.35,16920250.7,14468278.65
20230601,2023-06,PRD-20,CC-203,225,47015.5,29525.73,10578487.5,6643289.25,3935198.25
20230601,2023-06,PRD-21,CC-203,260,15713.5,8249.04,4085510.0,2144750.4,1940759.6
20230601,2023-06,PRD-22,CC-203,335,23921.05,13040.89,8013551.75,4368698.15,3644853.6
20230601,2023-06,PRD-23,CC-203,998,14991.9,7767.17,14961916.2,7751635.66,7210280.54
20230601,2023-06,PRD-24,CC-203,2008,21954.82,12327.99,44085278.56,24754603.92,19330674.64
20230601,2023-06,PRD-25,CC-203,1622,13743.57,7091.75,22292070.54,11502818.5,10789252.04
20230601,2023-06,PRD-26,CC-203,547,18377.75,11003.48,10052629.25,6018903.56,4033725.69
20230601,2023-06,PRD-27,CC-203,276,21097.03,11086.98,5822780.28,3060006.48,2762773.8
20230601,2023-06,PRD-28,CC-203,1495,31038.03,17165.73,46401854.85,25662766.35,20739088.5
20230601,2023-06,PRD-29,CC-203,685,15201.85,8035.7,10413267.25,5504454.5,4908812.75
20230601,2023-06,PRD-30,CC-203,340,25245.23,12659.59,8583378.2,4304260.6,4279117.6
20230601,2023-06,PRD-31,CC-203,192,30196.66,14615.79,5797758.72,2806231.68,2991527.04
20230601,2023-06,PRD-32,CC-203,209,34810.64,14992.77,7275423.76,3133488.93,4141934.83
20230601,2023-06,PRD-33,CC-203,86,31216.69,14602.18,2684635.34,1255787.48,1428847.86
20230601,2023-06,PRD-34,CC-203,0,50068.7,23427.42,0.0,0.0,0.0
20230601,2023-06,PRD-35,CC-203,71,50107.82,23345.54,3557655.22,1657533.34,1900121.88
20230601,2023-06,PRD-36,CC-203,657,44693.65,20741.46,29363728.05,13627139.22,15736588.83
20230701,2023-07,PRD-01,CC-202,10257,17832.74,8960.99,182910414.18,91912874.43,90997539.75
20230701,2023-07,PRD-02,CC-202,4890,24374.03,14298.16,119189006.7,69918002.4,49271004.3
20230701,2023-07,PRD-03,CC-202,409,39994.27,23209.99,16357656.43,9492885.91,6864770.52
20230701,2023-07,PRD-04,CC-202,9085,35409.98,17873.66,321699668.3,162382201.1,159317467.2
20230701,2023-07,PRD-05,CC-202,1574,49194.32,28674.39,77431859.68,45133489.86,32298369.82
20230701,2023-07,PRD-06,CC-202,12527,18481.02,9724.04,231511737.54,121813049.08,109698688.46
20230701,2023-07,PRD-07,CC-202,2002,29375.16,15340.05,58809070.32,30710780.1,28098290.22
20230701,2023-07,PRD-08,CC-202,348,43811.36,24965.26,15246353.28,8687910.48,6558442.8
20230701,2023-07,PRD-09,CC-202,8107,17663.71,9218.41,143199696.97,74733649.87,68466047.1
20230701,2023-07,PRD-10,CC-202,2338,25342.04,14431.48,59249689.52,33740800.24,25508889.28
20230701,2023-07,PRD-11,CC-202,577,37158.17,23696.23,21440264.09,13672724.71,7767539.38
20230701,2023-07,PRD-12,CC-202,9247,14573.9,7317.06,134764853.3,67660853.82,67103999.48
20230701,2023-07,PRD-13,CC-202,583,22075.2,11715.28,12869841.6,6830008.24,6039833.36
20230701,2023-07,PRD-14,CC-202,8481,17360.72,8909.96,147236266.32,75565370.76,71670895.56
20230701,2023-07,PRD-15,CC-202,2830,25941.95,14230.76,73415718.5,40273050.8,33142667.7
20230701,2023-07,PRD-16,CC-202,12535,16851.91,8775.72,211238691.85,110003650.2,101235041.65
20230701,2023-07,PRD-17,CC-202,979,23842.14,13765.56,23341455.06,13476483.24,9864971.82
20230701,2023-07,PRD-18,CC-202,5860,22573.9,11360.77,132283054.0,66574112.2,65708941.8
20230701,2023-07,PRD-19,CC-202,1724,32624.38,17717.54,56244431.12,30545038.96,25699392.16
20230701,2023-07,PRD-20,CC-202,375,46727.93,29525.73,17522973.75,11072148.75,6450825.0
20230701,2023-07,PRD-21,CC-202,7985,15795.91,8249.04,126130341.35,65868584.4,60261756.95
20230701,2023-07,PRD-22,CC-202,1212,23855.61,13040.89,28912999.32,15805558.68,13107440.64
20230701,2023-07,PRD-23,CC-202,9844,14981.83,7767.17,147481134.52,76460021.48,71021113.04
20230701,2023-07,PRD-24,CC-202,5092,22097.26,12327.99,112519247.92,62774125.08,49745122.84
20230701,2023-07,PRD-25,CC-202,19180,13688.43,7091.75,262544087.4,136019765.0,126524322.4
20230701,2023-07,PRD-26,CC-202,705,18200.85,11003.48,12831599.25,7757453.4,5074145.85
20230701,2023-07,PRD-27,CC-202,3091,21169.38,11086.98,65434553.58,34269855.18,31164698.4
20230701,2023-07,PRD-28,CC-202,3179,31108.13,17165.73,98892745.27,54569855.67,44322889.6
20230701,2023-07,PRD-29,CC-202,10235,15376.56,8035.7,157379091.6,82245389.5,75133702.1
20230701,2023-07,PRD-30,CC-202,953,24892.78,12659.59,23722819.34,12064589.27,11658230.07
20230701,2023-07,PRD-31,CC-202,3489,30294.42,14615.79,105697231.38,50994491.31,54702740.07
20230701,2023-07,PRD-32,CC-202,1225,34494.32,14992.77,42255542.0,18366143.25,23889398.75
20230701,2023-07,PRD-33,CC-202,667,31348.3,14602.18,20909316.1,9739654.06,11169662.04
20230701,2023-07,PRD-34,CC-202,7300,48898.26,23427.42,356957298.0,171020166.0,185937132.0
20230701,2023-07,PRD-35,CC-202,8054,50122.68,23345.54,403688064.72,188024979.16,215663085.56
20230701,2023-07,PRD-36,CC-202,15882,44421.08,20741.46,705495592.56,329415867.72,376079724.84
20230701,2023-07,PRD-01,CC-203,1672,17410.89,8960.99,29111008.08,14982775.28,14128232.8
20230701,2023-07,PRD-02,CC-203,1535,24265.78,14298.16,37247972.3,21947675.6,15300296.7
20230701,2023-07,PRD-03,CC-203,707,39231.43,23209.99,27736621.01,16409462.93,11327158.08
20230701,2023-07,PRD-04,CC-203,181,35457.34,17873.66,6417778.54,3235132.46,3182646.08
20230701,2023-07,PRD-05,CC-203,150,49573.75,28674.39,7436062.5,4301158.5,3134904.0
20230701,2023-07,PRD-06,CC-203,797,18533.23,9724.04,14770984.31,7750059.88,7020924.43
20230701,2023-07,PRD-07,CC-203,953,29308.06,15340.05,27930581.18,14619067.65,13311513.53
20230701,2023-07,PRD-08,CC-203,0,43273.87,24965.26,0.0,0.0,0.0
20230701,2023-07,PRD-09,CC-203,824,17769.13,9218.41,14641763.12,7595969.84,7045793.28
20230701,2023-07,PRD-10,CC-203,397,25467.18,14431.48,10110470.46,5729297.56,4381172.9
20230701,2023-07,PRD-11,CC-203,464,37013.87,23696.23,17174435.68,10995050.72,6179384.96
20230701,2023-07,PRD-12,CC-203,901,14680.1,7317.06,13226770.1,6592671.06,6634099.04
20230701,2023-07,PRD-13,CC-203,865,22119.83,11715.28,19133652.95,10133717.2,8999935.75
20230701,2023-07,PRD-14,CC-203,307,17330.13,8909.96,5320349.91,2735357.72,2584992.19
20230701,2023-07,PRD-15,CC-203,970,25789.88,14230.76,25016183.6,13803837.2,11212346.4
20230701,2023-07,PRD-16,CC-203,1290,16682.34,8775.72,21520218.6,11320678.8,10199539.8
20230701,2023-07,PRD-17,CC-203,961,23707.24,13765.56,22782657.64,13228703.16,9553954.48
20230701,2023-07,PRD-18,CC-203,208,22351.44,11360.77,4649099.52,2363040.16,2286059.36
20230701,2023-07,PRD-19,CC-203,1367,32388.15,17717.54,44274601.05,24219877.18,20054723.87
20230701,2023-07,PRD-20,CC-203,84,46701.3,29525.73,3922909.2,2480161.32,1442747.88
20230701,2023-07,PRD-21,CC-203,310,15657.28,8249.04,4853756.8,2557202.4,2296554.4
20230701,2023-07,PRD-22,CC-203,227,23774.19,13040.89,5396741.13,2960282.03,2436459.1
20230701,2023-07,PRD-23,CC-203,739,15151.54,7767.17,11196988.06,5739938.63,5457049.43
20230701,2023-07,PRD-24,CC-203,3148,21992.7,12327.99,69233019.6,38808512.52,30424507.08
20230701,2023-07,PRD-25,CC-203,1141,13764.73,7091.75,15705556.93,8091686.75,7613870.18
20230701,2023-07,PRD-26,CC-203,186,18381.81,11003.48,3419016.66,2046647.28,1372369.38
20230701,2023-07,PRD-27,CC-203,334,21309.82,11086.98,7117479.88,3703051.32,3414428.56
20230701,2023-07,PRD-28,CC-203,699,31218.71,17165.73,21821878.29,11998845.27,9823033.02
20230701,2023-07,PRD-29,CC-203,1256,15260.03,8035.7,19166597.68,10092839.2,9073758.48
20230701,2023-07,PRD-30,CC-203,348,24864.96,12659.59,8653006.08,4405537.32,4247468.76
20230701,2023-07,PRD-31,CC-203,504,30362.11,14615.79,15302503.44,7366358.16,7936145.28
20230701,2023-07,PRD-32,CC-203,136,34824.28,14992.77,4736102.08,2039016.72,2697085.36
20230701,2023-07,PRD-33,CC-203,380,31534.51,14602.18,11983113.8,5548828.4,6434285.4
20230701,2023-07,PRD-34,CC-203,249,49304.51,23427.42,12276822.99,5833427.58,6443395.41
20230701,2023-07,PRD-35,CC-203,0,50125.75,23345.54,0.0,0.0,0.0
20230701,2023-07,PRD-36,CC-203,1106,45079.01,20741.46,49857385.06,22940054.76,26917330.3
20230801,2023-08,PRD-01,CC-202,14073,17753.24,8960.99,249841346.52,126108012.27,123733334.25
20230801,2023-08,PRD-02,CC-202,3457,24355.8,14298.16,84198000.6,49428739.12,34769261.48
20230801,2023-08,PRD-03,CC-202,150,39621.6,23209.99,5943240.0,3481498.5,2461741.5
20230801,2023-08,PRD-04,CC-202,6050,35349.75,17873.66,213865987.5,108135643.0,105730344.5
20230801,2023-08,PRD-05,CC-202,1468,49298.04,28674.39,72369522.72,42094004.52,30275518.2
20230801,2023-08,PRD-06,CC-202,11137,18671.16,9724.04,207940708.92,108296633.48,99644075.44
20230801,2023-08,PRD-07,CC-202,1868,29467.76,15340.05,55045775.68,28655213.4,26390562.28
20230801,2023-08,PRD-08,CC-202,927,43760.26,24965.26,40565761.02,23142796.02,17422965.0
20230801,2023-08,PRD-09,CC-202,10057,17749.03,9218.41,178501994.71,92709549.37,85792445.34
20230801,2023-08,PRD-10,CC-202,1556,25441.9,14431.48,39587596.4,22455382.88,17132213.52
20230801,2023-08,PRD-11,CC-202,167,37440.39,23696.23,6252545.13,3957270.41,2295274.72
20230801,2023-08,PRD-12,CC-202,11590,14639.89,7317.06,169676325.1,84804725.4,84871599.7
20230801,2023-08,PRD-13,CC-202,2178,22095.36,11715.28,48123694.08,25515879.84,22607814.24
20230801,2023-08,PRD-14,CC-202,9313,17164.24,8909.96,159850567.12,82978457.48,76872109.64
20230801,2023-08,PRD-15,CC-202,3433,25977.46,14230.76,89180620.18,48854199.08,40326421.1
20230801,2023-08,PRD-16,CC-202,12485,16793.11,8775.72,209661978.35,109564864.2,100097114.15
20230801,2023-08,PRD-17,CC-202,1092,23600.22,13765.56,25771440.24,15031991.52,10739448.72
20230801,2023-08,PRD-18,CC-202,6207,22316.3,11360.77,138517274.1,70516299.39,68000974.71
20230801,2023-08,PRD-19,CC-202,1751,32594.56,17717.54,57073074.56,31023412.54,26049662.02
20230801,2023-08,PRD-20,CC-202,0,47448.08,29525.73,0.0,0.0,0.0
20230801,2023-08,PRD-21,CC-202,9394,15696.4,8249.04,147451981.6,77491481.76,69960499.84
20230801,2023-08,PRD-22,CC-202,1245,23767.69,13040.89,29590774.05,16235908.05,13354866.0
20230801,2023-08,PRD-23,CC-202,13093,15092.43,7767.17,197605185.99,101695556.81,95909629.18
20230801,2023-08,PRD-24,CC-202,3770,22013.39,12327.99,82990480.3,46476522.3,36513958.0
20230801,2023-08,PRD-25,CC-202,20646,13818.96,7091.75,285306248.16,146416270.5,138889977.66
20230801,2023-08,PRD-26,CC-202,1206,18212.8,11003.48,21964636.8,13270196.88,8694439.92
20230801,2023-08,PRD-27,CC-202,3293,21239.83,11086.98,69942760.19,36509425.14,33433335.05
20230801,2023-08,PRD-28,CC-202,2846,31064.21,17165.73,88408741.66,48853667.58,39555074.08
20230801,2023-08,PRD-29,CC-202,12108,15254.79,8035.7,184704997.32,97296255.6,87408741.72
20230801,2023-08,PRD-30,CC-202,648,24608.53,12659.59,15946327.44,8203414.32,7742913.12
20230801,2023-08,PRD-31,CC-202,3532,30199.23,14615.79,106663680.36,51622970.28,55040710.08
20230801,2023-08,PRD-32,CC-202,832,34615.45,14992.77,28800054.4,12473984.64,16326069.76
20230801,2023-08,PRD-33,CC-202,1328,31265.87,14602.18,41521075.36,19391695.04,22129380.32
20230801,2023-08,PRD-34,CC-202,8003,49342.67,23427.42,394889388.01,187489642.26,207399745.75
20230801,2023-08,PRD-35,CC-202,9238,49822.58,23345.54,460260994.04,215666098.52,244594895.52
20230801,2023-08,PRD-36,CC-202,15092,44613.08,20741.46,673300603.36,313030114.32,360270489.04
20230801,2023-08,PRD-01,CC-203,1316,17435.91,8960.99,22945657.56,11792662.84,11152994.72
20230801,2023-08,PRD-02,CC-203,1041,24472.13,14298.16,25475487.33,14884384.56,10591102.77
20230801,2023-08,PRD-03,CC-203,941,39942.89,23209.99,37586259.49,21840600.59,15745658.9
20230801,2023-08,PRD-04,CC-203,444,35675.86,17873.66,15840081.84,7935905.04,7904176.8
20230801,2023-08,PRD-05,CC-203,837,49008.52,28674.39,41020131.24,24000464.43,17019666.81
20230801,2023-08,PRD-06,CC-203,530,18573.49,9724.04,9843949.7,5153741.2,4690208.5
20230801,2023-08,PRD-07,CC-203,1320,29439.92,15340.05,38860694.4,20248866.0,18611828.4
20230801,2023-08,PRD-08,CC-203,350,43544.15,24965.26,15240452.5,8737841.0,6502611.5
20230801,2023-08,PRD-09,CC-203,346,17727.82,9218.41,6133825.72,3189569.86,2944255.86
20230801,2023-08,PRD-10,CC-203,827,25591.72,14431.48,21164352.44,11934833.96,9229518.48
20230801,2023-08,PRD-11,CC-203,230,37078.17,23696.23,8527979.1,5450132.9,3077846.2
20230801,2023-08,PRD-12,CC-203,1427,14469.54,7317.06,20648033.58,10441444.62,10206588.96
20230801,2023-08,PRD-13,CC-203,327,21982.14,11715.28,7188159.78,3830896.56,3357263.22
20230801,2023-08,PRD-14,CC-203,692,17303.64,8909.96,11974118.88,6165692.32,5808426.56
20230801,2023-08,PRD-15,CC-203,1024,25924.99,14230.76,26547189.76,14572298.24,11974891.52
20230801,2023-08,PRD-16,CC-203,836,16609.49,8775.72,13885533.64,7336501.92,6549031.72
20230801,2023-08,PRD-17,CC-203,627,23547.47,13765.56,14764263.69,8631006.12,6133257.57
20230801,2023-08,PRD-18,CC-203,977,22371.1,11360.77,21856564.7,11099472.29,10757092.41
20230801,2023-08,PRD-19,CC-203,885,32984.2,17717.54,29191017.0,15680022.9,13510994.1
20230801,2023-08,PRD-20,CC-203,230,46446.99,29525.73,10682807.7,6790917.9,3891889.8
20230801,2023-08,PRD-21,CC-203,652,15762.18,8249.04,10276941.36,5378374.08,4898567.28
20230801,2023-08,PRD-22,CC-203,1438,23802.15,13040.89,34227491.7,18752799.82,15474691.88
20230801,2023-08,PRD-23,CC-203,1145,15036.46,7767.17,17216746.7,8893409.65,8323337.05
20230801,2023-08,PRD-24,CC-203,3353,21831.17,12327.99,73199913.01,41335750.47,31864162.54
20230801,2023-08,PRD-25,CC-203,1719,13706.49,7091.75,23561456.31,12190718.25,11370738.06
20230801,2023-08,PRD-26,CC-203,994,18207.73,11003.48,18098483.62,10937459.12,7161024.5
20230801,2023-08,PRD-27,CC-203,715,21178.11,11086.98,15142348.65,7927190.7,7215157.95
20230801,2023-08,PRD-28,CC-203,1291,30530.35,17165.73,39414681.85,22160957.43,17253724.42
20230801,2023-08,PRD-29,CC-203,1498,15243.31,8035.7,22834478.38,12037478.6,10796999.78
20230801,2023-08,PRD-30,CC-203,527,24901.39,12659.59,13123032.53,6671603.93,6451428.6
20230801,2023-08,PRD-31,CC-203,782,30243.35,14615.79,23650299.7,11429547.78,12220751.92
20230801,2023-08,PRD-32,CC-203,156,34455.24,14992.77,5375017.44,2338872.12,3036145.32
20230801,2023-08,PRD-33,CC-203,0,31447.54,14602.18,0.0,0.0,0.0
20230801,2023-08,PRD-34,CC-203,1397,49577.16,23427.42,69259292.52,32728105.74,36531186.78
20230801,2023-08,PRD-35,CC-203,250,49851.99,23345.54,12462997.5,5836385.0,6626612.5
20230801,2023-08,PRD-36,CC-203,440,44769.0,20741.46,19698360.0,9126242.4,10572117.6
20230901,2023-09,PRD-01,CC-202,8369,17589.89,8960.99,147209789.41,74994525.31,72215264.1
20230901,2023-09,PRD-02,CC-202,2405,24622.99,14298.16,59218290.95,34387074.8,24831216.15
20230901,2023-09,PRD-03,CC-202,277,39463.08,23209.99,10931273.16,6429167.23,4502105.93
20230901,2023-09,PRD-04,CC-202,10073,35761.8,17873.66,360228611.4,180041377.18,180187234.22
20230901,2023-09,PRD-05,CC-202,1172,49095.7,28674.39,57540160.4,33606385.08,23933775.32
20230901,2023-09,PRD-06,CC-202,9514,18670.37,9724.04,177629900.18,92514516.56,85115383.62
20230901,2023-09,PRD-07,CC-202,2021,29510.6,15340.05,59640922.6,31002241.05,28638681.55
20230901,2023-09,PRD-08,CC-202,222,43791.75,24965.26,9721768.5,5542287.72,4179480.78
20230901,2023-09,PRD-09,CC-202,7898,17790.08,9218.41,140506051.84,72807002.18,67699049.66
20230901,2023-09,PRD-10,CC-202,1090,25552.8,14431.48,27852552.0,15730313.2,12122238.8
20230901,2023-09,PRD-11,CC-202,453,37088.96,23696.23,16801298.88,10734392.19,6066906.69
20230901,2023-09,PRD-12,CC-202,9635,14659.96,7317.06,141248714.6,70499873.1,70748841.5
20230901,2023-09,PRD-13,CC-202,1897,22263.7,11715.28,42234238.9,22223886.16,20010352.74
20230901,2023-09,PRD-14,CC-202,7984,17270.4,8909.96,137886873.6,71137120.64,66749752.96
20230901,2023-09,PRD-15,CC-202,1627,25761.72,14230.76,41914318.44,23153446.52,18760871.92
20230901,2023-09,PRD-16,CC-202,9518,16801.27,8775.72,159914487.86,83527302.96,76387184.9
20230901,2023-09,PRD-17,CC-202,1036,23797.25,13765.56,24653951.0,14261120.16,10392830.84
20230901,2023-09,PRD-18,CC-202,5416,22139.41,11360.77,119907044.56,61529930.32,58377114.24
20230901,2023-09,PRD-19,CC-202,2301,32359.95,17717.54,74460244.95,40768059.54,33692185.41
20230901,2023-09,PRD-20,CC-202,52,47172.94,29525.73,2452992.88,1535337.96,917654.92
20230901,2023-09,PRD-21,CC-202,10297,15626.01,8249.04,160901024.97,84940364.88,75960660.09
20230901,2023-09,PRD-22,CC-202,1467,23602.43,13040.89,34624764.81,19130985.63,15493779.18
20230901,2023-09,PRD-23,CC-202,12303,15039.68,7767.17,185033183.04,95559492.51,89473690.53
20230901,2023-09,PRD-24,CC-202,5060,22003.39,12327.99,111337153.4,62379629.4,48957524.0
20230901,2023-09,PRD-25,CC-202,19947,13675.74,7091.75,272789985.78,141459137.25,131330848.53
20230901,2023-09,PRD-26,CC-202,849,18141.74,11003.48,15402337.26,9341954.52,6060382.74
20230901,2023-09,PRD-27,CC-202,3979,21294.5,11086.98,84730815.5,44115093.42,40615722.08
20230901,2023-09,PRD-28,CC-202,2663,30902.6,17165.73,82293623.8,45712338.99,36581284.81
20230901,2023-09,PRD-29,CC-202,9612,15363.56,8035.7,147674538.72,77239148.4,70435390.32
20230901,2023-09,PRD-30,CC-202,1452,25045.16,12659.59,36365572.32,18381724.68,17983847.64
20230901,2023-09,PRD-31,CC-202,3718,29950.65,14615.79,111356516.7,54341507.22,57015009.48
20230901,2023-09,PRD-32,CC-202,830,34719.95,14992.77,28817558.5,12443999.1,16373559.4
20230901,2023-09,PRD-33,CC-202,924,31410.72,14602.18,29023505.28,13492414.32,15531090.96
20230901,2023-09,PRD-34,CC-202,8342,49551.83,23427.42,413361365.86,195431537.64,217929828.22
20230901,2023-09,PRD-35,CC-202,8513,50649.71,23345.54,431180981.23,198740582.02,232440399.21
20230901,2023-09,PRD-36,CC-202,13903,44786.51,20741.46,622666848.53,288368518.38,334298330.15
20230901,2023-09,PRD-01,CC-203,371,17710.6,8960.99,6570632.6,3324527.29,3246105.31
20230901,2023-09,PRD-02,CC-203,1420,24535.22,14298.16,34840012.4,20303387.2,14536625.2
20230901,2023-09,PRD-03,CC-203,389,39545.66,23209.99,15383261.74,9028686.11,6354575.63
20230901,2023-09,PRD-04,CC-203,573,35114.76,17873.66,20120757.48,10241607.18,9879150.3
20230901,2023-09,PRD-05,CC-203,436,49161.97,28674.39,21434618.92,12502034.04,8932584.88
20230901,2023-09,PRD-06,CC-203,1061,18544.45,9724.04,19675661.45,10317206.44,9358455.01
20230901,2023-09,PRD-07,CC-203,496,29531.83,15340.05,14647787.68,7608664.8,7039122.88
20230901,2023-09,PRD-08,CC-203,0,44219.87,24965.26,0.0,0.0,0.0
20230901,2023-09,PRD-09,CC-203,300,17728.38,9218.41,5318514.0,2765523.0,2552991.0
20230901,2023-09,PRD-10,CC-203,1204,25709.52,14431.48,30954262.08,17375501.92,13578760.16
20230901,2023-09,PRD-11,CC-203,484,37537.51,23696.23,18168154.84,11468975.32,6699179.52
20230901,2023-09,PRD-12,CC-203,900,14540.4,7317.06,13086360.0,6585354.0,6501006.0
20230901,2023-09,PRD-13,CC-203,604,22238.6,11715.28,13432114.4,7076029.12,6356085.28
20230901,2023-09,PRD-14,CC-203,890,17179.36,8909.96,15289630.4,7929864.4,7359766.0
20230901,2023-09,PRD-15,CC-203,1903,26184.46,14230.76,49829027.38,27081136.28,22747891.1
20230901,2023-09,PRD-16,CC-203,692,16847.24,8775.72,11658290.08,6072798.24,5585491.84
20230901,2023-09,PRD-17,CC-203,1444,23607.03,13765.56,34088551.32,19877468.64,14211082.68
20230901,2023-09,PRD-18,CC-203,130,22341.8,11360.77,2904434.0,1476900.1,1427533.9
20230901,2023-09,PRD-19,CC-203,889,32894.17,17717.54,29242917.13,15750893.06,13492024.07
20230901,2023-09,PRD-20,CC-203,0,47319.1,29525.73,0.0,0.0,0.0
20230901,2023-09,PRD-21,CC-203,435,15765.15,8249.04,6857840.25,3588332.4,3269507.85
20230901,2023-09,PRD-22,CC-203,1064,23815.61,13040.89,25339809.04,13875506.96,11464302.08
20230901,2023-09,PRD-23,CC-203,2509,15099.28,7767.17,37884093.52,19487829.53,18396263.99
20230901,2023-09,PRD-24,CC-203,1675,21817.07,12327.99,36543592.25,20649383.25,15894209.0
20230901,2023-09,PRD-25,CC-203,1494,13709.46,7091.75,20481933.24,10595074.5,9886858.74
20230901,2023-09,PRD-26,CC-203,137,18274.56,11003.48,2503614.72,1507476.76,996137.96
20230901,2023-09,PRD-27,CC-203,0,21352.97,11086.98,0.0,0.0,0.0
20230901,2023-09,PRD-28,CC-203,386,31277.86,17165.73,12073253.96,6625971.78,5447282.18
20230901,2023-09,PRD-29,CC-203,659,15179.72,8035.7,10003435.48,5295526.3,4707909.18
20230901,2023-09,PRD-30,CC-203,823,24961.09,12659.59,20542977.07,10418842.57,10124134.5
20230901,2023-09,PRD-31,CC-203,485,30161.35,14615.79,14628254.75,7088658.15,7539596.6
20230901,2023-09,PRD-32,CC-203,77,34840.18,14992.77,2682693.86,1154443.29,1528250.57
20230901,2023-09,PRD-33,CC-203,401,31592.49,14602.18,12668588.49,5855474.18,6813114.31
20230901,2023-09,PRD-34,CC-203,469,49647.25,23427.42,23284560.25,10987459.98,12297100.27
20230901,2023-09,PRD-35,CC-203,215,49863.22,23345.54,10720592.3,5019291.1,5701301.2
20230901,2023-09,PRD-36,CC-203,413,44808.28,20741.46,18505819.64,8566222.98,9939596.66
20231001,2023-10,PRD-01,CC-202,11084,17664.45,8960.99,195792763.8,99323613.16,96469150.64
20231001,2023-10,PRD-02,CC-202,1754,24091.63,14298.16,42256719.02,25078972.64,17177746.38
20231001,2023-10,PRD-03,CC-202,776,39547.42,23209.99,30688797.92,18010952.24,12677845.68
20231001,2023-10,PRD-04,CC-202,9312,35216.54,17873.66,327936420.48,166439521.92,161496898.56
20231001,2023-10,PRD-05,CC-202,2765,49500.61,28674.39,136869186.65,79284688.35,57584498.3
20231001,2023-10,PRD-06,CC-202,5263,18765.29,9724.04,98761721.27,51177622.52,47584098.75
20231001,2023-10,PRD-07,CC-202,2094,29260.7,15340.05,61271905.8,32122064.7,29149841.1
20231001,2023-10,PRD-08,CC-202,65,43590.46,24965.26,2833379.9,1622741.9,1210638.0
20231001,2023-10,PRD-09,CC-202,8536,17709.76,9218.41,151170511.36,78688347.76,72482163.6
20231001,2023-10,PRD-10,CC-202,1737,25202.69,14431.48,43777072.53,25067480.76,18709591.77
20231001,2023-10,PRD-11,CC-202,230,37518.86,23696.23,8629337.8,5450132.9,3179204.9
20231001,2023-10,PRD-12,CC-202,7477,14578.36,7317.06,109002397.72,54709657.62,54292740.1
20231001,2023-10,PRD-13,CC-202,902,22131.86,11715.28,19962937.72,10567182.56,9395755.16
20231001,2023-10,PRD-14,CC-202,8770,17201.82,8909.96,150859961.4,78140349.2,72719612.2
20231001,2023-10,PRD-15,CC-202,2743,25983.45,14230.76,71272603.35,39034974.68,32237628.67
20231001,2023-10,PRD-16,CC-202,9374,16771.57,8775.72,157216697.18,82263599.28,74953097.9
20231001,2023-10,PRD-17,CC-202,1028,23768.9,13765.56,24434429.2,14150995.68,10283433.52
20231001,2023-10,PRD-18,CC-202,4431,22353.53,11360.77,99048491.43,50339571.87,48708919.56
20231001,2023-10,PRD-19,CC-202,2844,32969.53,17717.54,93765343.32,50388683.76,43376659.56
20231001,2023-10,PRD-20,CC-202,0,47208.33,29525.73,0.0,0.0,0.0
20231001,2023-10,PRD-21,CC-202,11407,15732.99,8249.04,179466216.93,94096799.28,85369417.65
20231001,2023-10,PRD-22,CC-202,1566,23903.41,13040.89,37432740.06,20422033.74,17010706.32
20231001,2023-10,PRD-23,CC-202,12278,15029.63,7767.17,184533797.14,95365313.26,89168483.88
20231001,2023-10,PRD-24,CC-202,4058,22071.95,12327.99,89567973.1,50026983.42,39540989.68
20231001,2023-10,PRD-25,CC-202,18715,13688.89,7091.75,256187576.35,132722101.25,123465475.1
20231001,2023-10,PRD-26,CC-202,1720,18213.87,11003.48,31327856.4,18925985.6,12401870.8
20231001,2023-10,PRD-27,CC-202,2113,21105.95,11086.98,44596872.35,23426788.74,21170083.61
20231001,2023-10,PRD-28,CC-202,3007,30965.3,17165.73,93112657.1,51617350.11,41495306.99
20231001,2023-10,PRD-29,CC-202,11833,15299.38,8035.7,181037563.54,95086438.1,85951125.44
20231001,2023-10,PRD-30,CC-202,1744,24587.25,12659.59,42880164.0,22078324.96,20801839.04
20231001,2023-10,PRD-31,CC-202,4626,30062.61,14615.79,139069633.86,67612644.54,71456989.32
20231001,2023-10,PRD-32,CC-202,1125,34550.82,14992.77,38869672.5,16866866.25,22002806.25
20231001,2023-10,PRD-33,CC-202,791,31499.11,14602.18,24915796.01,11550324.38,13365471.63
20231001,2023-10,PRD-34,CC-202,7034,49757.12,23427.42,349991582.08,164788472.28,185203109.8
20231001,2023-10,PRD-35,CC-202,7786,49434.18,23345.54,384894525.48,181768374.44,203126151.04
20231001,2023-10,PRD-36,CC-202,15721,44808.2,20741.46,704429712.2,326076492.66,378353219.54
20231001,2023-10,PRD-01,CC-203,485,17542.41,8960.99,8508068.85,4346080.15,4161988.7
20231001,2023-10,PRD-02,CC-203,505,24325.73,14298.16,12284493.65,7220570.8,5063922.85
20231001,2023-10,PRD-03,CC-203,331,39192.73,23209.99,12972793.63,7682506.69,5290286.94
20231001,2023-10,PRD-04,CC-203,487,35612.4,17873.66,17343238.8,8704472.42,8638766.38
20231001,2023-10,PRD-05,CC-203,397,49237.81,28674.39,19547410.57,11383732.83,8163677.74
20231001,2023-10,PRD-06,CC-203,1619,18362.88,9724.04,29729502.72,15743220.76,13986281.96
20231001,2023-10,PRD-07,CC-203,1135,29554.44,15340.05,33544289.4,17410956.75,16133332.65
20231001,2023-10,PRD-08,CC-203,578,44223.78,24965.26,25561344.84,14429920.28,11131424.56
20231001,2023-10,PRD-09,CC-203,916,17746.72,9218.41,16255995.52,8444063.56,7811931.96
20231001,2023-10,PRD-10,CC-203,654,25513.21,14431.48,16685639.34,9438187.92,7247451.42
20231001,2023-10,PRD-11,CC-203,325,37150.3,23696.23,12073847.5,7701274.75,4372572.75
20231001,2023-10,PRD-12,CC-203,773,14623.24,7317.06,11303764.52,5656087.38,5647677.14
20231001,2023-10,PRD-13,CC-203,261,21879.16,11715.28,5710460.76,3057688.08,2652772.68
20231001,2023-10,PRD-14,CC-203,916,17261.13,8909.96,15811195.08,8161523.36,7649671.72
20231001,2023-10,PRD-15,CC-203,1102,25886.61,14230.76,28527044.22,15682297.52,12844746.7
20231001,2023-10,PRD-16,CC-203,1083,16487.68,8775.72,17856157.44,9504104.76,8352052.68
20231001,2023-10,PRD-17,CC-203,591,23518.25,13765.56,13899285.75,8135445.96,5763839.79
20231001,2023-10,PRD-18,CC-203,268,22504.13,11360.77,6031106.84,3044686.36,2986420.48
20231001,2023-10,PRD-19,CC-203,2430,32805.78,17717.54,79718045.4,43053622.2,36664423.2
20231001,2023-10,PRD-20,CC-203,292,46834.01,29525.73,13675530.92,8621513.16,5054017.76
20231001,2023-10,PRD-21,CC-203,1140,15715.41,8249.04,17915567.4,9403905.6,8511661.8
20231001,2023-10,PRD-22,CC-203,1226,23607.97,13040.89,28943371.22,15988131.14,12955240.08
20231001,2023-10,PRD-23,CC-203,403,15195.7,7767.17,6123867.1,3130169.51,2993697.59
20231001,2023-10,PRD-24,CC-203,1505,22098.68,12327.99,33258513.4,18553624.95,14704888.45
20231001,2023-10,PRD-25,CC-203,953,13570.71,7091.75,12932886.63,6758437.75,6174448.88
20231001,2023-10,PRD-26,CC-203,504,18432.61,11003.48,9290035.44,5545753.92,3744281.52
20231001,2023-10,PRD-27,CC-203,234,21178.16,11086.98,4955689.44,2594353.32,2361336.12
20231001,2023-10,PRD-28,CC-203,1378,31053.54,17165.73,42791778.12,23654375.94,19137402.18
20231001,2023-10,PRD-29,CC-203,997,15213.76,8035.7,15168118.72,8011592.9,7156525.82
20231001,2023-10,PRD-30,CC-203,926,24565.19,12659.59,22747365.94,11722780.34,11024585.6
20231001,2023-10,PRD-31,CC-203,1649,30319.54,14615.79,49996921.46,24101437.71,25895483.75
20231001,2023-10,PRD-32,CC-203,397,34917.87,14992.77,13862394.39,5952129.69,7910264.7
20231001,2023-10,PRD-33,CC-203,142,31241.41,14602.18,4436280.22,2073509.56,2362770.66
20231001,2023-10,PRD-34,CC-203,528,48837.9,23427.42,25786411.2,12369677.76,13416733.44
20231001,2023-10,PRD-35,CC-203,226,49948.37,23345.54,11288331.62,5276092.04,6012239.58
20231001,2023-10,PRD-36,CC-203,309,44730.74,20741.46,13821798.66,6409111.14,7412687.52
20231101,2023-11,PRD-01,CC-202,6769,17727.82,8960.99,119999613.58,60656941.31,59342672.27
20231101,2023-11,PRD-02,CC-202,3275,24296.1,14298.16,79569727.5,46826474.0,32743253.5
20231101,2023-11,PRD-03,CC-202,368,39085.35,23209.99,14383408.8,8541276.32,5842132.48
20231101,2023-11,PRD-04,CC-202,8209,35196.74,17873.66,288930038.66,146724874.94,142205163.72
20231101,2023-11,PRD-05,CC-202,1090,49056.67,28674.39,53471770.3,31255085.1,22216685.2
20231101,2023-11,PRD-06,CC-202,8289,18655.59,9724.04,154636185.51,80602567.56,74033617.95
20231101,2023-11,PRD-07,CC-202,1237,29444.72,15340.05,36423118.64,18975641.85,17447476.79
20231101,2023-11,PRD-08,CC-202,585,43725.99,24965.26,25579704.15,14604677.1,10975027.05
20231101,2023-11,PRD-09,CC-202,6831,17815.18,9218.41,121695494.58,62970958.71,58724535.87
20231101,2023-11,PRD-10,CC-202,2738,25562.87,14431.48,69991138.06,39513392.24,30477745.82
20231101,2023-11,PRD-11,CC-202,0,37317.32,23696.23,0.0,0.0,0.0
20231101,2023-11,PRD-12,CC-202,9271,14573.96,7317.06,135115183.16,67836463.26,67278719.9
20231101,2023-11,PRD-13,CC-202,1127,22128.55,11715.28,24938875.85,13203120.56,11735755.29
20231101,2023-11,PRD-14,CC-202,7424,17271.97,8909.96,128227105.28,66147543.04,62079562.24
20231101,2023-11,PRD-15,CC-202,2796,25777.75,14230.76,72074589.0,39789204.96,32285384.04
20231101,2023-11,PRD-16,CC-202,8099,16830.01,8775.72,136306250.99,71074556.28,65231694.71
20231101,2023-11,PRD-17,CC-202,981,23615.42,13765.56,23166727.02,13504014.36,9662712.66
20231101,2023-11,PRD-18,CC-202,4928,22376.72,11360.77,110272476.16,55985874.56,54286601.6
20231101,2023-11,PRD-19,CC-202,2182,33116.59,17717.54,72260399.38,38659672.28,33600727.1
20231101,2023-11,PRD-20,CC-202,111,47360.42,29525.73,5257006.62,3277356.03,1979650.59
20231101,2023-11,PRD-21,CC-202,10142,15786.98,8249.04,160111551.16,83661763.68,76449787.48
20231101,2023-11,PRD-22,CC-202,1071,23703.12,13040.89,25386041.52,13966793.19,11419248.33
20231101,2023-11,PRD-23,CC-202,12977,15264.62,7767.17,198088973.74,100794565.09,97294408.65
20231101,2023-11,PRD-24,CC-202,2892,21836.1,12327.99,63150001.2,35652547.08,27497454.12
20231101,2023-11,PRD-25,CC-202,17378,13660.51,7091.75,237392342.78,123240431.5,114151911.28
20231101,2023-11,PRD-26,CC-202,1186,18139.68,11003.48,21513660.48,13050127.28,8463533.2
20231101,2023-11,PRD-27,CC-202,2154,21267.19,11086.98,45809527.26,23881354.92,21928172.34
20231101,2023-11,PRD-28,CC-202,2866,30826.26,17165.73,88348061.16,49196982.18,39151078.98
20231101,2023-11,PRD-29,CC-202,9758,15262.39,8035.7,148930401.62,78412360.6,70518041.02
20231101,2023-11,PRD-30,CC-202,1084,24674.31,12659.59,26746952.04,13722995.56,13023956.48
20231101,2023-11,PRD-31,CC-202,3879,29972.59,14615.79,116263676.61,56694649.41,59569027.2
20231101,2023-11,PRD-32,CC-202,1477,34998.41,14992.77,51692651.57,22144321.29,29548330.28
20231101,2023-11,PRD-33,CC-202,1424,31611.23,14602.18,45014391.52,20793504.32,24220887.2
20231101,2023-11,PRD-34,CC-202,8119,49759.08,23427.42,403993970.52,190207222.98,213786747.54
20231101,2023-11,PRD-35,CC-202,6906,49846.39,23345.54,344239169.34,161224299.24,183014870.1
20231101,2023-11,PRD-36,CC-202,14909,44192.76,20741.46,658869858.84,309234427.14,349635431.7
20231101,2023-11,PRD-01,CC-203,497,17677.42,8960.99,8785677.74,4453612.03,4332065.71
20231101,2023-11,PRD-02,CC-203,1033,24595.24,14298.16,25406882.92,14769999.28,10636883.64
20231101,2023-11,PRD-03,CC-203,887,39557.07,23209.99,35087121.09,20587261.13,14499859.96
20231101,2023-11,PRD-04,CC-203,1542,35143.71,17873.66,54191600.82,27561183.72,26630417.1
20231101,2023-11,PRD-05,CC-203,273,48907.97,28674.39,13351875.81,7828108.47,5523767.34
20231101,2023-11,PRD-06,CC-203,453,18501.15,9724.04,8381020.95,4404990.12,3976030.83
20231101,2023-11,PRD-07,CC-203,1116,29283.83,15340.05,32680754.28,17119495.8,15561258.48
20231101,2023-11,PRD-08,CC-203,147,43931.14,24965.26,6457877.58,3669893.22,2787984.36
20231101,2023-11,PRD-09,CC-203,763,17791.8,9218.41,13575143.4,7033646.83,6541496.57
20231101,2023-11,PRD-10,CC-203,607,25541.34,14431.48,15503593.38,8759908.36,6743685.02
20231101,2023-11,PRD-11,CC-203,325,37098.37,23696.23,12056970.25,7701274.75,4355695.5
20231101,2023-11,PRD-12,CC-203,1169,14500.97,7317.06,16951633.93,8553643.14,8397990.79
20231101,2023-11,PRD-13,CC-203,406,21952.65,11715.28,8912775.9,4756403.68,4156372.22
20231101,2023-11,PRD-14,CC-203,804,17304.72,8909.96,13912994.88,7163607.84,6749387.04
20231101,2023-11,PRD-15,CC-203,1269,25922.14,14230.76,32895195.66,18058834.44,14836361.22
20231101,2023-11,PRD-16,CC-203,1004,16679.65,8775.72,16746368.6,8810822.88,7935545.72
20231101,2023-11,PRD-17,CC-203,709,24161.01,13765.56,17130156.09,9759782.04,7370374.05
20231101,2023-11,PRD-18,CC-203,650,22431.15,11360.77,14580247.5,7384500.5,7195747.0
20231101,2023-11,PRD-19,CC-203,305,33248.67,17717.54,10140844.35,5403849.7,4736994.65
20231101,2023-11,PRD-20,CC-203,333,46773.22,29525.73,15575482.26,9832068.09,5743414.17
20231101,2023-11,PRD-21,CC-203,610,15730.82,8249.04,9595800.2,5031914.4,4563885.8
20231101,2023-11,PRD-22,CC-203,585,23797.55,13040.89,13921566.75,7628920.65,6292646.1
20231101,2023-11,PRD-23,CC-203,1660,15203.51,7767.17,25237826.6,12893502.2,12344324.4
20231101,2023-11,PRD-24,CC-203,2022,22071.41,12327.99,44628391.02,24927195.78,19701195.24
20231101,2023-11,PRD-25,CC-203,1775,13806.94,7091.75,24507318.5,12587856.25,11919462.25
20231101,2023-11,PRD-26,CC-203,1197,18243.51,11003.48,21837481.47,13171165.56,8666315.91
20231101,2023-11,PRD-27,CC-203,320,21180.68,11086.98,6777817.6,3547833.6,3229984.0
20231101,2023-11,PRD-28,CC-203,695,30938.31,17165.73,21502125.45,11930182.35,9571943.1
20231101,2023-11,PRD-29,CC-203,362,15424.48,8035.7,5583661.76,2908923.4,2674738.36
20231101,2023-11,PRD-30,CC-203,1054,24993.64,12659.59,26343296.56,13343207.86,13000088.7
20231101,2023-11,PRD-31,CC-203,463,30088.37,14615.79,13930915.31,6767110.77,7163804.54
20231101,2023-11,PRD-32,CC-203,846,34919.11,14992.77,29541567.06,12683883.42,16857683.64
20231101,2023-11,PRD-33,CC-203,345,31285.46,14602.18,10793483.7,5037752.1,5755731.6
20231101,2023-11,PRD-34,CC-203,321,49159.17,23427.42,15780093.57,7520201.82,8259891.75
20231101,2023-11,PRD-35,CC-203,459,49672.45,23345.54,22799654.55,10715602.86,12084051.69
20231101,2023-11,PRD-36,CC-203,41,44836.04,20741.46,1838277.64,850399.86,987877.78
20231201,2023-12,PRD-01,CC-202,10083,17613.98,8960.99,177601760.34,90353662.17,87248098.17
20231201,2023-12,PRD-02,CC-202,2569,24203.66,14298.16,62179202.54,36731973.04,25447229.5
20231201,2023-12,PRD-03,CC-202,430,39470.33,23209.99,16972241.9,9980295.7,6991946.2
20231201,2023-12,PRD-04,CC-202,6112,35055.19,17873.66,214257321.28,109243809.92,105013511.36
20231201,2023-12,PRD-05,CC-202,940,48719.24,28674.39,45796085.6,26953926.6,18842159.0
20231201,2023-12,PRD-06,CC-202,7204,18577.87,9724.04,133834975.48,70051984.16,63782991.32
20231201,2023-12,PRD-07,CC-202,1909,29682.46,15340.05,56663816.14,29284155.45,27379660.69
20231201,2023-12,PRD-08,CC-202,34,43867.52,24965.26,1491495.68,848818.84,642676.84
20231201,2023-12,PRD-09,CC-202,7823,17804.87,9218.41,139287498.01,72115621.43,67171876.58
20231201,2023-12,PRD-10,CC-202,1329,25355.38,14431.48,33697300.02,19179436.92,14517863.1
20231201,2023-12,PRD-11,CC-202,344,37180.39,23696.23,12790054.16,8151503.12,4638551.04
20231201,2023-12,PRD-12,CC-202,7401,14636.61,7317.06,108325550.61,54153561.06,54171989.55
20231201,2023-12,PRD-13,CC-202,498,22221.05,11715.28,11066082.9,5834209.44,5231873.46
20231201,2023-12,PRD-14,CC-202,5097,17119.01,8909.96,87255593.97,45414066.12,41841527.85
20231201,2023-12,PRD-15,CC-202,2672,26110.6,14230.76,69767523.2,38024590.72,31742932.48
20231201,2023-12,PRD-16,CC-202,8720,16695.39,8775.72,145583800.8,76524278.4,69059522.4
20231201,2023-12,PRD-17,CC-202,570,23763.34,13765.56,13545103.8,7846369.2,5698734.6
20231201,2023-12,PRD-18,CC-202,3319,22202.47,11360.77,73689997.93,37706395.63,35983602.3
20231201,2023-12,PRD-19,CC-202,2318,32577.88,17717.54,75515525.84,41069257.72,34446268.12
20231201,2023-12,PRD-20,CC-202,0,46655.11,29525.73,0.0,0.0,0.0
20231201,2023-12,PRD-21,CC-202,7087,15704.23,8249.04,111295878.01,58460946.48,52834931.53
20231201,2023-12,PRD-22,CC-202,815,23857.31,13040.89,19443707.65,10628325.35,8815382.3
20231201,2023-12,PRD-23,CC-202,10167,15124.54,7767.17,153771198.18,78968817.39,74802380.79
20231201,2023-12,PRD-24,CC-202,3930,21985.79,12327.99,86404154.7,48449000.7,37955154.0
20231201,2023-12,PRD-25,CC-202,17367,13745.43,7091.75,238716882.81,123162422.25,115554460.56
20231201,2023-12,PRD-26,CC-202,989,18260.39,11003.48,18059525.71,10882441.72,7177083.99
20231201,2023-12,PRD-27,CC-202,2595,21260.67,11086.98,55171438.65,28770713.1,26400725.55
20231201,2023-12,PRD-28,CC-202,1018,31378.4,17165.73,31943211.2,17474713.14,14468498.06
20231201,2023-12,PRD-29,CC-202,5240,15221.41,8035.7,79760188.4,42107068.0,37653120.4
20231201,2023-12,PRD-30,CC-202,856,24685.99,12659.59,21131207.44,10836609.04,10294598.4
20231201,2023-12,PRD-31,CC-202,3034,30266.62,14615.79,91828925.08,44344306.86,47484618.22
20231201,2023-12,PRD-32,CC-202,251,34783.3,14992.77,8730608.3,3763185.27,4967423.03
20231201,2023-12,PRD-33,CC-202,1213,31360.53,14602.18,38040322.89,17712444.34,20327878.55
20231201,2023-12,PRD-34,CC-202,5717,49270.51,23427.42,281679505.67,133934560.14,147744945.53
20231201,2023-12,PRD-35,CC-202,6126,49747.28,23345.54,304751837.28,143014778.04,161737059.24
20231201,2023-12,PRD-36,CC-202,12894,44535.31,20741.46,574238287.14,267440385.24,306797901.9
20231201,2023-12,PRD-01,CC-203,185,17698.49,8960.99,3274220.65,1657783.15,1616437.5
20231201,2023-12,PRD-02,CC-203,1059,24317.92,14298.16,25752677.28,15141751.44,10610925.84
20231201,2023-12,PRD-03,CC-203,317,39744.61,23209.99,12599041.37,7357566.83,5241474.54
20231201,2023-12,PRD-04,CC-203,553,35603.05,17873.66,19688486.65,9884133.98,9804352.67
20231201,2023-12,PRD-05,CC-203,870,49815.59,28674.39,43339563.3,24946719.3,18392844.0
20231201,2023-12,PRD-06,CC-203,279,18618.27,9724.04,5194497.33,2713007.16,2481490.17
20231201,2023-12,PRD-07,CC-203,307,29889.16,15340.05,9175972.12,4709395.35,4466576.77
20231201,2023-12,PRD-08,CC-203,241,43869.54,24965.26,10572559.14,6016627.66,4555931.48
20231201,2023-12,PRD-09,CC-203,435,17662.0,9218.41,7682970.0,4010008.35,3672961.65
20231201,2023-12,PRD-10,CC-203,659,25531.57,14431.48,16825304.63,9510345.32,7314959.31
20231201,2023-12,PRD-11,CC-203,417,37054.26,23696.23,15451626.42,9881327.91,5570298.51
20231201,2023-12,PRD-12,CC-203,586,14597.7,7317.06,8554252.2,4287797.16,4266455.04
20231201,2023-12,PRD-13,CC-203,549,21938.83,11715.28,12044417.67,6431688.72,5612728.95
20231201,2023-12,PRD-14,CC-203,78,17326.34,8909.96,1351454.52,694976.88,656477.64
20231201,2023-12,PRD-15,CC-203,1188,26221.53,14230.76,31151177.64,16906142.88,14245034.76
20231201,2023-12,PRD-16,CC-203,989,16685.28,8775.72,16501741.92,8679187.08,7822554.84
20231201,2023-12,PRD-17,CC-203,49,23425.46,13765.56,1147847.54,674512.44,473335.1
20231201,2023-12,PRD-18,CC-203,121,22292.45,11360.77,2697386.45,1374653.17,1322733.28
20231201,2023-12,PRD-19,CC-203,943,33034.19,17717.54,31151241.17,16707640.22,14443600.95
20231201,2023-12,PRD-20,CC-203,34,47046.49,29525.73,1599580.66,1003874.82,595705.84
20231201,2023-12,PRD-21,CC-203,375,15578.15,8249.04,5841806.25,3093390.0,2748416.25
20231201,2023-12,PRD-22,CC-203,350,23781.39,13040.89,8323486.5,4564311.5,3759175.0
20231201,2023-12,PRD-23,CC-203,1299,15195.11,7767.17,19738447.89,10089553.83,9648894.06
20231201,2023-12,PRD-24,CC-203,1017,22066.55,12327.99,22441681.35,12537565.83,9904115.52
20231201,2023-12,PRD-25,CC-203,466,13574.87,7091.75,6325889.42,3304755.5,3021133.92
20231201,2023-12,PRD-26,CC-203,328,18290.18,11003.48,5999179.04,3609141.44,2390037.6
20231201,2023-12,PRD-27,CC-203,216,21165.99,11086.98,4571853.84,2394787.68,2177066.16
20231201,2023-12,PRD-28,CC-203,958,31143.48,17165.73,29835453.84,16444769.34,13390684.5
20231201,2023-12,PRD-29,CC-203,573,15583.82,8035.7,8929528.86,4604456.1,4325072.76
20231201,2023-12,PRD-30,CC-203,470,24873.15,12659.59,11690380.5,5950007.3,5740373.2
20231201,2023-12,PRD-31,CC-203,1057,29948.05,14615.79,31655088.85,15448890.03,16206198.82
20231201,2023-12,PRD-32,CC-203,81,34802.54,14992.77,2819005.74,1214414.37,1604591.37
20231201,2023-12,PRD-33,CC-203,21,31213.13,14602.18,655475.73,306645.78,348829.95
20231201,2023-12,PRD-34,CC-203,0,49885.32,23427.42,0.0,0.0,0.0
20231201,2023-12,PRD-35,CC-203,0,49795.33,23345.54,0.0,0.0,0.0
20231201,2023-12,PRD-36,CC-203,778,44853.18,20741.46,34895774.04,16136855.88,18758918.16
20240101,2024-01,PRD-01,CC-202,7222,55081.71,28049.73,397800109.62,202575150.06,195224959.56
20240101,2024-01,PRD-02,CC-202,1595,76529.06,45235.15,122063850.7,72150064.25,49913786.45
20240101,2024-01,PRD-03,CC-202,71,126480.05,72843.78,8980083.55,5171908.38,3808175.17
20240101,2024-01,PRD-04,CC-202,5203,107865.29,55748.86,561223103.87,290061318.58,271161785.29
20240101,2024-01,PRD-05,CC-202,281,155884.47,90041.63,43803536.07,25301698.03,18501838.04
20240101,2024-01,PRD-06,CC-202,4899,56483.19,30456.93,276711147.81,149208500.07,127502647.74
20240101,2024-01,PRD-07,CC-202,1235,93354.93,48303.96,115293338.55,59655390.6,55637947.95
20240101,2024-01,PRD-08,CC-202,156,138883.08,78770.92,21665760.48,12288263.52,9377496.96
20240101,2024-01,PRD-09,CC-202,5877,54505.03,28767.6,320326061.31,169067185.2,151258876.11
20240101,2024-01,PRD-10,CC-202,1856,81138.83,45293.29,150593668.48,84064346.24,66529322.24
20240101,2024-01,PRD-11,CC-202,236,119093.91,74047.74,28106162.76,17475266.64,10630896.12
20240101,2024-01,PRD-12,CC-202,5901,45383.68,22932.43,267809095.68,135324269.43,132484826.25
20240101,2024-01,PRD-13,CC-202,496,70131.27,37001.77,34785109.92,18352877.92,16432232.0
20240101,2024-01,PRD-14,CC-202,6529,52842.8,27795.8,345010641.2,181478778.2,163531863.0
20240101,2024-01,PRD-15,CC-202,1518,82120.43,44770.44,124658812.74,67961527.92,56697284.82
20240101,2024-01,PRD-16,CC-202,7697,51413.13,27440.14,395726861.61,211206757.58,184520104.03
20240101,2024-01,PRD-17,CC-202,659,74800.83,43413.09,49293746.97,28609226.31,20684520.66
20240101,2024-01,PRD-18,CC-202,3291,68775.31,35589.87,226339545.21,117126262.17,109213283.04
20240101,2024-01,PRD-19,CC-202,2000,103187.57,55834.62,206375140.0,111669240.0,94705900.0
20240101,2024-01,PRD-20,CC-202,127,149508.63,92616.4,18987596.01,11762282.8,7225313.21
20240101,2024-01,PRD-21,CC-202,4716,48265.16,25795.09,227618494.56,121649644.44,105968850.12
20240101,2024-01,PRD-22,CC-202,1425,74624.58,41008.28,106340026.5,58436799.0,47903227.5
20240101,2024-01,PRD-23,CC-202,6517,46398.65,24237.52,302380002.05,157955917.84,144424084.21
20240101,2024-01,PRD-24,CC-202,3019,69583.26,38871.58,210071861.94,117353300.02,92718561.92
20240101,2024-01,PRD-25,CC-202,10537,41931.15,22154.75,441828527.55,233444600.75,208383926.8
20240101,2024-01,PRD-26,CC-202,1362,57461.45,34693.37,78262494.9,47252369.94,31010124.96
20240101,2024-01,PRD-27,CC-202,2157,65560.99,34779.65,141415055.43,75019705.05,66395350.38
20240101,2024-01,PRD-28,CC-202,1392,97147.38,54154.16,135229152.96,75382590.72,59846562.24
20240101,2024-01,PRD-29,CC-202,5901,47172.5,25154.98,278364922.5,148439536.98,129925385.52
20240101,2024-01,PRD-30,CC-202,1105,78629.93,39814.76,86886072.65,43995309.8,42890762.85
20240101,2024-01,PRD-31,CC-202,1056,94771.4,46006.64,100078598.4,48583011.84,51495586.56
20240101,2024-01,PRD-32,CC-202,955,108194.51,47100.12,103325757.05,44980614.6,58345142.45
20240101,2024-01,PRD-33,CC-202,892,98658.25,45754.59,88003159.0,40813094.28,47190064.72
20240101,2024-01,PRD-34,CC-202,5210,152806.46,73319.71,796121656.6,381995689.1,414125967.5
20240101,2024-01,PRD-35,CC-202,5843,153503.49,72835.8,896920892.07,425579579.4,471341312.67
20240101,2024-01,PRD-36,CC-202,11156,138048.17,64642.58,1540065384.52,721152622.48,818912762.04
20240101,2024-01,PRD-01,CC-203,833,54494.58,28049.73,45393985.14,23365425.09,22028560.05
20240101,2024-01,PRD-02,CC-203,1043,76835.17,45235.15,80139082.31,47180261.45,32958820.86
20240101,2024-01,PRD-03,CC-203,33,125914.45,72843.78,4155176.85,2403844.74,1751332.11
20240101,2024-01,PRD-04,CC-203,143,108991.88,55748.86,15585838.84,7972086.98,7613751.86
20240101,2024-01,PRD-05,CC-203,251,155968.56,90041.63,39148108.56,22600449.13,16547659.43
20240101,2024-01,PRD-06,CC-203,771,57393.22,30456.93,44250172.62,23482293.03,20767879.59
20240101,2024-01,PRD-07,CC-203,687,94556.98,48303.96,64960645.26,33184820.52,31775824.74
20240101,2024-01,PRD-08,CC-203,84,137691.43,78770.92,11566080.12,6616757.28,4949322.84
20240101,2024-01,PRD-09,CC-203,455,54870.49,28767.6,24966072.95,13089258.0,11876814.95
20240101,2024-01,PRD-10,CC-203,802,81010.0,45293.29,64970020.0,36325218.58,28644801.42
20240101,2024-01,PRD-11,CC-203,209,118549.29,74047.74,24776801.61,15475977.66,9300823.95
20240101,2024-01,PRD-12,CC-203,346,45626.08,22932.43,15786623.68,7934620.78,7852002.9
20240101,2024-01,PRD-13,CC-203,836,69979.97,37001.77,58503254.92,30933479.72,27569775.2
20240101,2024-01,PRD-14,CC-203,106,52904.67,27795.8,5607895.02,2946354.8,2661540.22
20240101,2024-01,PRD-15,CC-203,572,82572.41,44770.44,47231418.52,25608691.68,21622726.84
20240101,2024-01,PRD-16,CC-203,938,51443.89,27440.14,48254368.82,25738851.32,22515517.5
20240101,2024-01,PRD-17,CC-203,496,74542.69,43413.09,36973174.24,21532892.64,15440281.6
20240101,2024-01,PRD-18,CC-203,109,68920.91,35589.87,7512379.19,3879295.83,3633083.36
20240101,2024-01,PRD-19,CC-203,507,104199.59,55834.62,52829192.13,28308152.34,24521039.79
20240101,2024-01,PRD-20,CC-203,0,149007.92,92616.4,0.0,0.0,0.0
20240101,2024-01,PRD-21,CC-203,668,48509.11,25795.09,32404085.48,17231120.12,15172965.36
20240101,2024-01,PRD-22,CC-203,35,75332.42,41008.28,2636634.7,1435289.8,1201344.9
20240101,2024-01,PRD-23,CC-203,945,46863.05,24237.52,44285582.25,22904456.4,21381125.85
20240101,2024-01,PRD-24,CC-203,457,69607.74,38871.58,31810737.18,17764312.06,14046425.12
20240101,2024-01,PRD-25,CC-203,700,42116.79,22154.75,29481753.0,15508325.0,13973428.0
20240101,2024-01,PRD-26,CC-203,251,57419.57,34693.37,14412312.07,8708035.87,5704276.2
20240101,2024-01,PRD-27,CC-203,582,65616.03,34779.65,38188529.46,20241756.3,17946773.16
20240101,2024-01,PRD-28,CC-203,1087,96822.57,54154.16,105246133.59,58865571.92,46380561.67
20240101,2024-01,PRD-29,CC-203,526,46925.51,25154.98,24682818.26,13231519.48,11451298.78
20240101,2024-01,PRD-30,CC-203,311,78840.38,39814.76,24519358.18,12382390.36,12136967.82
20240101,2024-01,PRD-31,CC-203,756,95832.37,46006.64,72449271.72,34781019.84,37668251.88
20240101,2024-01,PRD-32,CC-203,653,109618.43,47100.12,71580834.79,30756378.36,40824456.43
20240101,2024-01,PRD-33,CC-203,635,98052.39,45754.59,62263267.65,29054164.65,33209103.0
20240101,2024-01,PRD-34,CC-203,224,151033.68,73319.71,33831544.32,16423615.04,17407929.28
20240101,2024-01,PRD-35,CC-203,245,153794.27,72835.8,37679596.15,17844771.0,19834825.15
20240101,2024-01,PRD-36,CC-203,0,137579.57,64642.58,0.0,0.0,0.0
20240201,2024-02,PRD-01,CC-202,5320,54566.43,28049.73,290293407.6,149224563.6,141068844.0
20240201,2024-02,PRD-02,CC-202,1716,77301.12,45235.15,132648721.92,77623517.4,55025204.52
20240201,2024-02,PRD-03,CC-202,462,126652.75,72843.78,58513570.5,33653826.36,24859744.14
20240201,2024-02,PRD-04,CC-202,6716,108570.66,55748.86,729160552.56,374409343.76,354751208.8
20240201,2024-02,PRD-05,CC-202,512,155689.13,90041.63,79712834.56,46101314.56,33611520.0
20240201,2024-02,PRD-06,CC-202,4922,56652.81,30456.93,278845130.82,149909009.46,128936121.36
20240201,2024-02,PRD-07,CC-202,813,93083.69,48303.96,75677039.97,39271119.48,36405920.49
20240201,2024-02,PRD-08,CC-202,522,139526.18,78770.92,72832665.96,41118420.24,31714245.72
20240201,2024-02,PRD-09,CC-202,5986,54763.71,28767.6,327815568.06,172202853.6,155612714.46
20240201,2024-02,PRD-10,CC-202,377,81701.43,45293.29,30801439.11,17075570.33,13725868.78
20240201,2024-02,PRD-11,CC-202,0,118438.89,74047.74,0.0,0.0,0.0
20240201,2024-02,PRD-12,CC-202,4308,44887.7,22932.43,193376211.6,98792908.44,94583303.16
20240201,2024-02,PRD-13,CC-202,477,69990.07,37001.77,33385263.39,17649844.29,15735419.1
20240201,2024-02,PRD-14,CC-202,4504,52748.54,27795.8,237579424.16,125192283.2,112387140.96
20240201,2024-02,PRD-15,CC-202,1424,81936.16,44770.44,116677091.84,63753106.56,52923985.28
20240201,2024-02,PRD-16,CC-202,7512,51432.89,27440.14,386363869.68,206130331.68,180233538.0
20240201,2024-02,PRD-17,CC-202,1298,75241.09,43413.09,97662934.82,56350190.82,41312744.0
20240201,2024-02,PRD-18,CC-202,2911,69866.49,35589.87,203381352.39,103602111.57,99779240.82
20240201,2024-02,PRD-19,CC-202,1930,104044.48,55834.62,200805846.4,107760816.6,93045029.8
20240201,2024-02,PRD-20,CC-202,183,148308.57,92616.4,27140468.31,16948801.2,10191667.11
20240201,2024-02,PRD-21,CC-202,7271,48224.06,25795.09,350637140.26,187556099.39,163081040.87
20240201,2024-02,PRD-22,CC-202,820,74141.01,41008.28,60795628.2,33626789.6,27168838.6
20240201,2024-02,PRD-23,CC-202,7469,46597.23,24237.52,348034710.87,181030036.88,167004673.99
20240201,2024-02,PRD-24,CC-202,2027,68665.91,38871.58,139185799.57,78792692.66,60393106.91
20240201,2024-02,PRD-25,CC-202,12411,42079.04,22154.75,522242965.44,274962602.25,247280363.19
20240201,2024-02,PRD-26,CC-202,620,57505.3,34693.37,35653286.0,21509889.4,14143396.6
20240201,2024-02,PRD-27,CC-202,1226,65041.84,34779.65,79741295.84,42639850.9,37101444.94
20240201,2024-02,PRD-28,CC-202,1759,96277.14,54154.16,169351489.26,95257167.44,74094321.82
20240201,2024-02,PRD-29,CC-202,7580,46618.54,25154.98,353368533.2,190674748.4,162693784.8
20240201,2024-02,PRD-30,CC-202,829,79126.59,39814.76,65595943.11,33006436.04,32589507.07
20240201,2024-02,PRD-31,CC-202,2031,95441.12,46006.64,193840914.72,93439485.84,100401428.88
20240201,2024-02,PRD-32,CC-202,908,108142.44,47100.12,98193335.52,42766908.96,55426426.56
20240201,2024-02,PRD-33,CC-202,663,98535.91,45754.59,65329308.33,30335293.17,34994015.16
20240201,2024-02,PRD-34,CC-202,4869,151445.25,73319.71,737386922.25,356993667.99,380393254.26
20240201,2024-02,PRD-35,CC-202,6457,151972.66,72835.8,981287465.62,470300760.6,510986705.02
20240201,2024-02,PRD-36,CC-202,7755,137864.05,64642.58,1069135707.75,501303207.9,567832499.85
20240201,2024-02,PRD-01,CC-203,486,55042.95,28049.73,26750873.7,13632168.78,13118704.92
20240201,2024-02,PRD-02,CC-203,859,76697.76,45235.15,65883375.84,38856993.85,27026381.99
20240201,2024-02,PRD-03,CC-203,0,125237.89,72843.78,0.0,0.0,0.0
20240201,2024-02,PRD-04,CC-203,153,108791.97,55748.86,16645171.41,8529575.58,8115595.83
20240201,2024-02,PRD-05,CC-203,312,155557.25,90041.63,48533862.0,28092988.56,20440873.44
20240201,2024-02,PRD-06,CC-203,640,56589.3,30456.93,36217152.0,19492435.2,16724716.8
20240201,2024-02,PRD-07,CC-203,310,93365.52,48303.96,28943311.2,14974227.6,13969083.6
20240201,2024-02,PRD-08,CC-203,300,141116.06,78770.92,42334818.0,23631276.0,18703542.0
20240201,2024-02,PRD-09,CC-203,1083,54401.74,28767.6,58917084.42,31155310.8,27761773.62
20240201,2024-02,PRD-10,CC-203,568,80514.18,45293.29,45732054.24,25726588.72,20005465.52
20240201,2024-02,PRD-11,CC-203,254,119387.03,74047.74,30324305.62,18808125.96,11516179.66
20240201,2024-02,PRD-12,CC-203,416,45323.66,22932.43,18854642.56,9539890.88,9314751.68
20240201,2024-02,PRD-13,CC-203,117,69584.46,37001.77,8141381.82,4329207.09,3812174.73
20240201,2024-02,PRD-14,CC-203,849,52962.67,27795.8,44965306.83,23598634.2,21366672.63
20240201,2024-02,PRD-15,CC-203,568,82476.01,44770.44,46846373.68,25429609.92,21416763.76
20240201,2024-02,PRD-16,CC-203,452,51404.44,27440.14,23234806.88,12402943.28,10831863.6
20240201,2024-02,PRD-17,CC-203,286,75455.27,43413.09,21580207.22,12416143.74,9164063.48
20240201,2024-02,PRD-18,CC-203,232,69927.79,35589.87,16223247.28,8256849.84,7966397.44
20240201,2024-02,PRD-19,CC-203,479,103260.12,55834.62,49461597.48,26744782.98,22716814.5
20240201,2024-02,PRD-20,CC-203,130,148360.47,92616.4,19286861.1,12040132.0,7246729.1
20240201,2024-02,PRD-21,CC-203,438,48477.82,25795.09,21233285.16,11298249.42,9935035.74
20240201,2024-02,PRD-22,CC-203,665,75137.75,41008.28,49966603.75,27270506.2,22696097.55
20240201,2024-02,PRD-23,CC-203,886,46594.45,24237.52,41282682.7,21474442.72,19808239.98
20240201,2024-02,PRD-24,CC-203,1291,70191.27,38871.58,90616929.57,50183209.78,40433719.79
20240201,2024-02,PRD-25,CC-203,1125,42126.16,22154.75,47391930.0,24924093.75,22467836.25
20240201,2024-02,PRD-26,CC-203,571,57781.9,34693.37,32993464.9,19809914.27,13183550.63
20240201,2024-02,PRD-27,CC-203,253,65672.48,34779.65,16615137.44,8799251.45,7815885.99
20240201,2024-02,PRD-28,CC-203,940,96917.68,54154.16,91102619.2,50904910.4,40197708.8
20240201,2024-02,PRD-29,CC-203,843,46987.05,25154.98,39610083.15,21205648.14,18404435.01
20240201,2024-02,PRD-30,CC-203,517,78930.58,39814.76,40807109.86,20584230.92,20222878.94
20240201,2024-02,PRD-31,CC-203,124,95196.28,46006.64,11804338.72,5704823.36,6099515.36
20240201,2024-02,PRD-32,CC-203,376,108666.3,47100.12,40858528.8,17709645.12,23148883.68
20240201,2024-02,PRD-33,CC-203,210,98655.63,45754.59,20717682.3,9608463.9,11109218.4
20240201,2024-02,PRD-34,CC-203,373,152239.87,73319.71,56785471.51,27348251.83,29437219.68
20240201,2024-02,PRD-35,CC-203,254,152793.79,72835.8,38809622.66,18500293.2,20309329.46
20240201,2024-02,PRD-36,CC-203,381,140521.74,64642.58,53538782.94,24628822.98,28909959.96
20240301,2024-03,PRD-01,CC-202,7853,54424.53,28049.73,427395834.09,220274529.69,207121304.4
20240301,2024-03,PRD-02,CC-202,4054,76934.16,45235.15,311891084.64,183383298.1,128507786.54
20240301,2024-03,PRD-03,CC-202,481,125536.0,72843.78,60382816.0,35037858.18,25344957.82
20240301,2024-03,PRD-04,CC-202,5124,107938.66,55748.86,553077693.84,285657158.64,267420535.2
20240301,2024-03,PRD-05,CC-202,1378,156604.34,90041.63,215800780.52,124077366.14,91723414.38
20240301,2024-03,PRD-06,CC-202,6546,57094.9,30456.93,373743215.4,199371063.78,174372151.62
20240301,2024-03,PRD-07,CC-202,394,91779.35,48303.96,36161063.9,19031760.24,17129303.66
20240301,2024-03,PRD-08,CC-202,389,137896.86,78770.92,53641878.54,30641887.88,22999990.66
20240301,2024-03,PRD-09,CC-202,4529,54630.21,28767.6,247420221.09,130288460.4,117131760.69
20240301,2024-03,PRD-10,CC-202,1060,80476.05,45293.29,85304613.0,48010887.4,37293725.6
20240301,2024-03,PRD-11,CC-202,0,118060.22,74047.74,0.0,0.0,0.0
20240301,2024-03,PRD-12,CC-202,4565,45227.58,22932.43,206463902.7,104686542.95,101777359.75
20240301,2024-03,PRD-13,CC-202,609,69580.96,37001.77,42374804.64,22534077.93,19840726.71
20240301,2024-03,PRD-14,CC-202,5406,52884.71,27795.8,285894742.26,150264094.8,135630647.46
20240301,2024-03,PRD-15,CC-202,1963,82063.18,44770.44,161090022.34,87884373.72,73205648.62
20240301,2024-03,PRD-16,CC-202,11687,51073.58,27440.14,596896929.46,320692916.18,276204013.28
20240301,2024-03,PRD-17,CC-202,542,74766.36,43413.09,40523367.12,23529894.78,16993472.34
20240301,2024-03,PRD-18,CC-202,4833,69251.79,35589.87,334693901.07,172005841.71,162688059.36
20240301,2024-03,PRD-19,CC-202,1751,104288.9,55834.62,182609863.9,97766419.62,84843444.28
20240301,2024-03,PRD-20,CC-202,160,149183.89,92616.4,23869422.4,14818624.0,9050798.4
20240301,2024-03,PRD-21,CC-202,5809,48369.77,25795.09,280979993.93,149843677.81,131136316.12
20240301,2024-03,PRD-22,CC-202,175,75559.01,41008.28,13222826.75,7176449.0,6046377.75
20240301,2024-03,PRD-23,CC-202,9843,46868.42,24237.52,461325858.06,238569909.36,222755948.7
20240301,2024-03,PRD-24,CC-202,1465,70334.71,38871.58,103040350.15,56946864.7,46093485.45
20240301,2024-03,PRD-25,CC-202,14200,41982.91,22154.75,596157322.0,314597450.0,281559872.0
20240301,2024-03,PRD-26,CC-202,874,57612.4,34693.37,50353237.6,30322005.38,20031232.22
20240301,2024-03,PRD-27,CC-202,2694,65390.78,34779.65,176162761.32,93696377.1,82466384.22
20240301,2024-03,PRD-28,CC-202,2130,97292.01,54154.16,207231981.3,115348360.8,91883620.5
20240301,2024-03,PRD-29,CC-202,6665,47078.68,25154.98,313779402.2,167657941.7,146121460.5
20240301,2024-03,PRD-30,CC-202,1619,78880.46,39814.76,127707464.74,64460096.44,63247368.3
20240301,2024-03,PRD-31,CC-202,2539,95103.37,46006.64,241467456.43,116810858.96,124656597.47
20240301,2024-03,PRD-32,CC-202,1329,109287.83,47100.12,145243526.07,62596059.48,82647466.59
20240301,2024-03,PRD-33,CC-202,516,98293.26,45754.59,50719322.16,23609368.44,27109953.72
20240301,2024-03,PRD-34,CC-202,6612,152414.42,73319.71,1007764145.04,484789922.52,522974222.52
20240301,2024-03,PRD-35,CC-202,3616,153104.79,72835.8,553626920.64,263374252.8,290252667.84
20240301,2024-03,PRD-36,CC-202,11407,139116.45,64642.58,1586901345.15,737377910.06,849523435.09
20240301,2024-03,PRD-01,CC-203,537,54815.52,28049.73,29435934.24,15062705.01,14373229.23
20240301,2024-03,PRD-02,CC-203,725,77703.8,45235.15,56335255.0,32795483.75,23539771.25
20240301,2024-03,PRD-03,CC-203,77,125059.88,72843.78,9629610.76,5608971.06,4020639.7
20240301,2024-03,PRD-04,CC-203,303,109324.37,55748.86,33125284.11,16891904.58,16233379.53
20240301,2024-03,PRD-05,CC-203,754,156596.52,90041.63,118073776.08,67891389.02,50182387.06
20240301,2024-03,PRD-06,CC-203,258,56702.98,30456.93,14629368.84,7857887.94,6771480.9
20240301,2024-03,PRD-07,CC-203,910,92676.15,48303.96,84335296.5,43956603.6,40378692.9
20240301,2024-03,PRD-08,CC-203,203,139122.05,78770.92,28241776.15,15990496.76,12251279.39
20240301,2024-03,PRD-09,CC-203,1128,55038.39,28767.6,62083303.92,32449852.8,29633451.12
20240301,2024-03,PRD-10,CC-203,761,79961.7,45293.29,60850853.7,34468193.69,26382660.01
20240301,2024-03,PRD-11,CC-203,467,118738.05,74047.74,55450669.35,34580294.58,20870374.77
20240301,2024-03,PRD-12,CC-203,596,45320.97,22932.43,27011298.12,13667728.28,13343569.84
20240301,2024-03,PRD-13,CC-203,531,68813.89,37001.77,36540175.59,19647939.87,16892235.72
20240301,2024-03,PRD-14,CC-203,931,52821.56,27795.8,49176872.36,25877889.8,23298982.56
20240301,2024-03,PRD-15,CC-203,451,82336.48,44770.44,37133752.48,20191468.44,16942284.04
20240301,2024-03,PRD-16,CC-203,465,51598.98,27440.14,23993525.7,12759665.1,11233860.6
20240301,2024-03,PRD-17,CC-203,736,74811.66,43413.09,55061381.76,31952034.24,23109347.52
20240301,2024-03,PRD-18,CC-203,0,68973.97,35589.87,0.0,0.0,0.0
20240301,2024-03,PRD-19,CC-203,1058,104253.68,55834.62,110300393.44,59073027.96,51227365.48
20240301,2024-03,PRD-20,CC-203,0,148414.06,92616.4,0.0,0.0,0.0
20240301,2024-03,PRD-21,CC-203,566,48009.39,25795.09,27173314.74,14600020.94,12573293.8
20240301,2024-03,PRD-22,CC-203,151,75683.35,41008.28,11428185.85,6192250.28,5235935.57
20240301,2024-03,PRD-23,CC-203,2011,46435.63,24237.52,93382051.93,48741652.72,44640399.21
20240301,2024-03,PRD-24,CC-203,471,68524.47,38871.58,32275025.37,18308514.18,13966511.19
20240301,2024-03,PRD-25,CC-203,875,42199.4,22154.75,36924475.0,19385406.25,17539068.75
20240301,2024-03,PRD-26,CC-203,162,58333.61,34693.37,9450044.82,5620325.94,3829718.88
20240301,2024-03,PRD-27,CC-203,91,65876.8,34779.65,5994788.8,3164948.15,2829840.65
20240301,2024-03,PRD-28,CC-203,901,97047.4,54154.16,87439707.4,48792898.16,38646809.24
20240301,2024-03,PRD-29,CC-203,782,47227.74,25154.98,36932092.68,19671194.36,17260898.32
20240301,2024-03,PRD-30,CC-203,588,78814.49,39814.76,46342920.12,23411078.88,22931841.24
20240301,2024-03,PRD-31,CC-203,866,94402.24,46006.64,81752339.84,39841750.24,41910589.6
20240301,2024-03,PRD-32,CC-203,213,108162.57,47100.12,23038627.41,10032325.56,13006301.85
20240301,2024-03,PRD-33,CC-203,82,99063.32,45754.59,8123192.24,3751876.38,4371315.86
20240301,2024-03,PRD-34,CC-203,669,151946.48,73319.71,101652195.12,49050885.99,52601309.13
20240301,2024-03,PRD-35,CC-203,229,152388.66,72835.8,34897003.14,16679398.2,18217604.94
20240301,2024-03,PRD-36,CC-203,0,137344.46,64642.58,0.0,0.0,0.0
20240401,2024-04,PRD-01,CC-202,8162,54267.37,28049.73,442930273.94,228941896.26,213988377.68
20240401,2024-04,PRD-02,CC-202,2301,76681.62,45235.15,176444407.62,104086080.15,72358327.47
20240401,2024-04,PRD-03,CC-202,0,124948.97,72843.78,0.0,0.0,0.0
20240401,2024-04,PRD-04,CC-202,5650,108707.4,55748.86,614196810.0,314981059.0,299215751.0
20240401,2024-04,PRD-05,CC-202,511,156285.19,90041.63,79861732.09,46011272.93,33850459.16
20240401,2024-04,PRD-06,CC-202,5370,56755.61,30456.93,304777625.7,163553714.1,141223911.6
20240401,2024-04,PRD-07,CC-202,1618,94318.07,48303.96,152606637.26,78155807.28,74450829.98
20240401,2024-04,PRD-08,CC-202,23,138314.38,78770.92,3181230.74,1811731.16,1369499.58
20240401,2024-04,PRD-09,CC-202,3869,54665.6,28767.6,211501206.4,111301844.4,100199362.0
20240401,2024-04,PRD-10,CC-202,1455,80426.42,45293.29,117020441.1,65901736.95,51118704.15
20240401,2024-04,PRD-11,CC-202,0,120319.12,74047.74,0.0,0.0,0.0
20240401,2024-04,PRD-12,CC-202,7471,45253.19,22932.43,338086582.49,171328184.53,166758397.96
20240401,2024-04,PRD-13,CC-202,490,69409.4,37001.77,34010606.0,18130867.3,15879738.7
20240401,2024-04,PRD-14,CC-202,5030,52923.72,27795.8,266206311.6,139812874.0,126393437.6
20240401,2024-04,PRD-15,CC-202,936,82136.25,44770.44,76879530.0,41905131.84,34974398.16
20240401,2024-04,PRD-16,CC-202,7937,51508.38,27440.14,408822012.06,217792391.18,191029620.88
20240401,2024-04,PRD-17,CC-202,1190,75077.86,43413.09,89342653.4,51661577.1,37681076.3
20240401,2024-04,PRD-18,CC-202,5267,68913.07,35589.87,362965139.69,187451845.29,175513294.4
20240401,2024-04,PRD-19,CC-202,1260,103512.79,55834.62,130426115.4,70351621.2,60074494.2
20240401,2024-04,PRD-20,CC-202,29,149118.43,92616.4,4324434.47,2685875.6,1638558.87
20240401,2024-04,PRD-21,CC-202,7937,48721.15,25795.09,386699767.55,204735629.33,181964138.22
20240401,2024-04,PRD-22,CC-202,1574,75629.77,41008.28,119041257.98,64547032.72,54494225.26
20240401,2024-04,PRD-23,CC-202,7327,46443.34,24237.52,340290352.18,177588309.04,162702043.14
20240401,2024-04,PRD-24,CC-202,3152,69373.5,38871.58,218665272.0,122523220.16,96142051.84
20240401,2024-04,PRD-25,CC-202,16540,42155.01,22154.75,697243865.4,366439565.0,330804300.4
20240401,2024-04,PRD-26,CC-202,581,56844.06,34693.37,33026398.86,20156847.97,12869550.89
20240401,2024-04,PRD-27,CC-202,1823,65825.91,34779.65,120000633.93,63403301.95,56597331.98
20240401,2024-04,PRD-28,CC-202,2620,96109.4,54154.16,251806628.0,141883899.2,109922728.8
20240401,2024-04,PRD-29,CC-202,8854,47048.82,25154.98,416570252.28,222722192.92,193848059.36
20240401,2024-04,PRD-30,CC-202,784,78593.81,39814.76,61617547.04,31214771.84,30402775.2
20240401,2024-04,PRD-31,CC-202,1654,95605.11,46006.64,158130851.94,76094982.56,82035869.38
20240401,2024-04,PRD-32,CC-202,186,109459.52,47100.12,20359470.72,8760622.32,11598848.4
20240401,2024-04,PRD-33,CC-202,1064,98555.93,45754.59,104863509.52,48682883.76,56180625.76
20240401,2024-04,PRD-34,CC-202,5601,151855.89,73319.71,850544839.89,410663695.71,439881144.18
20240401,2024-04,PRD-35,CC-202,5121,152186.61,72835.8,779347629.81,372992131.8,406355498.01
20240401,2024-04,PRD-36,CC-202,12454,138152.17,64642.58,1720547125.18,805058691.32,915488433.86
20240401,2024-04,PRD-01,CC-203,746,54240.38,28049.73,40463323.48,20925098.58,19538224.9
20240401,2024-04,PRD-02,CC-203,387,75925.6,45235.15,29383207.2,17506003.05,11877204.15
20240401,2024-04,PRD-03,CC-203,307,126576.34,72843.78,38858936.38,22363040.46,16495895.92
20240401,2024-04,PRD-04,CC-203,330,108750.34,55748.86,35887612.2,18397123.8,17490488.4
20240401,2024-04,PRD-05,CC-203,314,155232.33,90041.63,48742951.62,28273071.82,20469879.8
20240401,2024-04,PRD-06,CC-203,262,56616.64,30456.93,14833559.68,7979715.66,6853844.02
20240401,2024-04,PRD-07,CC-203,533,93567.26,48303.96,49871349.58,25746010.68,24125338.9
20240401,2024-04,PRD-08,CC-203,0,137749.4,78770.92,0.0,0.0,0.0
20240401,2024-04,PRD-09,CC-203,848,54791.7,28767.6,46463361.6,24394924.8,22068436.8
20240401,2024-04,PRD-10,CC-203,730,81259.41,45293.29,59319369.3,33064101.7,26255267.6
20240401,2024-04,PRD-11,CC-203,311,117661.86,74047.74,36592838.46,23028847.14,13563991.32
20240401,2024-04,PRD-12,CC-203,497,45305.73,22932.43,22516947.81,11397417.71,11119530.1
20240401,2024-04,PRD-13,CC-203,157,69230.77,37001.77,10869230.89,5809277.89,5059953.0
20240401,2024-04,PRD-14,CC-203,225,52095.46,27795.8,11721478.5,6254055.0,5467423.5
20240401,2024-04,PRD-15,CC-203,525,82017.49,44770.44,43059182.25,23504481.0,19554701.25
20240401,2024-04,PRD-16,CC-203,1902,51915.61,27440.14,98743490.22,52191146.28,46552343.94
20240401,2024-04,PRD-17,CC-203,173,74734.54,43413.09,12929075.42,7510464.57,5418610.85
20240401,2024-04,PRD-18,CC-203,145,69363.22,35589.87,10057666.9,5160531.15,4897135.75
20240401,2024-04,PRD-19,CC-203,1903,103471.88,55834.62,196906987.64,106253281.86,90653705.78
20240401,2024-04,PRD-20,CC-203,258,149677.0,92616.4,38616666.0,23895031.2,14721634.8
20240401,2024-04,PRD-21,CC-203,680,48094.6,25795.09,32704328.0,17540661.2,15163666.8
20240401,2024-04,PRD-22,CC-203,1062,75477.72,41008.28,80157338.64,43550793.36,36606545.28
20240401,2024-04,PRD-23,CC-203,710,46736.39,24237.52,33182836.9,17208639.2,15974197.7
20240401,2024-04,PRD-24,CC-203,1851,69975.22,38871.58,129524132.22,71951294.58,57572837.64
20240401,2024-04,PRD-25,CC-203,1295,41668.28,22154.75,53960422.6,28690401.25,25270021.35
20240401,2024-04,PRD-26,CC-203,401,57641.95,34693.37,23114421.95,13912041.37,9202380.58
20240401,2024-04,PRD-27,CC-203,155,66136.75,34779.65,10251196.25,5390845.75,4860350.5
20240401,2024-04,PRD-28,CC-203,294,97870.58,54154.16,28773950.52,15921323.04,12852627.48
20240401,2024-04,PRD-29,CC-203,969,47182.68,25154.98,45720016.92,24375175.62,21344841.3
20240401,2024-04,PRD-30,CC-203,986,78613.61,39814.76,77513019.46,39257353.36,38255666.1
20240401,2024-04,PRD-31,CC-203,888,94607.74,46006.64,84011673.12,40853896.32,43157776.8
20240401,2024-04,PRD-32,CC-203,0,110752.83,47100.12,0.0,0.0,0.0
20240401,2024-04,PRD-33,CC-203,25,98140.99,45754.59,2453524.75,1143864.75,1309660.0
20240401,2024-04,PRD-34,CC-203,119,153037.87,73319.71,18211506.53,8725045.49,9486461.04
20240401,2024-04,PRD-35,CC-203,0,153566.97,72835.8,0.0,0.0,0.0
20240401,2024-04,PRD-36,CC-203,348,138196.56,64642.58,48092402.88,22495617.84,25596785.04
20240501,2024-05,PRD-01,CC-202,11980,54517.96,28049.73,653125160.8,336035765.4,317089395.4
20240501,2024-05,PRD-02,CC-202,2432,77120.87,45235.15,187557955.84,110011884.8,77546071.04
20240501,2024-05,PRD-03,CC-202,375,127170.74,72843.78,47689027.5,27316417.5,20372610.0
20240501,2024-05,PRD-04,CC-202,8181,108118.78,55748.86,884519739.18,456081423.66,428438315.52
20240501,2024-05,PRD-05,CC-202,697,155140.65,90041.63,108133033.05,62759016.11,45374016.94
20240501,2024-05,PRD-06,CC-202,6123,56867.04,30456.93,348196885.92,186487782.39,161709103.53
20240501,2024-05,PRD-07,CC-202,889,93344.49,48303.96,82983251.61,42942220.44,40041031.17
20240501,2024-05,PRD-08,CC-202,0,138525.4,78770.92,0.0,0.0,0.0
20240501,2024-05,PRD-09,CC-202,6210,54001.33,28767.6,335348259.3,178646796.0,156701463.3
20240501,2024-05,PRD-10,CC-202,1673,80883.82,45293.29,135318630.86,75775674.17,59542956.69
20240501,2024-05,PRD-11,CC-202,212,116899.92,74047.74,24782783.04,15698120.88,9084662.16
20240501,2024-05,PRD-12,CC-202,9475,45424.26,22932.43,430394863.5,217284774.25,213110089.25
20240501,2024-05,PRD-13,CC-202,1076,69932.62,37001.77,75247499.12,39813904.52,35433594.6
20240501,2024-05,PRD-14,CC-202,6217,52979.7,27795.8,329374794.9,172806488.6,156568306.3
20240501,2024-05,PRD-15,CC-202,2023,82369.77,44770.44,166634044.71,90570600.12,76063444.59
20240501,2024-05,PRD-16,CC-202,10409,51148.16,27440.14,532401197.44,285624417.26,246776780.18
20240501,2024-05,PRD-17,CC-202,2127,75065.87,43413.09,159665105.49,92339642.43,67325463.06
20240501,2024-05,PRD-18,CC-202,2735,69174.28,35589.87,189191655.8,97338294.45,91853361.35
20240501,2024-05,PRD-19,CC-202,2477,103768.89,55834.62,257035540.53,138302353.74,118733186.79
20240501,2024-05,PRD-20,CC-202,193,150641.48,92616.4,29073805.64,17874965.2,11198840.44
20240501,2024-05,PRD-21,CC-202,7493,48698.48,25795.09,364897710.64,193282609.37,171615101.27
20240501,2024-05,PRD-22,CC-202,1263,75778.27,41008.28,95707955.01,51793457.64,43914497.37
20240501,2024-05,PRD-23,CC-202,10280,46714.37,24237.52,480223723.6,249161705.6,231062018.0
20240501,2024-05,PRD-24,CC-202,3683,69755.56,38871.58,256909727.48,143164029.14,113745698.34
20240501,2024-05,PRD-25,CC-202,16303,41978.83,22154.75,684380865.49,361188889.25,323191976.24
20240501,2024-05,PRD-26,CC-202,1674,57802.54,34693.37,96761451.96,58076701.38,38684750.58
20240501,2024-05,PRD-27,CC-202,3098,65368.73,34779.65,202512325.54,107747355.7,94764969.84
20240501,2024-05,PRD-28,CC-202,2239,96562.65,54154.16,216203773.35,121251164.24,94952609.11
20240501,2024-05,PRD-29,CC-202,10714,47609.74,25154.98,510090754.36,269510455.72,240580298.64
20240501,2024-05,PRD-30,CC-202,840,78458.39,39814.76,65905047.6,33444398.4,32460649.2
20240501,2024-05,PRD-31,CC-202,3615,94877.32,46006.64,342981511.8,166314003.6,176667508.2
20240501,2024-05,PRD-32,CC-202,560,108154.18,47100.12,60566340.8,26376067.2,34190273.6
20240501,2024-05,PRD-33,CC-202,1065,99098.59,45754.59,105539998.35,48728638.35,56811360.0
20240501,2024-05,PRD-34,CC-202,7853,152344.7,73319.71,1196362929.1,575779682.63,620583246.47
20240501,2024-05,PRD-35,CC-202,7000,151366.0,72835.8,1059562000.0,509850600.0,549711400.0
20240501,2024-05,PRD-36,CC-202,11704,137717.65,64642.58,1611847375.6,756576756.32,855270619.28
20240501,2024-05,PRD-01,CC-203,0,54874.83,28049.73,0.0,0.0,0.0
20240501,2024-05,PRD-02,CC-203,1884,76973.9,45235.15,145018827.6,85223022.6,59795805.0
20240501,2024-05,PRD-03,CC-203,819,124983.39,72843.78,102361396.41,59659055.82,42702340.59
20240501,2024-05,PRD-04,CC-203,1143,109739.78,55748.86,125432568.54,63720946.98,61711621.56
20240501,2024-05,PRD-05,CC-203,344,157213.38,90041.63,54081402.72,30974320.72,23107082.0
20240501,2024-05,PRD-06,CC-203,539,56692.39,30456.93,30557198.21,16416285.27,14140912.94
20240501,2024-05,PRD-07,CC-203,756,93843.98,48303.96,70946048.88,36517793.76,34428255.12
20240501,2024-05,PRD-08,CC-203,472,140216.62,78770.92,66182244.64,37179874.24,29002370.4
20240501,2024-05,PRD-09,CC-203,524,54524.47,28767.6,28570822.28,15074222.4,13496599.88
20240501,2024-05,PRD-10,CC-203,644,80666.1,45293.29,51948968.4,29168878.76,22780089.64
20240501,2024-05,PRD-11,CC-203,490,119413.05,74047.74,58512394.5,36283392.6,22229001.9
20240501,2024-05,PRD-12,CC-203,833,45378.44,22932.43,37800240.52,19102714.19,18697526.33
20240501,2024-05,PRD-13,CC-203,215,69139.4,37001.77,14864971.0,7955380.55,6909590.45
20240501,2024-05,PRD-14,CC-203,604,52609.65,27795.8,31776228.6,16788663.2,14987565.4
20240501,2024-05,PRD-15,CC-203,780,82090.94,44770.44,64030933.2,34920943.2,29109990.0
20240501,2024-05,PRD-16,CC-203,276,51820.47,27440.14,14302449.72,7573478.64,6728971.08
20240501,2024-05,PRD-17,CC-203,268,74954.79,43413.09,20087883.72,11634708.12,8453175.6
20240501,2024-05,PRD-18,CC-203,402,69226.52,35589.87,27829061.04,14307127.74,13521933.3
20240501,2024-05,PRD-19,CC-203,680,103078.16,55834.62,70093148.8,37967541.6,32125607.2
20240501,2024-05,PRD-20,CC-203,347,148165.41,92616.4,51413397.27,32137890.8,19275506.47
20240501,2024-05,PRD-21,CC-203,1725,48224.47,25795.09,83187210.75,44496530.25,38690680.5
20240501,2024-05,PRD-22,CC-203,266,75622.97,41008.28,20115710.02,10908202.48,9207507.54
20240501,2024-05,PRD-23,CC-203,984,46850.65,24237.52,46101039.6,23849719.68,22251319.92
20240501,2024-05,PRD-24,CC-203,976,68563.29,38871.58,66917771.04,37938662.08,28979108.96
20240501,2024-05,PRD-25,CC-203,1371,42205.48,22154.75,57863713.08,30374162.25,27489550.83
20240501,2024-05,PRD-26,CC-203,107,57447.59,34693.37,6146892.13,3712190.59,2434701.54
20240501,2024-05,PRD-27,CC-203,0,65124.38,34779.65,0.0,0.0,0.0
20240501,2024-05,PRD-28,CC-203,2154,98296.47,54154.16,211730596.38,116648060.64,95082535.74
20240501,2024-05,PRD-29,CC-203,972,46993.6,25154.98,45677779.2,24450640.56,21227138.64
20240501,2024-05,PRD-30,CC-203,434,78781.46,39814.76,34191153.64,17279605.84,16911547.8
20240501,2024-05,PRD-31,CC-203,503,95390.7,46006.64,47981522.1,23141339.92,24840182.18
20240501,2024-05,PRD-32,CC-203,440,108285.42,47100.12,47645584.8,20724052.8,26921532.0
20240501,2024-05,PRD-33,CC-203,518,99054.94,45754.59,51310458.92,23700877.62,27609581.3
20240501,2024-05,PRD-34,CC-203,327,152710.38,73319.71,49936294.26,23975545.17,25960749.09
20240501,2024-05,PRD-35,CC-203,492,152450.78,72835.8,75005783.76,35835213.6,39170570.16
20240501,2024-05,PRD-36,CC-203,382,137232.63,64642.58,52422864.66,24693465.56,27729399.1
20240601,2024-06,PRD-01,CC-202,7616,54329.96,28049.73,413776975.36,213626743.68,200150231.68
20240601,2024-06,PRD-02,CC-202,2237,76436.57,45235.15,170988607.09,101191030.55,69797576.54
20240601,2024-06,PRD-03,CC-202,26,125207.39,72843.78,3255392.14,1893938.28,1361453.86
20240601,2024-06,PRD-04,CC-202,6808,108460.9,55748.86,738401807.2,379538238.88,358863568.32
20240601,2024-06,PRD-05,CC-202,999,156841.92,90041.63,156685078.08,89951588.37,66733489.71
20240601,2024-06,PRD-06,CC-202,6888,57102.28,30456.93,393320504.64,209787333.84,183533170.8
20240601,2024-06,PRD-07,CC-202,2000,93616.73,48303.96,187233460.0,96607920.0,90625540.0
20240601,2024-06,PRD-08,CC-202,625,139856.71,78770.92,87410443.75,49231825.0,38178618.75
20240601,2024-06,PRD-09,CC-202,6804,54461.86,28767.6,370558495.44,195734750.4,174823745.04
20240601,2024-06,PRD-10,CC-202,1968,80924.47,45293.29,159259356.96,89137194.72,70122162.24
20240601,2024-06,PRD-11,CC-202,195,117989.26,74047.74,23007905.7,14439309.3,8568596.4
20240601,2024-06,PRD-12,CC-202,5950,45316.32,22932.43,269632104.0,136447958.5,133184145.5
20240601,2024-06,PRD-13,CC-202,946,69959.27,37001.77,66181469.42,35003674.42,31177795.0
20240601,2024-06,PRD-14,CC-202,7711,53290.63,27795.8,410924047.93,214333413.8,196590634.13
20240601,2024-06,PRD-15,CC-202,2985,82595.32,44770.44,246547030.2,133639763.4,112907266.8
20240601,2024-06,PRD-16,CC-202,9709,51204.89,27440.14,497148277.01,266416319.26,230731957.75
20240601,2024-06,PRD-17,CC-202,1839,75151.55,43413.09,138203700.45,79836672.51,58367027.94
20240601,2024-06,PRD-18,CC-202,4848,69376.02,35589.87,336334944.96,172539689.76,163795255.2
20240601,2024-06,PRD-19,CC-202,2037,102934.8,55834.62,209678187.6,113735120.94,95943066.66
20240601,2024-06,PRD-20,CC-202,215,147388.38,92616.4,31688501.7,19912526.0,11775975.7
20240601,2024-06,PRD-21,CC-202,9617,48494.14,25795.09,466368144.38,248071380.53,218296763.85
20240601,2024-06,PRD-22,CC-202,506,75740.27,41008.28,38324576.62,20750189.68,17574386.94
20240601,2024-06,PRD-23,CC-202,12230,46918.03,24237.52,573807506.9,296424869.6,277382637.3
20240601,2024-06,PRD-24,CC-202,2949,68968.35,38871.58,203387664.15,114632289.42,88755374.73
20240601,2024-06,PRD-25,CC-202,13107,42021.98,22154.75,550782091.86,290382308.25,260399783.61
20240601,2024-06,PRD-26,CC-202,456,57608.14,34693.37,26269311.84,15820176.72,10449135.12
20240601,2024-06,PRD-27,CC-202,1728,65605.91,34779.65,113367012.48,60099235.2,53267777.28
20240601,2024-06,PRD-28,CC-202,1837,98030.99,54154.16,180082928.63,99481191.92,80601736.71
20240601,2024-06,PRD-29,CC-202,7968,47603.72,25154.98,379306440.96,200434880.64,178871560.32
20240601,2024-06,PRD-30,CC-202,2570,79193.15,39814.76,203526395.5,102323933.2,101202462.3
20240601,2024-06,PRD-31,CC-202,1994,95125.2,46006.64,189679648.8,91737240.16,97942408.64
20240601,2024-06,PRD-32,CC-202,1267,108548.65,47100.12,137531139.55,59675852.04,77855287.51
20240601,2024-06,PRD-33,CC-202,193,99506.11,45754.59,19204679.23,8830635.87,10374043.36
20240601,2024-06,PRD-34,CC-202,6372,151590.61,73319.71,965935366.92,467193192.12,498742174.8
20240601,2024-06,PRD-35,CC-202,5573,152818.49,72835.8,851657444.77,405913913.4,445743531.37
20240601,2024-06,PRD-36,CC-202,12622,138250.18,64642.58,1744993771.96,815918644.76,929075127.2
20240601,2024-06,PRD-01,CC-203,926,54949.23,28049.73,50882986.98,25974049.98,24908937.0
20240601,2024-06,PRD-02,CC-203,1185,76504.06,45235.15,90657311.1,53603652.75,37053658.35
20240601,2024-06,PRD-03,CC-203,450,126723.7,72843.78,57025665.0,32779701.0,24245964.0
20240601,2024-06,PRD-04,CC-203,101,110098.01,55748.86,11119899.01,5630634.86,5489264.15
20240601,2024-06,PRD-05,CC-203,164,155597.13,90041.63,25517929.32,14766827.32,10751102.0
20240601,2024-06,PRD-06,CC-203,1026,57389.16,30456.93,58881278.16,31248810.18,27632467.98
20240601,2024-06,PRD-07,CC-203,1155,93350.68,48303.96,107820035.4,55791073.8,52028961.6
20240601,2024-06,PRD-08,CC-203,266,136814.61,78770.92,36392686.26,20953064.72,15439621.54
20240601,2024-06,PRD-09,CC-203,267,54159.78,28767.6,14460661.26,7680949.2,6779712.06
20240601,2024-06,PRD-10,CC-203,521,80668.72,45293.29,42028403.12,23597804.09,18430599.03
20240601,2024-06,PRD-11,CC-203,29,118388.86,74047.74,3433276.94,2147384.46,1285892.48
20240601,2024-06,PRD-12,CC-203,762,45487.14,22932.43,34661200.68,17474511.66,17186689.02
20240601,2024-06,PRD-13,CC-203,484,70358.0,37001.77,34053272.0,17908856.68,16144415.32
20240601,2024-06,PRD-14,CC-203,539,53094.37,27795.8,28617865.43,14981936.2,13635929.23
20240601,2024-06,PRD-15,CC-203,1049,81658.04,44770.44,85659283.96,46964191.56,38695092.4
20240601,2024-06,PRD-16,CC-203,663,51503.12,27440.14,34146568.56,18192812.82,15953755.74
20240601,2024-06,PRD-17,CC-203,878,75532.85,43413.09,66317842.3,38116693.02,28201149.28
20240601,2024-06,PRD-18,CC-203,589,69282.85,35589.87,40807598.65,20962433.43,19845165.22
20240601,2024-06,PRD-19,CC-203,1059,104129.96,55834.62,110273627.64,59128862.58,51144765.06
20240601,2024-06,PRD-20,CC-203,87,147812.55,92616.4,12859691.85,8057626.8,4802065.05
20240601,2024-06,PRD-21,CC-203,1436,48612.44,25795.09,69807463.84,37041749.24,32765714.6
20240601,2024-06,PRD-22,CC-203,737,76127.38,41008.28,56105879.06,30223102.36,25882776.7
20240601,2024-06,PRD-23,CC-203,604,46437.98,24237.52,28048539.92,14639462.08,13409077.84
20240601,2024-06,PRD-24,CC-203,1229,69341.19,38871.58,85220322.51,47773171.82,37447150.69
20240601,2024-06,PRD-25,CC-203,518,41777.64,22154.75,21640817.52,11476160.5,10164657.02
20240601,2024-06,PRD-26,CC-203,587,58154.74,34693.37,34136832.38,20365008.19,13771824.19
20240601,2024-06,PRD-27,CC-203,960,65880.57,34779.65,63245347.2,33388464.0,29856883.2
20240601,2024-06,PRD-28,CC-203,782,96920.87,54154.16,75792120.34,42348553.12,33443567.22
20240601,2024-06,PRD-29,CC-203,987,47290.63,25154.98,46675851.81,24827965.26,21847886.55
20240601,2024-06,PRD-30,CC-203,620,79119.12,39814.76,49053854.4,24685151.2,24368703.2
20240601,2024-06,PRD-31,CC-203,964,94124.55,46006.64,90736066.2,44350400.96,46385665.24
20240601,2024-06,PRD-32,CC-203,0,108099.55,47100.12,0.0,0.0,0.0
20240601,2024-06,PRD-33,CC-203,52,98432.65,45754.59,5118497.8,2379238.68,2739259.12
20240601,2024-06,PRD-34,CC-203,240,152410.85,73319.71,36578604.0,17596730.4,18981873.6
20240601,2024-06,PRD-35,CC-203,126,153988.39,72835.8,19402537.14,9177310.8,10225226.34
20240601,2024-06,PRD-36,CC-203,94,137870.92,64642.58,12959866.48,6076402.52,6883463.96
20240701,2024-07,PRD-01,CC-202,8533,55060.42,28049.73,469830563.86,239348346.09,230482217.77
20240701,2024-07,PRD-02,CC-202,4015,77091.99,45235.15,309524339.85,181619127.25,127905212.6
20240701,2024-07,PRD-03,CC-202,593,125752.17,72843.78,74571036.81,43196361.54,31374675.27
20240701,2024-07,PRD-04,CC-202,8183,108937.7,55748.86,891437199.1,456192921.38,435244277.72
20240701,2024-07,PRD-05,CC-202,1391,156755.42,90041.63,218046789.22,125247907.33,92798881.89
20240701,2024-07,PRD-06,CC-202,9399,57390.82,30456.93,539416317.18,286264685.07,253151632.11
20240701,2024-07,PRD-07,CC-202,2471,93966.97,48303.96,232192382.87,119359085.16,112833297.71
20240701,2024-07,PRD-08,CC-202,608,137977.51,78770.92,83890326.08,47892719.36,35997606.72
20240701,2024-07,PRD-09,CC-202,5778,54338.42,28767.6,313967390.76,166219192.8,147748197.96
20240701,2024-07,PRD-10,CC-202,2467,79936.87,45293.29,197204258.29,111738546.43,85465711.86
20240701,2024-07,PRD-11,CC-202,520,118677.77,74047.74,61712440.4,38504824.8,23207615.6
20240701,2024-07,PRD-12,CC-202,8913,45274.95,22932.43,403535629.35,204396748.59,199138880.76
20240701,2024-07,PRD-13,CC-202,1451,69692.7,37001.77,101124107.7,53689568.27,47434539.43
20240701,2024-07,PRD-14,CC-202,10546,53516.99,27795.8,564390176.54,293134506.8,271255669.74
20240701,2024-07,PRD-15,CC-202,2739,82518.73,44770.44,226018801.47,122626235.16,103392566.31
20240701,2024-07,PRD-16,CC-202,13427,51144.89,27440.14,686722438.03,368438759.78,318283678.25
20240701,2024-07,PRD-17,CC-202,1545,75172.63,43413.09,116141713.35,67073224.05,49068489.3
20240701,2024-07,PRD-18,CC-202,4507,69735.31,35589.87,314297042.17,160403544.09,153893498.08
20240701,2024-07,PRD-19,CC-202,2824,103389.3,55834.62,291971383.2,157676966.88,134294416.32
20240701,2024-07,PRD-20,CC-202,404,148797.06,92616.4,60114012.24,37417025.6,22696986.64
20240701,2024-07,PRD-21,CC-202,9469,48974.62,25795.09,463740676.78,244253707.21,219486969.57
20240701,2024-07,PRD-22,CC-202,897,76026.89,41008.28,68196120.33,36784427.16,31411693.17
20240701,2024-07,PRD-23,CC-202,13730,46504.12,24237.52,638501567.6,332781149.6,305720418.0
20240701,2024-07,PRD-24,CC-202,3116,69075.73,38871.58,215239974.68,121123843.28,94116131.4
20240701,2024-07,PRD-25,CC-202,18204,41903.22,22154.75,762806216.88,403305069.0,359501147.88
20240701,2024-07,PRD-26,CC-202,1180,57459.99,34693.37,67802788.2,40938176.6,26864611.6
20240701,2024-07,PRD-27,CC-202,2661,65951.34,34779.65,175496515.74,92548648.65,82947867.09
20240701,2024-07,PRD-28,CC-202,2532,96924.85,54154.16,245413720.2,137118333.12,108295387.08
20240701,2024-07,PRD-29,CC-202,10664,47364.81,25154.98,505098333.84,268252706.72,236845627.12
20240701,2024-07,PRD-30,CC-202,1760,78721.25,39814.76,138549400.0,70073977.6,68475422.4
20240701,2024-07,PRD-31,CC-202,1723,95225.64,46006.64,164073777.72,79269440.72,84804337.0
20240701,2024-07,PRD-32,CC-202,1222,108886.83,47100.12,133059706.26,57556346.64,75503359.62
20240701,2024-07,PRD-33,CC-202,1008,98451.13,45754.59,99238739.04,46120626.72,53118112.32
20240701,2024-07,PRD-34,CC-202,7537,152986.19,73319.71,1153056914.03,552610654.27,600446259.76
20240701,2024-07,PRD-35,CC-202,8421,153212.2,72835.8,1290199936.2,613350271.8,676849664.4
20240701,2024-07,PRD-36,CC-202,13768,137761.5,64642.58,1896700332.0,889999041.44,1006701290.56
20240701,2024-07,PRD-01,CC-203,1233,54643.68,28049.73,67375657.44,34585317.09,32790340.35
20240701,2024-07,PRD-02,CC-203,1159,77158.42,45235.15,89426608.78,52427538.85,36999069.93
20240701,2024-07,PRD-03,CC-203,236,125241.56,72843.78,29557008.16,17191132.08,12365876.08
20240701,2024-07,PRD-04,CC-203,889,108858.18,55748.86,96774922.02,49560736.54,47214185.48
20240701,2024-07,PRD-05,CC-203,568,157217.95,90041.63,89299795.6,51143645.84,38156149.76
20240701,2024-07,PRD-06,CC-203,585,56969.23,30456.93,33326999.55,17817304.05,15509695.5
20240701,2024-07,PRD-07,CC-203,704,94366.42,48303.96,66433959.68,34005987.84,32427971.84
20240701,2024-07,PRD-08,CC-203,380,138526.33,78770.92,52640005.4,29932949.6,22707055.8
20240701,2024-07,PRD-09,CC-203,527,54836.51,28767.6,28898840.77,15160525.2,13738315.57
20240701,2024-07,PRD-10,CC-203,1428,80376.27,45293.29,114777313.56,64678818.12,50098495.44
20240701,2024-07,PRD-11,CC-203,82,117410.64,74047.74,9627672.48,6071914.68,3555757.8
20240701,2024-07,PRD-12,CC-203,986,45018.28,22932.43,44388024.08,22611375.98,21776648.1
20240701,2024-07,PRD-13,CC-203,566,69133.13,37001.77,39129351.58,20943001.82,18186349.76
20240701,2024-07,PRD-14,CC-203,333,53298.6,27795.8,17748433.8,9256001.4,8492432.4
20240701,2024-07,PRD-15,CC-203,1862,82482.2,44770.44,153581856.4,83362559.28,70219297.12
20240701,2024-07,PRD-16,CC-203,805,51376.76,27440.14,41358291.8,22089312.7,19268979.1
20240701,2024-07,PRD-17,CC-203,563,75475.83,43413.09,42492892.29,24441569.67,18051322.62
20240701,2024-07,PRD-18,CC-203,716,69368.02,35589.87,49667502.32,25482346.92,24185155.4
20240701,2024-07,PRD-19,CC-203,2340,103100.5,55834.62,241255170.0,130653010.8,110602159.2
20240701,2024-07,PRD-20,CC-203,543,147922.44,92616.4,80321884.92,50290705.2,30031179.72
20240701,2024-07,PRD-21,CC-203,669,48699.75,25795.09,32580132.75,17256915.21,15323217.54
20240701,2024-07,PRD-22,CC-203,302,75822.8,41008.28,22898485.6,12384500.56,10513985.04
20240701,2024-07,PRD-23,CC-203,1573,46395.67,24237.52,72980388.91,38125618.96,34854769.95
20240701,2024-07,PRD-24,CC-203,1448,68924.86,38871.58,99803197.28,56286047.84,43517149.44
20240701,2024-07,PRD-25,CC-203,1294,41877.35,22154.75,54189290.9,28668246.5,25521044.4
20240701,2024-07,PRD-26,CC-203,1217,58436.91,34693.37,71117719.47,42221831.29,28895888.18
20240701,2024-07,PRD-27,CC-203,714,65462.08,34779.65,46739925.12,24832670.1,21907255.02
20240701,2024-07,PRD-28,CC-203,1785,97381.17,54154.16,173825388.45,96665175.6,77160212.85
20240701,2024-07,PRD-29,CC-203,621,47008.0,25154.98,29191968.0,15621242.58,13570725.42
20240701,2024-07,PRD-30,CC-203,457,78954.9,39814.76,36082389.3,18195345.32,17887043.98
20240701,2024-07,PRD-31,CC-203,1030,95283.72,46006.64,98142231.6,47386839.2,50755392.4
20240701,2024-07,PRD-32,CC-203,115,109297.47,47100.12,12569209.05,5416513.8,7152695.25
20240701,2024-07,PRD-33,CC-203,311,97613.25,45754.59,30357720.75,14229677.49,16128043.26
20240701,2024-07,PRD-34,CC-203,732,152684.46,73319.71,111765024.72,53670027.72,58094997.0
20240701,2024-07,PRD-35,CC-203,317,154597.86,72835.8,49007521.62,23088948.6,25918573.02
20240701,2024-07,PRD-36,CC-203,901,136494.36,64642.58,122981418.36,58242964.58,64738453.78
20240801,2024-08,PRD-01,CC-202,8768,54971.25,28049.73,481987920.0,245940032.64,236047887.36
20240801,2024-08,PRD-02,CC-202,2819,77043.81,45235.15,217186500.39,127517887.85,89668612.54
20240801,2024-08,PRD-03,CC-202,642,125874.63,72843.78,80811512.46,46765706.76,34045805.7
20240801,2024-08,PRD-04,CC-202,10581,109086.47,55748.86,1154243939.07,589878687.66,564365251.41
20240801,2024-08,PRD-05,CC-202,1566,156949.58,90041.63,245783042.28,141005192.58,104777849.7
20240801,2024-08,PRD-06,CC-202,10703,56938.84,30456.93,609416404.52,325980521.79,283435882.73
20240801,2024-08,PRD-07,CC-202,2420,93796.95,48303.96,226988619.0,116895583.2,110093035.8
20240801,2024-08,PRD-08,CC-202,623,139496.82,78770.92,86906518.86,49074283.16,37832235.7
20240801,2024-08,PRD-09,CC-202,8222,55289.24,28767.6,454588131.28,236527207.2,218060924.08
20240801,2024-08,PRD-10,CC-202,1287,80294.42,45293.29,103338918.54,58292464.23,45046454.31
20240801,2024-08,PRD-11,CC-202,273,119173.49,74047.74,32534362.77,20215033.02,12319329.75
20240801,2024-08,PRD-12,CC-202,6999,45459.24,22932.43,318169220.76,160504077.57,157665143.19
20240801,2024-08,PRD-13,CC-202,1389,69798.46,37001.77,96950060.94,51395458.53,45554602.41
20240801,2024-08,PRD-14,CC-202,9769,52812.47,27795.8,515925019.43,271537170.2,244387849.23
20240801,2024-08,PRD-15,CC-202,2031,82637.78,44770.44,167837331.18,90928763.64,76908567.54
20240801,2024-08,PRD-16,CC-202,11979,51595.37,27440.14,618060937.23,328705437.06,289355500.17
20240801,2024-08,PRD-17,CC-202,1394,74830.37,43413.09,104313535.78,60517847.46,43795688.32
20240801,2024-08,PRD-18,CC-202,6824,68810.65,35589.87,469563875.6,242865272.88,226698602.72
20240801,2024-08,PRD-19,CC-202,2900,104212.09,55834.62,302215061.0,161920398.0,140294663.0
20240801,2024-08,PRD-20,CC-202,346,149576.31,92616.4,51753403.26,32045274.4,19708128.86
20240801,2024-08,PRD-21,CC-202,13423,48420.49,25795.09,649948237.27,346247493.07,303700744.2
20240801,2024-08,PRD-22,CC-202,402,74986.82,41008.28,30144701.64,16485328.56,13659373.08
20240801,2024-08,PRD-23,CC-202,15442,46936.63,24237.52,724795440.46,374275783.84,350519656.62
20240801,2024-08,PRD-24,CC-202,5808,68938.77,38871.58,400396376.16,225766136.64,174630239.52
20240801,2024-08,PRD-25,CC-202,20941,41825.95,22154.75,875877218.95,463942619.75,411934599.2
20240801,2024-08,PRD-26,CC-202,1727,57737.41,34693.37,99712507.07,59915449.99,39797057.08
20240801,2024-08,PRD-27,CC-202,4003,65121.7,34779.65,260682165.1,139222938.95,121459226.15
20240801,2024-08,PRD-28,CC-202,2801,97191.62,54154.16,272233727.62,151685802.16,120547925.46
20240801,2024-08,PRD-29,CC-202,11347,47698.28,25154.98,541232383.16,285433558.06,255798825.1
20240801,2024-08,PRD-30,CC-202,1592,78544.72,39814.76,125043194.24,63385097.92,61658096.32
20240801,2024-08,PRD-31,CC-202,2801,95358.02,46006.64,267097814.02,128864598.64,138233215.38
20240801,2024-08,PRD-32,CC-202,830,108226.85,47100.12,89828285.5,39093099.6,50735185.9
20240801,2024-08,PRD-33,CC-202,1208,99662.07,45754.59,120391780.56,55271544.72,65120235.84
20240801,2024-08,PRD-34,CC-202,7255,151539.16,73319.71,1099416605.8,531934496.05,567482109.75
20240801,2024-08,PRD-35,CC-202,6601,153682.94,72835.8,1014461086.94,480789115.8,533671971.14
20240801,2024-08,PRD-36,CC-202,15189,138578.09,64642.58,2104862609.01,981856147.62,1123006461.39
20240801,2024-08,PRD-01,CC-203,379,54687.98,28049.73,20726744.42,10630847.67,10095896.75
20240801,2024-08,PRD-02,CC-203,960,77531.32,45235.15,74430067.2,43425744.0,31004323.2
20240801,2024-08,PRD-03,CC-203,201,125961.78,72843.78,25318317.78,14641599.78,10676718.0
20240801,2024-08,PRD-04,CC-203,1031,108609.92,55748.86,111976827.52,57477074.66,54499752.86
20240801,2024-08,PRD-05,CC-203,424,155884.88,90041.63,66095189.12,38177651.12,27917538.0
20240801,2024-08,PRD-06,CC-203,440,57341.31,30456.93,25230176.4,13401049.2,11829127.2
20240801,2024-08,PRD-07,CC-203,588,93820.1,48303.96,55166218.8,28402728.48,26763490.32
20240801,2024-08,PRD-08,CC-203,510,139021.63,78770.92,70901031.3,40173169.2,30727862.1
20240801,2024-08,PRD-09,CC-203,1204,54351.77,28767.6,65439531.08,34636190.4,30803340.68
20240801,2024-08,PRD-10,CC-203,981,80768.13,45293.29,79233535.53,44432717.49,34800818.04
20240801,2024-08,PRD-11,CC-203,388,117046.97,74047.74,45414224.36,28730523.12,16683701.24
20240801,2024-08,PRD-12,CC-203,1685,45200.39,22932.43,76162657.15,38641144.55,37521512.6
20240801,2024-08,PRD-13,CC-203,258,69903.2,37001.77,18035025.6,9546456.66,8488568.94
20240801,2024-08,PRD-14,CC-203,443,52527.13,27795.8,23269518.59,12313539.4,10955979.19
20240801,2024-08,PRD-15,CC-203,1540,83102.88,44770.44,127978435.2,68946477.6,59031957.6
20240801,2024-08,PRD-16,CC-203,849,51836.74,27440.14,44009392.26,23296678.86,20712713.4
20240801,2024-08,PRD-17,CC-203,980,75823.65,43413.09,74307177.0,42544828.2,31762348.8
20240801,2024-08,PRD-18,CC-203,182,69613.97,35589.87,12669742.54,6477356.34,6192386.2
20240801,2024-08,PRD-19,CC-203,1596,104086.58,55834.62,166122181.68,89112053.52,77010128.16
20240801,2024-08,PRD-20,CC-203,105,148788.81,92616.4,15622825.05,9724722.0,5898103.05
20240801,2024-08,PRD-21,CC-203,935,48043.79,25795.09,44920943.65,24118409.15,20802534.5
20240801,2024-08,PRD-22,CC-203,1029,75653.7,41008.28,77847657.3,42197520.12,35650137.18
20240801,2024-08,PRD-23,CC-203,1225,46550.79,24237.52,57024717.75,29690962.0,27333755.75
20240801,2024-08,PRD-24,CC-203,1192,69523.36,38871.58,82871845.12,46334923.36,36536921.76
20240801,2024-08,PRD-25,CC-203,649,42211.58,22154.75,27395315.42,14378432.75,13016882.67
20240801,2024-08,PRD-26,CC-203,1010,57438.3,34693.37,58012683.0,35040303.7,22972379.3
20240801,2024-08,PRD-27,CC-203,274,65908.97,34779.65,18059057.78,9529624.1,8529433.68
20240801,2024-08,PRD-28,CC-203,1667,97791.17,54154.16,163017880.39,90274984.72,72742895.67
20240801,2024-08,PRD-29,CC-203,457,47037.06,25154.98,21495936.42,11495825.86,10000110.56
20240801,2024-08,PRD-30,CC-203,859,78560.03,39814.76,67483065.77,34200878.84,33282186.93
20240801,2024-08,PRD-31,CC-203,1373,95760.21,46006.64,131478768.33,63167116.72,68311651.61
20240801,2024-08,PRD-32,CC-203,506,107943.12,47100.12,54619218.72,23832660.72,30786558.0
20240801,2024-08,PRD-33,CC-203,694,98711.1,45754.59,68505503.4,31753685.46,36751817.94
20240801,2024-08,PRD-34,CC-203,137,150640.93,73319.71,20637807.41,10044800.27,10593007.14
20240801,2024-08,PRD-35,CC-203,217,152021.99,72835.8,32988771.83,15805368.6,17183403.23
20240801,2024-08,PRD-36,CC-203,411,137855.96,64642.58,56658799.56,26568100.38,30090699.18
20240901,2024-09,PRD-01,CC-202,9022,54735.07,28049.73,493819801.54,253064664.06,240755137.48
20240901,2024-09,PRD-02,CC-202,2177,77787.92,45235.15,169344301.84,98476921.55,70867380.29
20240901,2024-09,PRD-03,CC-202,1110,125137.85,72843.78,138903013.5,80856595.8,58046417.7
20240901,2024-09,PRD-04,CC-202,6952,109697.89,55748.86,762619731.28,387566074.72,375053656.56
20240901,2024-09,PRD-05,CC-202,930,158085.24,90041.63,147019273.2,83738715.9,63280557.3
20240901,2024-09,PRD-06,CC-202,9199,57215.94,30456.93,526329432.06,280173299.07,246156132.99
20240901,2024-09,PRD-07,CC-202,867,94021.48,48303.96,81516623.16,41879533.32,39637089.84
20240901,2024-09,PRD-08,CC-202,548,137893.83,78770.92,75565818.84,43166464.16,32399354.68
20240901,2024-09,PRD-09,CC-202,6817,54591.83,28767.6,372152505.11,196108729.2,176043775.91
20240901,2024-09,PRD-10,CC-202,2402,81275.2,45293.29,195223030.4,108794482.58,86428547.82
20240901,2024-09,PRD-11,CC-202,496,118670.57,74047.74,58860602.72,36727679.04,22132923.68
20240901,2024-09,PRD-12,CC-202,9044,44870.02,22932.43,405804460.88,207400896.92,198403563.96
20240901,2024-09,PRD-13,CC-202,1900,69532.01,37001.77,132110819.0,70303363.0,61807456.0
20240901,2024-09,PRD-14,CC-202,6587,53391.73,27795.8,351691325.51,183090934.6,168600390.91
20240901,2024-09,PRD-15,CC-202,3442,82197.8,44770.44,282924827.6,154099854.48,128824973.12
20240901,2024-09,PRD-16,CC-202,12090,51140.67,27440.14,618290700.3,331751292.6,286539407.7
20240901,2024-09,PRD-17,CC-202,1395,74669.45,43413.09,104163882.75,60561260.55,43602622.2
20240901,2024-09,PRD-18,CC-202,2909,69301.69,35589.87,201598616.21,103530931.83,98067684.38
20240901,2024-09,PRD-19,CC-202,2574,104541.0,55834.62,269088534.0,143718311.88,125370222.12
20240901,2024-09,PRD-20,CC-202,217,149169.71,92616.4,32369827.07,20097758.8,12272068.27
20240901,2024-09,PRD-21,CC-202,7967,48077.49,25795.09,383033362.83,205509482.03,177523880.8
20240901,2024-09,PRD-22,CC-202,1608,75409.22,41008.28,121258025.76,65941314.24,55316711.52
20240901,2024-09,PRD-23,CC-202,11502,46473.82,24237.52,534541877.64,278779955.04,255761922.6
20240901,2024-09,PRD-24,CC-202,3384,69626.54,38871.58,235616211.36,131541426.72,104074784.64
20240901,2024-09,PRD-25,CC-202,16615,41625.4,22154.75,691606021.0,368101171.25,323504849.75
20240901,2024-09,PRD-26,CC-202,1326,58172.97,34693.37,77137358.22,46003408.62,31133949.6
20240901,2024-09,PRD-27,CC-202,2342,65509.53,34779.65,153423319.26,81453940.3,71969378.96
20240901,2024-09,PRD-28,CC-202,1429,97295.16,54154.16,139034783.64,77386294.64,61648489.0
20240901,2024-09,PRD-29,CC-202,11158,47503.69,25154.98,530046173.02,280679266.84,249366906.18
20240901,2024-09,PRD-30,CC-202,1063,78287.96,39814.76,83220101.48,42323089.88,40897011.6
20240901,2024-09,PRD-31,CC-202,1533,94291.45,46006.64,144548792.85,70528179.12,74020613.73
20240901,2024-09,PRD-32,CC-202,1322,109981.56,47100.12,145395622.32,62266358.64,83129263.68
20240901,2024-09,PRD-33,CC-202,534,97849.94,45754.59,52251867.96,24432951.06,27818916.9
20240901,2024-09,PRD-34,CC-202,5446,152217.93,73319.71,828978846.78,399299140.66,429679706.12
20240901,2024-09,PRD-35,CC-202,6446,152264.11,72835.8,981494453.06,469499566.8,511994886.26
20240901,2024-09,PRD-36,CC-202,11711,138504.93,64642.58,1622031235.23,757029254.38,865001980.85
20240901,2024-09,PRD-01,CC-203,508,54808.2,28049.73,27842565.6,14249262.84,13593302.76
20240901,2024-09,PRD-02,CC-203,1946,77407.81,45235.15,150635598.26,88027601.9,62607996.36
20240901,2024-09,PRD-03,CC-203,407,125841.8,72843.78,51217612.6,29647418.46,21570194.14
20240901,2024-09,PRD-04,CC-203,718,108646.66,55748.86,78008301.88,40027681.48,37980620.4
20240901,2024-09,PRD-05,CC-203,674,155242.88,90041.63,104633701.12,60688058.62,43945642.5
20240901,2024-09,PRD-06,CC-203,1075,56508.46,30456.93,60746594.5,32741199.75,28005394.75
20240901,2024-09,PRD-07,CC-203,357,93872.08,48303.96,33512332.56,17244513.72,16267818.84
20240901,2024-09,PRD-08,CC-203,471,138946.14,78770.92,65443631.94,37101103.32,28342528.62
20240901,2024-09,PRD-09,CC-203,296,54984.22,28767.6,16275329.12,8515209.6,7760119.52
20240901,2024-09,PRD-10,CC-203,1340,80659.91,45293.29,108084279.4,60693008.6,47391270.8
20240901,2024-09,PRD-11,CC-203,191,117746.47,74047.74,22489575.77,14143118.34,8346457.43
20240901,2024-09,PRD-12,CC-203,912,45386.73,22932.43,41392697.76,20914376.16,20478321.6
20240901,2024-09,PRD-13,CC-203,1084,70543.65,37001.77,76469316.6,40109918.68,36359397.92
20240901,2024-09,PRD-14,CC-203,429,53980.07,27795.8,23157450.03,11924398.2,11233051.83
20240901,2024-09,PRD-15,CC-203,695,81839.24,44770.44,56878271.8,31115455.8,25762816.0
20240901,2024-09,PRD-16,CC-203,545,51473.72,27440.14,28053177.4,14954876.3,13098301.1
20240901,2024-09,PRD-17,CC-203,203,75769.56,43413.09,15381220.68,8812857.27,6568363.41
20240901,2024-09,PRD-18,CC-203,221,69644.84,35589.87,15391509.64,7865361.27,7526148.37
20240901,2024-09,PRD-19,CC-203,1002,103010.1,55834.62,103216120.2,55946289.24,47269830.96
20240901,2024-09,PRD-20,CC-203,105,149166.28,92616.4,15662459.4,9724722.0,5937737.4
20240901,2024-09,PRD-21,CC-203,560,47701.69,25795.09,26712946.4,14445250.4,12267696.0
20240901,2024-09,PRD-22,CC-203,492,75287.39,41008.28,37041395.88,20176073.76,16865322.12
20240901,2024-09,PRD-23,CC-203,1386,46598.26,24237.52,64585188.36,33593202.72,30991985.64
20240901,2024-09,PRD-24,CC-203,1769,69193.37,38871.58,122403071.53,68763825.02,53639246.51
20240901,2024-09,PRD-25,CC-203,1734,42007.93,22154.75,72841750.62,38416336.5,34425414.12
20240901,2024-09,PRD-26,CC-203,500,57452.79,34693.37,28726395.0,17346685.0,11379710.0
20240901,2024-09,PRD-27,CC-203,65,65608.43,34779.65,4264547.95,2260677.25,2003870.7
20240901,2024-09,PRD-28,CC-203,1144,97242.13,54154.16,111244996.72,61952359.04,49292637.68
20240901,2024-09,PRD-29,CC-203,719,47815.36,25154.98,34379243.84,18086430.62,16292813.22
20240901,2024-09,PRD-30,CC-203,435,78155.18,39814.76,33997503.3,17319420.6,16678082.7
20240901,2024-09,PRD-31,CC-203,1312,95686.34,46006.64,125540478.08,60360711.68,65179766.4
20240901,2024-09,PRD-32,CC-203,414,109277.52,47100.12,45240893.28,19499449.68,25741443.6
20240901,2024-09,PRD-33,CC-203,213,99489.67,45754.59,21191299.71,9745727.67,11445572.04
20240901,2024-09,PRD-34,CC-203,315,151410.62,73319.71,47694345.3,23095708.65,24598636.65
20240901,2024-09,PRD-35,CC-203,131,153698.22,72835.8,20134466.82,9541489.8,10592977.02
20240901,2024-09,PRD-36,CC-203,840,139801.56,64642.58,117433310.4,54299767.2,63133543.2
20241001,2024-10,PRD-01,CC-202,8335,54497.29,28049.73,454234912.15,233794499.55,220440412.6
20241001,2024-10,PRD-02,CC-202,2507,76833.82,45235.15,192622386.74,113404521.05,79217865.69
20241001,2024-10,PRD-03,CC-202,443,125410.86,72843.78,55557010.98,32269794.54,23287216.44
20241001,2024-10,PRD-04,CC-202,8898,107895.93,55748.86,960057985.14,496053356.28,464004628.86
20241001,2024-10,PRD-05,CC-202,1056,155316.64,90041.63,164014371.84,95083961.28,68930410.56
20241001,2024-10,PRD-06,CC-202,8902,56668.67,30456.93,504464500.34,271127590.86,233336909.48
20241001,2024-10,PRD-07,CC-202,1475,92967.27,48303.96,137126723.25,71248341.0,65878382.25
20241001,2024-10,PRD-08,CC-202,259,138638.89,78770.92,35907472.51,20401668.28,15505804.23
20241001,2024-10,PRD-09,CC-202,6272,54792.54,28767.6,343658810.88,180430387.2,163228423.68
20241001,2024-10,PRD-10,CC-202,2119,80125.49,45293.29,169785913.31,95976481.51,73809431.8
20241001,2024-10,PRD-11,CC-202,130,118801.85,74047.74,15444240.5,9626206.2,5818034.3
20241001,2024-10,PRD-12,CC-202,5956,45722.34,22932.43,272322257.04,136585553.08,135736703.96
20241001,2024-10,PRD-13,CC-202,1412,69419.0,37001.77,98019628.0,52246499.24,45773128.76
20241001,2024-10,PRD-14,CC-202,9087,53438.39,27795.8,485594649.93,252580434.6,233014215.33
20241001,2024-10,PRD-15,CC-202,2514,82339.77,44770.44,207002181.78,112552886.16,94449295.62
20241001,2024-10,PRD-16,CC-202,7663,51350.77,27440.14,393500950.51,210273792.82,183227157.69
20241001,2024-10,PRD-17,CC-202,940,74571.58,43413.09,70097285.2,40808304.6,29288980.6
20241001,2024-10,PRD-18,CC-202,5559,68768.27,35589.87,382282812.93,197844087.33,184438725.6
20241001,2024-10,PRD-19,CC-202,2401,103734.14,55834.62,249065670.14,134058922.62,115006747.52
20241001,2024-10,PRD-20,CC-202,137,148140.98,92616.4,20295314.26,12688446.8,7606867.46
20241001,2024-10,PRD-21,CC-202,12072,48479.7,25795.09,585246938.4,311398326.48,273848611.92
20241001,2024-10,PRD-22,CC-202,947,76334.48,41008.28,72288752.56,38834841.16,33453911.4
20241001,2024-10,PRD-23,CC-202,11234,47184.11,24237.52,530066291.74,272284299.68,257781992.06
20241001,2024-10,PRD-24,CC-202,4110,69341.57,38871.58,284993852.7,159762193.8,125231658.9
20241001,2024-10,PRD-25,CC-202,18623,42465.33,22154.75,790831840.59,412587909.25,378243931.34
20241001,2024-10,PRD-26,CC-202,1550,57823.92,34693.37,89627076.0,53774723.5,35852352.5
20241001,2024-10,PRD-27,CC-202,2729,65217.03,34779.65,177977274.87,94913664.85,83063610.02
20241001,2024-10,PRD-28,CC-202,2199,97254.13,54154.16,213861831.87,119084997.84,94776834.03
20241001,2024-10,PRD-29,CC-202,7707,47762.73,25154.98,368107360.11,193869430.86,174237929.25
20241001,2024-10,PRD-30,CC-202,1057,78197.16,39814.76,82654398.12,42084201.32,40570196.8
20241001,2024-10,PRD-31,CC-202,4113,94046.55,46006.64,386813460.15,189225310.32,197588149.83
20241001,2024-10,PRD-32,CC-202,1300,108742.45,47100.12,141365185.0,61230156.0,80135029.0
20241001,2024-10,PRD-33,CC-202,1377,99469.72,45754.59,136969804.44,63004070.43,73965734.01
20241001,2024-10,PRD-34,CC-202,6534,150825.21,73319.71,985491922.14,479070985.14,506420937.0
20241001,2024-10,PRD-35,CC-202,8417,151894.43,72835.8,1278495417.31,613058928.6,665436488.71
20241001,2024-10,PRD-36,CC-202,14954,138683.32,64642.58,2073870367.28,966665141.32,1107205225.96
20241001,2024-10,PRD-01,CC-203,858,54951.58,28049.73,47148455.64,24066668.34,23081787.3
20241001,2024-10,PRD-02,CC-203,668,77144.63,45235.15,51532612.84,30217080.2,21315532.64
20241001,2024-10,PRD-03,CC-203,298,126424.22,72843.78,37674417.56,21707446.44,15966971.12
20241001,2024-10,PRD-04,CC-203,291,108604.61,55748.86,31603941.51,16222918.26,15381023.25
20241001,2024-10,PRD-05,CC-203,161,156089.33,90041.63,25130382.13,14496702.43,10633679.7
20241001,2024-10,PRD-06,CC-203,1166,56963.59,30456.93,66419545.94,35512780.38,30906765.56
20241001,2024-10,PRD-07,CC-203,748,93325.69,48303.96,69807616.12,36131362.08,33676254.04
20241001,2024-10,PRD-08,CC-203,776,139978.22,78770.92,108623098.72,61126233.92,47496864.8
20241001,2024-10,PRD-09,CC-203,432,54790.66,28767.6,23669565.12,12427603.2,11241961.92
20241001,2024-10,PRD-10,CC-203,699,80635.28,45293.29,56364060.72,31660009.71,24704051.01
20241001,2024-10,PRD-11,CC-203,608,119099.3,74047.74,72412374.4,45021025.92,27391348.48
20241001,2024-10,PRD-12,CC-203,1308,45414.06,22932.43,59401590.48,29995618.44,29405972.04
20241001,2024-10,PRD-13,CC-203,875,69749.27,37001.77,61030611.25,32376548.75,28654062.5
20241001,2024-10,PRD-14,CC-203,670,53167.87,27795.8,35622472.9,18623186.0,16999286.9
20241001,2024-10,PRD-15,CC-203,750,81716.91,44770.44,61287682.5,33577830.0,27709852.5
20241001,2024-10,PRD-16,CC-203,1010,51143.59,27440.14,51655025.9,27714541.4,23940484.5
20241001,2024-10,PRD-17,CC-203,592,74782.09,43413.09,44270997.28,25700549.28,18570448.0
20241001,2024-10,PRD-18,CC-203,316,69430.35,35589.87,21939990.6,11246398.92,10693591.68
20241001,2024-10,PRD-19,CC-203,1400,102761.75,55834.62,143866450.0,78168468.0,65697982.0
20241001,2024-10,PRD-20,CC-203,62,149196.14,92616.4,9250160.68,5742216.8,3507943.88
20241001,2024-10,PRD-21,CC-203,1075,48169.33,25795.09,51782029.75,27729721.75,24052308.0
20241001,2024-10,PRD-22,CC-203,551,75198.52,41008.28,41434384.52,22595562.28,18838822.24
20241001,2024-10,PRD-23,CC-203,1099,46479.57,24237.52,51081047.43,26637034.48,24444012.95
20241001,2024-10,PRD-24,CC-203,2415,69071.84,38871.58,166808493.6,93874865.7,72933627.9
20241001,2024-10,PRD-25,CC-203,1546,42017.96,22154.75,64959766.16,34251243.5,30708522.66
20241001,2024-10,PRD-26,CC-203,758,58151.55,34693.37,44078874.9,26297574.46,17781300.44
20241001,2024-10,PRD-27,CC-203,713,64706.91,34779.65,46136026.83,24797890.45,21338136.38
20241001,2024-10,PRD-28,CC-203,1449,96809.45,54154.16,140276893.05,78469377.84,61807515.21
20241001,2024-10,PRD-29,CC-203,597,47011.98,25154.98,28066152.06,15017523.06,13048629.0
20241001,2024-10,PRD-30,CC-203,884,78687.23,39814.76,69559511.32,35196247.84,34363263.48
20241001,2024-10,PRD-31,CC-203,367,94833.68,46006.64,34803960.56,16884436.88,17919523.68
20241001,2024-10,PRD-32,CC-203,454,108718.69,47100.12,49358285.26,21383454.48,27974830.78
20241001,2024-10,PRD-33,CC-203,235,98530.43,45754.59,23154651.05,10752328.65,12402322.4
20241001,2024-10,PRD-34,CC-203,522,151942.77,73319.71,79314125.94,38272888.62,41041237.32
20241001,2024-10,PRD-35,CC-203,224,151120.78,72835.8,33851054.72,16315219.2,17535835.52
20241001,2024-10,PRD-36,CC-203,623,138828.12,64642.58,86489918.76,40272327.34,46217591.42
20241101,2024-11,PRD-01,CC-202,8803,55008.19,28049.73,484237096.57,246921773.19,237315323.38
20241101,2024-11,PRD-02,CC-202,1678,76510.33,45235.15,128384333.74,75904581.7,52479752.04
20241101,2024-11,PRD-03,CC-202,0,126765.61,72843.78,0.0,0.0,0.0
20241101,2024-11,PRD-04,CC-202,8946,108495.93,55748.86,970604589.78,498729301.56,471875288.22
20241101,2024-11,PRD-05,CC-202,1472,155309.35,90041.63,228615363.2,132541279.36,96074083.84
20241101,2024-11,PRD-06,CC-202,9397,57656.36,30456.93,541796814.92,286203771.21,255593043.71
20241101,2024-11,PRD-07,CC-202,2351,93832.38,48303.96,220599925.38,113562609.96,107037315.42
20241101,2024-11,PRD-08,CC-202,145,138003.54,78770.92,20010513.3,11421783.4,8588729.9
20241101,2024-11,PRD-09,CC-202,6286,54492.4,28767.6,342539226.4,180833133.6,161706092.8
20241101,2024-11,PRD-10,CC-202,1383,80237.84,45293.29,110968932.72,62640620.07,48328312.65
20241101,2024-11,PRD-11,CC-202,269,118671.96,74047.74,31922757.24,19918842.06,12003915.18
20241101,2024-11,PRD-12,CC-202,10422,45214.23,22932.43,471222705.06,239001785.46,232220919.6
20241101,2024-11,PRD-13,CC-202,2433,70654.53,37001.77,171902471.49,90025306.41,81877165.08
20241101,2024-11,PRD-14,CC-202,6729,53281.56,27795.8,358531617.24,187037938.2,171493679.04
20241101,2024-11,PRD-15,CC-202,1806,81586.29,44770.44,147344839.74,80855414.64,66489425.1
20241101,2024-11,PRD-16,CC-202,13091,51776.49,27440.14,677806030.59,359218872.74,318587157.85
20241101,2024-11,PRD-17,CC-202,1398,74820.19,43413.09,104598625.62,60691499.82,43907125.8
20241101,2024-11,PRD-18,CC-202,5555,68432.71,35589.87,380143704.05,197701727.85,182441976.2
20241101,2024-11,PRD-19,CC-202,3425,102144.88,55834.62,349846214.0,191233573.5,158612640.5
20241101,2024-11,PRD-20,CC-202,440,149433.15,92616.4,65750586.0,40751216.0,24999370.0
20241101,2024-11,PRD-21,CC-202,10204,48959.98,25795.09,499587635.92,263213098.36,236374537.56
20241101,2024-11,PRD-22,CC-202,1797,75326.39,41008.28,135361522.83,73691879.16,61669643.67
20241101,2024-11,PRD-23,CC-202,11241,46490.7,24237.52,522601958.7,272453962.32,250147996.38
20241101,2024-11,PRD-24,CC-202,4528,69166.96,38871.58,313187994.88,176010514.24,137177480.64
20241101,2024-11,PRD-25,CC-202,15667,41828.95,22154.75,655334159.65,347098468.25,308235691.4
20241101,2024-11,PRD-26,CC-202,1540,58252.16,34693.37,89708326.4,53427789.8,36280536.6
20241101,2024-11,PRD-27,CC-202,3373,65248.17,34779.65,220082077.41,117311759.45,102770317.96
20241101,2024-11,PRD-28,CC-202,1456,97029.16,54154.16,141274456.96,78848456.96,62426000.0
20241101,2024-11,PRD-29,CC-202,10025,47292.33,25154.98,474105608.25,252178674.5,221926933.75
20241101,2024-11,PRD-30,CC-202,1404,78802.53,39814.76,110638752.12,55899923.04,54738829.08
20241101,2024-11,PRD-31,CC-202,1681,94674.27,46006.64,159147447.87,77337161.84,81810286.03
20241101,2024-11,PRD-32,CC-202,834,109086.9,47100.12,90978474.6,39281500.08,51696974.52
20241101,2024-11,PRD-33,CC-202,1159,98600.5,45754.59,114277979.5,53029569.81,61248409.69
20241101,2024-11,PRD-34,CC-202,8099,150876.24,73319.71,1221946667.76,593816331.29,628130336.47
20241101,2024-11,PRD-35,CC-202,6652,153960.16,72835.8,1024142984.32,484503741.6,539639242.72
20241101,2024-11,PRD-36,CC-202,14890,138334.65,64642.58,2059802938.5,962528016.2,1097274922.3
20241101,2024-11,PRD-01,CC-203,754,55171.95,28049.73,41599650.3,21149496.42,20450153.88
20241101,2024-11,PRD-02,CC-203,740,77031.05,45235.15,57002977.0,33474011.0,23528966.0
20241101,2024-11,PRD-03,CC-203,225,125048.29,72843.78,28135865.25,16389850.5,11746014.75
20241101,2024-11,PRD-04,CC-203,621,108734.68,55748.86,67524236.28,34620042.06,32904194.22
20241101,2024-11,PRD-05,CC-203,499,155957.52,90041.63,77822802.48,44930773.37,32892029.11
20241101,2024-11,PRD-06,CC-203,142,56608.57,30456.93,8038416.94,4324884.06,3713532.88
20241101,2024-11,PRD-07,CC-203,397,93872.29,48303.96,37267299.13,19176672.12,18090627.01
20241101,2024-11,PRD-08,CC-203,704,138521.59,78770.92,97519199.36,55454727.68,42064471.68
20241101,2024-11,PRD-09,CC-203,907,54657.62,28767.6,49574461.34,26092213.2,23482248.14
20241101,2024-11,PRD-10,CC-203,819,80949.87,45293.29,66297943.53,37095204.51,29202739.02
20241101,2024-11,PRD-11,CC-203,932,118916.68,74047.74,110830345.76,69012493.68,41817852.08
20241101,2024-11,PRD-12,CC-203,878,45263.46,22932.43,39741317.88,20134673.54,19606644.34
20241101,2024-11,PRD-13,CC-203,1492,69861.71,37001.77,104233671.32,55206640.84,49027030.48
20241101,2024-11,PRD-14,CC-203,1313,53012.71,27795.8,69605688.23,36495885.4,33109802.83
20241101,2024-11,PRD-15,CC-203,1306,82173.06,44770.44,107318016.36,58470194.64,48847821.72
20241101,2024-11,PRD-16,CC-203,1844,51730.11,27440.14,95390322.84,50599618.16,44790704.68
20241101,2024-11,PRD-17,CC-203,244,75378.38,43413.09,18392324.72,10592793.96,7799530.76
20241101,2024-11,PRD-18,CC-203,451,69404.69,35589.87,31301515.19,16051031.37,15250483.82
20241101,2024-11,PRD-19,CC-203,692,104273.67,55834.62,72157379.64,38637557.04,33519822.6
20241101,2024-11,PRD-20,CC-203,51,147798.48,92616.4,7537722.48,4723436.4,2814286.08
20241101,2024-11,PRD-21,CC-203,2007,48533.83,25795.09,97407396.81,51770745.63,45636651.18
20241101,2024-11,PRD-22,CC-203,524,74459.19,41008.28,39016615.56,21488338.72,17528276.84
20241101,2024-11,PRD-23,CC-203,1016,46452.56,24237.52,47195800.96,24625320.32,22570480.64
20241101,2024-11,PRD-24,CC-203,1349,69124.43,38871.58,93248856.07,52437761.42,40811094.65
20241101,2024-11,PRD-25,CC-203,1168,41950.15,22154.75,48997775.2,25876748.0,23121027.2
20241101,2024-11,PRD-26,CC-203,295,57291.21,34693.37,16900906.95,10234544.15,6666362.8
20241101,2024-11,PRD-27,CC-203,214,64678.24,34779.65,13841143.36,7442845.1,6398298.26
20241101,2024-11,PRD-28,CC-203,1440,97067.3,54154.16,139776912.0,77981990.4,61794921.6
20241101,2024-11,PRD-29,CC-203,991,46819.59,25154.98,46398213.69,24928585.18,21469628.51
20241101,2024-11,PRD-30,CC-203,851,78865.94,39814.76,67114914.94,33882360.76,33232554.18
20241101,2024-11,PRD-31,CC-203,1218,94729.76,46006.64,115380847.68,56036087.52,59344760.16
20241101,2024-11,PRD-32,CC-203,356,109180.47,47100.12,38868247.32,16767642.72,22100604.6
20241101,2024-11,PRD-33,CC-203,151,98969.28,45754.59,14944361.28,6908943.09,8035418.19
20241101,2024-11,PRD-34,CC-203,239,153424.06,73319.71,36668350.34,17523410.69,19144939.65
20241101,2024-11,PRD-35,CC-203,184,152027.32,72835.8,27973026.88,13401787.2,14571239.68
20241101,2024-11,PRD-36,CC-203,455,136765.96,64642.58,62228511.8,29412373.9,32816137.9
20241201,2024-12,PRD-01,CC-202,7339,54837.86,28049.73,402455054.54,205856968.47,196598086.07
20241201,2024-12,PRD-02,CC-202,2272,76501.07,45235.15,173810431.04,102774260.8,71036170.24
20241201,2024-12,PRD-03,CC-202,269,126585.33,72843.78,34051453.77,19594976.82,14456476.95
20241201,2024-12,PRD-04,CC-202,6278,108279.05,55748.86,679775875.9,349991343.08,329784532.82
20241201,2024-12,PRD-05,CC-202,1062,155314.8,90041.63,164944317.6,95624211.06,69320106.54
20241201,2024-12,PRD-06,CC-202,9126,57627.68,30456.93,525910207.68,277949943.18,247960264.5
20241201,2024-12,PRD-07,CC-202,429,92758.24,48303.96,39793284.96,20722398.84,19070886.12
20241201,2024-12,PRD-08,CC-202,272,138674.06,78770.92,37719344.32,21425690.24,16293654.08
20241201,2024-12,PRD-09,CC-202,6807,54356.54,28767.6,370004967.78,195821053.2,174183914.58
20241201,2024-12,PRD-10,CC-202,2178,80816.78,45293.29,176018946.84,98648785.62,77370161.22
20241201,2024-12,PRD-11,CC-202,85,117953.34,74047.74,10026033.9,6294057.9,3731976.0
20241201,2024-12,PRD-12,CC-202,6867,44975.94,22932.43,308849779.98,157476996.81,151372783.17
20241201,2024-12,PRD-13,CC-202,1001,69197.58,37001.77,69266777.58,37038771.77,32228005.81
20241201,2024-12,PRD-14,CC-202,4743,52542.97,27795.8,249211306.71,131835479.4,117375827.31
20241201,2024-12,PRD-15,CC-202,1132,81715.42,44770.44,92501855.44,50680138.08,41821717.36
20241201,2024-12,PRD-16,CC-202,8249,51079.15,27440.14,421351908.35,226353714.86,194998193.49
20241201,2024-12,PRD-17,CC-202,1227,75908.41,43413.09,93139619.07,53267861.43,39871757.64
20241201,2024-12,PRD-18,CC-202,3720,68909.89,35589.87,256344790.8,132394316.4,123950474.4
20241201,2024-12,PRD-19,CC-202,1646,104410.47,55834.62,171859633.62,91903784.52,79955849.1
20241201,2024-12,PRD-20,CC-202,82,149572.12,92616.4,12264913.84,7594544.8,4670369.04
20241201,2024-12,PRD-21,CC-202,8821,48594.69,25795.09,428653760.49,227538488.89,201115271.6
20241201,2024-12,PRD-22,CC-202,1557,75340.58,41008.28,117305283.06,63849891.96,53455391.1
20241201,2024-12,PRD-23,CC-202,9158,46755.41,24237.52,428186044.78,221967208.16,206218836.62
20241201,2024-12,PRD-24,CC-202,3967,68914.79,38871.58,273384971.93,154203557.86,119181414.07
20241201,2024-12,PRD-25,CC-202,12833,42113.29,22154.75,540439850.57,284311906.75,256127943.82
20241201,2024-12,PRD-26,CC-202,921,57821.99,34693.37,53254052.79,31952593.77,21301459.02
20241201,2024-12,PRD-27,CC-202,3495,65292.61,34779.65,228197671.95,121554876.75,106642795.2
20241201,2024-12,PRD-28,CC-202,1791,98196.8,54154.16,175870468.8,96990100.56,78880368.24
20241201,2024-12,PRD-29,CC-202,8947,47437.77,25154.98,424425728.19,225061606.06,199364122.13
20241201,2024-12,PRD-30,CC-202,511,78611.9,39814.76,40170680.9,20345342.36,19825338.54
20241201,2024-12,PRD-31,CC-202,2923,94054.93,46006.64,274922560.39,134477408.72,140445151.67
20241201,2024-12,PRD-32,CC-202,928,108751.79,47100.12,100921661.12,43708911.36,57212749.76
20241201,2024-12,PRD-33,CC-202,1370,99224.76,45754.59,135937921.2,62683788.3,73254132.9
20241201,2024-12,PRD-34,CC-202,4946,152067.09,73319.71,752123827.14,362639285.66,389484541.48
20241201,2024-12,PRD-35,CC-202,7671,153288.09,72835.8,1175872938.39,558723421.8,617149516.59
20241201,2024-12,PRD-36,CC-202,11185,137759.12,64642.58,1540835757.2,723027257.3,817808499.9
20241201,2024-12,PRD-01,CC-203,317,54569.79,28049.73,17298623.43,8891764.41,8406859.02
20241201,2024-12,PRD-02,CC-203,954,76450.22,45235.15,72933509.88,43154333.1,29779176.78
20241201,2024-12,PRD-03,CC-203,739,127601.52,72843.78,94297523.28,53831553.42,40465969.86
20241201,2024-12,PRD-04,CC-203,1243,107961.01,55748.86,134195535.43,69295832.98,64899702.45
20241201,2024-12,PRD-05,CC-203,681,156895.67,90041.63,106845951.27,61318350.03,45527601.24
20241201,2024-12,PRD-06,CC-203,236,56800.2,30456.93,13404847.2,7187835.48,6217011.72
20241201,2024-12,PRD-07,CC-203,752,93747.94,48303.96,70498450.88,36324577.92,34173872.96
20241201,2024-12,PRD-08,CC-203,270,137803.2,78770.92,37206864.0,21268148.4,15938715.6
20241201,2024-12,PRD-09,CC-203,523,54729.2,28767.6,28623371.6,15045454.8,13577916.8
20241201,2024-12,PRD-10,CC-203,870,81700.58,45293.29,71079504.6,39405162.3,31674342.3
20241201,2024-12,PRD-11,CC-203,277,117342.12,74047.74,32503767.24,20511223.98,11992543.26
20241201,2024-12,PRD-12,CC-203,1130,45657.51,22932.43,51592986.3,25913645.9,25679340.4
20241201,2024-12,PRD-13,CC-203,98,69178.05,37001.77,6779448.9,3626173.46,3153275.44
20241201,2024-12,PRD-14,CC-203,315,53228.93,27795.8,16767112.95,8755677.0,8011435.95
20241201,2024-12,PRD-15,CC-203,1237,82932.72,44770.44,102587774.64,55381034.28,47206740.36
20241201,2024-12,PRD-16,CC-203,894,51440.51,27440.14,45987815.94,24531485.16,21456330.78
20241201,2024-12,PRD-17,CC-203,432,74829.95,43413.09,32326538.4,18754454.88,13572083.52
20241201,2024-12,PRD-18,CC-203,160,68623.59,35589.87,10979774.4,5694379.2,5285395.2
20241201,2024-12,PRD-19,CC-203,396,103503.54,55834.62,40987401.84,22110509.52,18876892.32
20241201,2024-12,PRD-20,CC-203,0,149596.83,92616.4,0.0,0.0,0.0
20241201,2024-12,PRD-21,CC-203,1028,48142.63,25795.09,49490623.64,26517352.52,22973271.12
20241201,2024-12,PRD-22,CC-203,257,75519.89,41008.28,19408611.73,10539127.96,8869483.77
20241201,2024-12,PRD-23,CC-203,1021,46692.49,24237.52,47673032.29,24746507.92,22926524.37
20241201,2024-12,PRD-24,CC-203,1296,69191.2,38871.58,89671795.2,50377567.68,39294227.52
20241201,2024-12,PRD-25,CC-203,1347,42119.04,22154.75,56734346.88,29842448.25,26891898.63
20241201,2024-12,PRD-26,CC-203,832,57743.57,34693.37,48042650.24,28864883.84,19177766.4
20241201,2024-12,PRD-27,CC-203,0,65401.93,34779.65,0.0,0.0,0.0
20241201,2024-12,PRD-28,CC-203,1520,97829.01,54154.16,148700095.2,82314323.2,66385772.0
20241201,2024-12,PRD-29,CC-203,151,46986.29,25154.98,7094929.79,3798401.98,3296527.81
20241201,2024-12,PRD-30,CC-203,476,79609.45,39814.76,37894098.2,18951825.76,18942272.44
20241201,2024-12,PRD-31,CC-203,1285,95631.76,46006.64,122886811.6,59118532.4,63768279.2
20241201,2024-12,PRD-32,CC-203,590,109139.75,47100.12,64392452.5,27789070.8,36603381.7
20241201,2024-12,PRD-33,CC-203,125,98055.15,45754.59,12256893.75,5719323.75,6537570.0
20241201,2024-12,PRD-34,CC-203,91,152005.85,73319.71,13832532.35,6672093.61,7160438.74
20241201,2024-12,PRD-35,CC-203,235,151445.51,72835.8,35589694.85,17116413.0,18473281.85
20241201,2024-12,PRD-36,CC-203,378,138609.4,64642.58,52394353.2,24434895.24,27959457.96
20250101,2025-01,PRD-01,CC-202,5223,118887.66,61398.45,620950248.18,320684104.35,300266143.83
20250101,2025-01,PRD-02,CC-202,3097,171207.0,100075.57,530228079.0,309934040.29,220294038.71
20250101,2025-01,PRD-03,CC-202,336,275405.2,159869.67,92536147.2,53716209.12,38819938.08
20250101,2025-01,PRD-04,CC-202,5895,236922.67,121594.65,1396659139.65,716800461.75,679858677.9
20250101,2025-01,PRD-05,CC-202,797,348458.81,197719.09,277721671.57,157582114.73,120139556.84
20250101,2025-01,PRD-06,CC-202,5655,123839.54,66708.58,700312598.7,377237019.9,323075578.8
20250101,2025-01,PRD-07,CC-202,1251,207465.48,106364.01,259539315.48,133061376.51,126477938.97
20250101,2025-01,PRD-08,CC-202,579,307690.54,173800.82,178152822.66,100630674.78,77522147.88
20250101,2025-01,PRD-09,CC-202,3947,116090.04,62777.97,458207387.88,247784647.59,210422740.29
20250101,2025-01,PRD-10,CC-202,1545,180457.71,99406.1,278807161.95,153582424.5,125224737.45
20250101,2025-01,PRD-11,CC-202,334,264188.04,161808.12,88238805.36,54043912.08,34194893.28
20250101,2025-01,PRD-12,CC-202,5771,98497.11,50259.68,568426821.81,290048613.28,278378208.53
20250101,2025-01,PRD-13,CC-202,969,153481.95,81723.78,148724009.55,79190342.82,69533666.73
20250101,2025-01,PRD-14,CC-202,5827,112477.02,60637.12,655403595.54,353332498.24,302071097.3
20250101,2025-01,PRD-15,CC-202,1177,181622.15,98494.2,213769270.55,115927673.4,97841597.15
20250101,2025-01,PRD-16,CC-202,8954,110026.06,59999.24,985173341.24,537233194.96,447940146.28
20250101,2025-01,PRD-17,CC-202,1095,165565.3,95742.22,181294003.5,104837730.9,76456272.6
20250101,2025-01,PRD-18,CC-202,3802,149390.2,77965.29,567981540.4,296424032.58,271557507.82
20250101,2025-01,PRD-19,CC-202,1565,226788.76,123043.85,354924409.4,192563625.25,162360784.15
20250101,2025-01,PRD-20,CC-202,115,330248.04,203156.75,37978524.6,23363026.25,14615498.35
20250101,2025-01,PRD-21,CC-202,5295,103641.24,56406.18,548780365.8,298670723.1,250109642.7
20250101,2025-01,PRD-22,CC-202,210,168178.6,90176.24,35317506.0,18937010.4,16380495.6
20250101,2025-01,PRD-23,CC-202,6916,100828.47,52889.52,697329698.52,365783920.32,331545778.2
20250101,2025-01,PRD-24,CC-202,4346,152557.39,85709.35,663014416.94,372492835.1,290521581.84
20250101,2025-01,PRD-25,CC-202,14637,89485.79,48399.02,1309803508.23,708416455.74,601387052.49
20250101,2025-01,PRD-26,CC-202,1353,128111.69,76492.54,173335116.57,103494406.62,69840709.95
20250101,2025-01,PRD-27,CC-202,1389,140709.89,76294.51,195446037.21,105973074.39,89472962.82
20250101,2025-01,PRD-28,CC-202,1088,213613.8,119469.59,232411814.4,129982913.92,102428900.48
20250101,2025-01,PRD-29,CC-202,6838,101770.78,55065.57,695908593.64,376538367.66,319370225.98
20250101,2025-01,PRD-30,CC-202,960,175531.45,87563.82,168510192.0,84061267.2,84448924.8
20250101,2025-01,PRD-31,CC-202,1956,210373.14,101268.56,411489861.84,198081303.36,213408558.48
20250101,2025-01,PRD-32,CC-202,669,236251.78,103470.88,158052440.82,69222018.72,88830422.1
20250101,2025-01,PRD-33,CC-202,521,216606.23,100255.39,112851845.83,52233058.19,60618787.64
20250101,2025-01,PRD-34,CC-202,6156,326784.03,160462.35,2011682488.68,987806226.6,1023876262.08
20250101,2025-01,PRD-35,CC-202,4229,326781.92,158906.59,1381960739.68,672015969.11,709944770.57
20250101,2025-01,PRD-36,CC-202,8591,298395.64,140881.53,2563516943.24,1210313224.23,1353203719.01
20250101,2025-01,PRD-01,CC-203,310,117847.21,61398.45,36532635.1,19033519.5,17499115.6
20250101,2025-01,PRD-02,CC-203,1204,170931.08,100075.57,205801020.32,120490986.28,85310034.04
20250101,2025-01,PRD-03,CC-203,0,279310.09,159869.67,0.0,0.0,0.0
20250101,2025-01,PRD-04,CC-203,395,234659.5,121594.65,92690502.5,48029886.75,44660615.75
20250101,2025-01,PRD-05,CC-203,587,346109.41,197719.09,203166223.67,116061105.83,87105117.84
20250101,2025-01,PRD-06,CC-203,256,123798.41,66708.58,31692392.96,17077396.48,14614996.48
20250101,2025-01,PRD-07,CC-203,451,205978.12,106364.01,92896132.12,47970168.51,44925963.61
20250101,2025-01,PRD-08,CC-203,481,307048.29,173800.82,147690227.49,83598194.42,64092033.07
20250101,2025-01,PRD-09,CC-203,470,117969.1,62777.97,55445477.0,29505645.9,25939831.1
20250101,2025-01,PRD-10,CC-203,662,178040.72,99406.1,117862956.64,65806838.2,52056118.44
20250101,2025-01,PRD-11,CC-203,0,262182.47,161808.12,0.0,0.0,0.0
20250101,2025-01,PRD-12,CC-203,230,99189.16,50259.68,22813506.8,11559726.4,11253780.4
20250101,2025-01,PRD-13,CC-203,438,154908.5,81723.78,67849923.0,35795015.64,32054907.36
20250101,2025-01,PRD-14,CC-203,426,112937.96,60637.12,48111570.96,25831413.12,22280157.84
20250101,2025-01,PRD-15,CC-203,489,182388.18,98494.2,89187820.02,48163663.8,41024156.22
20250101,2025-01,PRD-16,CC-203,697,108938.51,59999.24,75930141.47,41819470.28,34110671.19
20250101,2025-01,PRD-17,CC-203,775,165284.59,95742.22,128095557.25,74200220.5,53895336.75
20250101,2025-01,PRD-18,CC-203,222,148294.87,77965.29,32921461.14,17308294.38,15613166.76
20250101,2025-01,PRD-19,CC-203,1100,227314.6,123043.85,250046060.0,135348235.0,114697825.0
20250101,2025-01,PRD-20,CC-203,0,332931.29,203156.75,0.0,0.0,0.0
20250101,2025-01,PRD-21,CC-203,493,104322.4,56406.18,51430943.2,27808246.74,23622696.46
20250101,2025-01,PRD-22,CC-203,0,168558.66,90176.24,0.0,0.0,0.0
20250101,2025-01,PRD-23,CC-203,341,101000.83,52889.52,34441283.03,18035326.32,16405956.71
20250101,2025-01,PRD-24,CC-203,2019,152988.95,85709.35,308884690.05,173047177.65,135837512.4
20250101,2025-01,PRD-25,CC-203,1036,90364.63,48399.02,93617756.68,50141384.72,43476371.96
20250101,2025-01,PRD-26,CC-203,285,127933.72,76492.54,36461110.2,21800373.9,14660736.3
20250101,2025-01,PRD-27,CC-203,215,141358.16,76294.51,30392004.4,16403319.65,13988684.75
20250101,2025-01,PRD-28,CC-203,917,211856.32,119469.59,194272245.44,109553614.03,84718631.41
20250101,2025-01,PRD-29,CC-203,203,102214.86,55065.57,20749616.58,11178310.71,9571305.87
20250101,2025-01,PRD-30,CC-203,157,175587.49,87563.82,27567235.93,13747519.74,13819716.19
20250101,2025-01,PRD-31,CC-203,578,206820.27,101268.56,119542116.06,58533227.68,61008888.38
20250101,2025-01,PRD-32,CC-203,0,236912.61,103470.88,0.0,0.0,0.0
20250101,2025-01,PRD-33,CC-203,40,215446.64,100255.39,8617865.6,4010215.6,4607650.0
20250101,2025-01,PRD-34,CC-203,703,326693.07,160462.35,229665228.21,112805032.05,116860196.16
20250101,2025-01,PRD-35,CC-203,180,324411.77,158906.59,58394118.6,28603186.2,29790932.4
20250101,2025-01,PRD-36,CC-203,282,297234.66,140881.53,83820174.12,39728591.46,44091582.66
20250201,2025-02,PRD-01,CC-202,7236,119186.54,61398.45,862433803.44,444279184.2,418154619.24
20250201,2025-02,PRD-02,CC-202,3313,170800.93,100075.57,565863481.09,331550363.41,234313117.68
20250201,2025-02,PRD-03,CC-202,211,277931.61,159869.67,58643569.71,33732500.37,24911069.34
20250201,2025-02,PRD-04,CC-202,6473,236184.12,121594.65,1528819808.76,787082169.45,741737639.31
20250201,2025-02,PRD-05,CC-202,849,346296.47,197719.09,294005703.03,167863507.41,126142195.62
20250201,2025-02,PRD-06,CC-202,6581,122865.16,66708.58,808575617.96,439009164.98,369566452.98
20250201,2025-02,PRD-07,CC-202,1454,207637.4,106364.01,301904779.6,154653270.54,147251509.06
20250201,2025-02,PRD-08,CC-202,254,308312.22,173800.82,78311303.88,44145408.28,34165895.6
20250201,2025-02,PRD-09,CC-202,3987,118344.6,62777.97,471839920.2,250295766.39,221544153.81
20250201,2025-02,PRD-10,CC-202,1330,177522.11,99406.1,236104406.3,132210113.0,103894293.3
20250201,2025-02,PRD-11,CC-202,0,261946.24,161808.12,0.0,0.0,0.0
20250201,2025-02,PRD-12,CC-202,6411,98608.2,50259.68,632177170.2,322214808.48,309962361.72
20250201,2025-02,PRD-13,CC-202,917,154640.56,81723.78,141805393.52,74940706.26,66864687.26
20250201,2025-02,PRD-14,CC-202,4701,114259.7,60637.12,537134849.7,285055101.12,252079748.58
20250201,2025-02,PRD-15,CC-202,2650,180364.81,98494.2,477966746.5,261009630.0,216957116.5
20250201,2025-02,PRD-16,CC-202,10485,110299.94,59999.24,1156494870.9,629092031.4,527402839.5
20250201,2025-02,PRD-17,CC-202,512,165541.24,95742.22,84757114.88,49020016.64,35737098.24
20250201,2025-02,PRD-18,CC-202,2817,148662.57,77965.29,418782459.69,219628221.93,199154237.76
20250201,2025-02,PRD-19,CC-202,2378,230241.78,123043.85,547514952.84,292598275.3,254916677.54
20250201,2025-02,PRD-20,CC-202,93,327490.73,203156.75,30456637.89,18893577.75,11563060.14
20250201,2025-02,PRD-21,CC-202,5481,103482.99,56406.18,567190268.19,309162272.58,258027995.61
20250201,2025-02,PRD-22,CC-202,684,167190.24,90176.24,114358124.16,61680548.16,52677576.0
20250201,2025-02,PRD-23,CC-202,9163,101038.72,52889.52,925817791.36,484626671.76,441191119.6
20250201,2025-02,PRD-24,CC-202,2726,152570.96,85709.35,415908436.96,233643688.1,182264748.86
20250201,2025-02,PRD-25,CC-202,12872,90480.91,48399.02,1164670273.52,622992185.44,541678088.08
20250201,2025-02,PRD-26,CC-202,1374,126492.66,76492.54,173800914.84,105100749.96,68700164.88
20250201,2025-02,PRD-27,CC-202,1213,141449.6,76294.51,171578364.8,92545240.63,79033124.17
20250201,2025-02,PRD-28,CC-202,2552,216456.78,119469.59,552397702.56,304886393.68,247511308.88
20250201,2025-02,PRD-29,CC-202,9760,101991.16,55065.57,995433721.6,537439963.2,457993758.4
20250201,2025-02,PRD-30,CC-202,679,173614.19,87563.82,117884035.01,59455833.78,58428201.23
20250201,2025-02,PRD-31,CC-202,1398,209325.63,101268.56,292637230.74,141573446.88,151063783.86
20250201,2025-02,PRD-32,CC-202,1191,236381.43,103470.88,281530283.13,123233818.08,158296465.05
20250201,2025-02,PRD-33,CC-202,470,212987.55,100255.39,100104148.5,47120033.3,52984115.2
20250201,2025-02,PRD-34,CC-202,5254,327737.6,160462.35,1721933350.4,843069186.9,878864163.5
20250201,2025-02,PRD-35,CC-202,5557,324812.85,158906.59,1804985007.45,883043920.63,921941086.82
20250201,2025-02,PRD-36,CC-202,11039,299882.01,140881.53,3310397508.39,1555191209.67,1755206298.72
20250201,2025-02,PRD-01,CC-203,0,119133.29,61398.45,0.0,0.0,0.0
20250201,2025-02,PRD-02,CC-203,772,169241.55,100075.57,130654476.6,77258340.04,53396136.56
20250201,2025-02,PRD-03,CC-203,402,277374.69,159869.67,111504625.38,64267607.34,47237018.04
20250201,2025-02,PRD-04,CC-203,561,236878.94,121594.65,132889085.34,68214598.65,64674486.69
20250201,2025-02,PRD-05,CC-203,638,345059.24,197719.09,220147795.12,126144779.42,94003015.7
20250201,2025-02,PRD-06,CC-203,469,122768.03,66708.58,57578206.07,31286324.02,26291882.05
20250201,2025-02,PRD-07,CC-203,472,208087.88,106364.01,98217479.36,50203812.72,48013666.64
20250201,2025-02,PRD-08,CC-203,120,309852.61,173800.82,37182313.2,20856098.4,16326214.8
20250201,2025-02,PRD-09,CC-203,475,118084.73,62777.97,56090246.75,29819535.75,26270711.0
20250201,2025-02,PRD-10,CC-203,319,179418.05,99406.1,57234357.95,31710545.9,25523812.05
20250201,2025-02,PRD-11,CC-203,714,261995.08,161808.12,187064487.12,115530997.68,71533489.44
20250201,2025-02,PRD-12,CC-203,121,98694.51,50259.68,11942035.71,6081421.28,5860614.43
20250201,2025-02,PRD-13,CC-203,744,153194.03,81723.78,113976358.32,60802492.32,53173866.0
20250201,2025-02,PRD-14,CC-203,626,113439.71,60637.12,71013258.46,37958837.12,33054421.34
20250201,2025-02,PRD-15,CC-203,1195,180830.43,98494.2,216092363.85,117700569.0,98391794.85
20250201,2025-02,PRD-16,CC-203,817,109827.04,59999.24,89728691.68,49019379.08,40709312.6
20250201,2025-02,PRD-17,CC-203,709,166374.56,95742.22,117959563.04,67881233.98,50078329.06
20250201,2025-02,PRD-18,CC-203,350,148765.35,77965.29,52067872.5,27287851.5,24780021.0
20250201,2025-02,PRD-19,CC-203,970,230105.42,123043.85,223202257.4,119352534.5,103849722.9
20250201,2025-02,PRD-20,CC-203,0,329718.55,203156.75,0.0,0.0,0.0
20250201,2025-02,PRD-21,CC-203,432,103167.68,56406.18,44568437.76,24367469.76,20200968.0
20250201,2025-02,PRD-22,CC-203,646,166843.3,90176.24,107780771.8,58253851.04,49526920.76
20250201,2025-02,PRD-23,CC-203,343,99942.41,52889.52,34280246.63,18141105.36,16139141.27
20250201,2025-02,PRD-24,CC-203,1046,152411.67,85709.35,159422606.82,89651980.1,69770626.72
20250201,2025-02,PRD-25,CC-203,1835,90942.27,48399.02,166879065.45,88812201.7,78066863.75
20250201,2025-02,PRD-26,CC-203,428,126592.96,76492.54,54181786.88,32738807.12,21442979.76
20250201,2025-02,PRD-27,CC-203,318,140922.74,76294.51,44813431.32,24261654.18,20551777.14
20250201,2025-02,PRD-28,CC-203,1295,214944.05,119469.59,278352544.75,154713119.05,123639425.7
20250201,2025-02,PRD-29,CC-203,655,101983.91,55065.57,66799461.05,36067948.35,30731512.7
20250201,2025-02,PRD-30,CC-203,263,173717.54,87563.82,45687713.02,23029284.66,22658428.36
20250201,2025-02,PRD-31,CC-203,451,207714.64,101268.56,93679302.64,45672120.56,48007182.08
20250201,2025-02,PRD-32,CC-203,242,235392.85,103470.88,56965069.7,25039952.96,31925116.74
20250201,2025-02,PRD-33,CC-203,21,214939.27,100255.39,4513724.67,2105363.19,2408361.48
20250201,2025-02,PRD-34,CC-203,183,328751.34,160462.35,60161495.22,29364610.05,30796885.17
20250201,2025-02,PRD-35,CC-203,562,327733.13,158906.59,184186019.06,89305503.58,94880515.48
20250201,2025-02,PRD-36,CC-203,232,296132.98,140881.53,68702851.36,32684514.96,36018336.4
20250301,2025-03,PRD-01,CC-202,6179,118894.59,61398.45,734649671.61,379381022.55,355268649.06
20250301,2025-03,PRD-02,CC-202,2642,168998.49,100075.57,446494010.58,264399655.94,182094354.64
20250301,2025-03,PRD-03,CC-202,532,278619.27,159869.67,148225451.64,85050664.44,63174787.2
20250301,2025-03,PRD-04,CC-202,4844,234126.53,121594.65,1134108911.32,589004484.6,545104426.72
20250301,2025-03,PRD-05,CC-202,1202,346000.16,197719.09,415892192.32,237658346.18,178233846.14
20250301,2025-03,PRD-06,CC-202,6856,122839.12,66708.58,842185006.72,457354024.48,384830982.24
20250301,2025-03,PRD-07,CC-202,1179,205792.37,106364.01,242629204.23,125403167.79,117226036.44
20250301,2025-03,PRD-08,CC-202,75,309880.4,173800.82,23241030.0,13035061.5,10205968.5
20250301,2025-03,PRD-09,CC-202,7000,117628.59,62777.97,823400130.0,439445790.0,383954340.0
20250301,2025-03,PRD-10,CC-202,790,178475.91,99406.1,140995968.9,78530819.0,62465149.9
20250301,2025-03,PRD-11,CC-202,331,266809.43,161808.12,88313921.33,53558487.72,34755433.61
20250301,2025-03,PRD-12,CC-202,5377,98714.63,50259.68,530788565.51,270246299.36,260542266.15
20250301,2025-03,PRD-13,CC-202,951,154054.57,81723.78,146505896.07,77719314.78,68786581.29
20250301,2025-03,PRD-14,CC-202,5599,114348.92,60637.12,640239603.08,339507234.88,300732368.2
20250301,2025-03,PRD-15,CC-202,1912,181243.28,98494.2,346537151.36,188320910.4,158216240.96
20250301,2025-03,PRD-16,CC-202,7916,110282.94,59999.24,872999753.04,474953983.84,398045769.2
20250301,2025-03,PRD-17,CC-202,491,163864.44,95742.22,80457440.04,47009430.02,33448010.02
20250301,2025-03,PRD-18,CC-202,3398,148819.12,77965.29,505687369.76,264926055.42,240761314.34
20250301,2025-03,PRD-19,CC-202,1856,227274.58,123043.85,421821620.48,228369385.6,193452234.88
20250301,2025-03,PRD-20,CC-202,173,329857.75,203156.75,57065390.75,35146117.75,21919273.0
20250301,2025-03,PRD-21,CC-202,6409,103759.49,56406.18,664994571.41,361507207.62,303487363.79
20250301,2025-03,PRD-22,CC-202,1346,165610.51,90176.24,222911746.46,121377219.04,101534527.42
20250301,2025-03,PRD-23,CC-202,7631,100270.21,52889.52,765161972.51,403599927.12,361562045.39
20250301,2025-03,PRD-24,CC-202,1961,152086.73,85709.35,298242077.53,168076035.35,130166042.18
20250301,2025-03,PRD-25,CC-202,12342,89771.48,48399.02,1107959606.16,597340704.84,510618901.32
20250301,2025-03,PRD-26,CC-202,893,127693.27,76492.54,114030090.11,68307838.22,45722251.89
20250301,2025-03,PRD-27,CC-202,1999,141937.01,76294.51,283732082.99,152512725.49,131219357.5
20250301,2025-03,PRD-28,CC-202,1970,215358.39,119469.59,424256028.3,235355092.3,188900936.0
20250301,2025-03,PRD-29,CC-202,6471,101107.37,55065.57,654265791.27,356329303.47,297936487.8
20250301,2025-03,PRD-30,CC-202,505,174630.42,87563.82,88188362.1,44219729.1,43968633.0
20250301,2025-03,PRD-31,CC-202,1641,208209.43,101268.56,341671674.63,166181706.96,175489967.67
20250301,2025-03,PRD-32,CC-202,684,238292.63,103470.88,162992158.92,70774081.92,92218077.0
20250301,2025-03,PRD-33,CC-202,1280,216627.2,100255.39,277282816.0,128326899.2,148955916.8
20250301,2025-03,PRD-34,CC-202,4654,326658.95,160462.35,1520270753.3,746791776.9,773478976.4
20250301,2025-03,PRD-35,CC-202,7077,324277.08,158906.59,2294908895.16,1124581937.43,1170326957.73
20250301,2025-03,PRD-36,CC-202,11165,300375.21,140881.53,3353689219.65,1572942282.45,1780746937.2
20250301,2025-03,PRD-01,CC-203,951,118971.86,61398.45,113142238.86,58389925.95,54752312.91
20250301,2025-03,PRD-02,CC-203,1220,170543.57,100075.57,208063155.4,122092195.4,85970960.0
20250301,2025-03,PRD-03,CC-203,407,277521.21,159869.67,112951132.47,65066955.69,47884176.78
20250301,2025-03,PRD-04,CC-203,508,234123.17,121594.65,118934570.36,61770082.2,57164488.16
20250301,2025-03,PRD-05,CC-203,413,344948.22,197719.09,142463614.86,81657984.17,60805630.69
20250301,2025-03,PRD-06,CC-203,628,122492.73,66708.58,76925434.44,41892988.24,35032446.2
20250301,2025-03,PRD-07,CC-203,929,206008.94,106364.01,191382305.26,98812165.29,92570139.97
20250301,2025-03,PRD-08,CC-203,539,309218.63,173800.82,166668841.57,93678641.98,72990199.59
20250301,2025-03,PRD-09,CC-203,1094,117047.6,62777.97,128050074.4,68679099.18,59370975.22
20250301,2025-03,PRD-10,CC-203,525,177598.45,99406.1,93239186.25,52188202.5,41050983.75
20250301,2025-03,PRD-11,CC-203,727,261622.55,161808.12,190199593.85,117634503.24,72565090.61
20250301,2025-03,PRD-12,CC-203,470,98751.21,50259.68,46413068.7,23622049.6,22791019.1
20250301,2025-03,PRD-13,CC-203,367,154337.84,81723.78,56641987.28,29992627.26,26649360.02
20250301,2025-03,PRD-14,CC-203,947,112653.05,60637.12,106682438.35,57423352.64,49259085.71
20250301,2025-03,PRD-15,CC-203,1912,182075.51,98494.2,348128375.12,188320910.4,159807464.72
20250301,2025-03,PRD-16,CC-203,1077,110650.74,59999.24,119170846.98,64619181.48,54551665.5
20250301,2025-03,PRD-17,CC-203,489,163808.48,95742.22,80102346.72,46817945.58,33284401.14
20250301,2025-03,PRD-18,CC-203,186,149461.53,77965.29,27799844.58,14501543.94,13298300.64
20250301,2025-03,PRD-19,CC-203,871,228899.95,123043.85,199371856.45,107171193.35,92200663.1
20250301,2025-03,PRD-20,CC-203,164,330425.13,203156.75,54189721.32,33317707.0,20872014.32
20250301,2025-03,PRD-21,CC-203,499,103492.05,56406.18,51642532.95,28146683.82,23495849.13
20250301,2025-03,PRD-22,CC-203,607,166992.78,90176.24,101364617.46,54736977.68,46627639.78
20250301,2025-03,PRD-23,CC-203,701,100736.39,52889.52,70616209.39,37075553.52,33540655.87
20250301,2025-03,PRD-24,CC-203,486,152641.78,85709.35,74183905.08,41654744.1,32529160.98
20250301,2025-03,PRD-25,CC-203,1713,90455.03,48399.02,154949466.39,82907521.26,72041945.13
20250301,2025-03,PRD-26,CC-203,629,127918.75,76492.54,80460893.75,48113807.66,32347086.09
20250301,2025-03,PRD-27,CC-203,0,141371.04,76294.51,0.0,0.0,0.0
20250301,2025-03,PRD-28,CC-203,1166,212863.69,119469.59,248199062.54,139301541.94,108897520.6
20250301,2025-03,PRD-29,CC-203,125,102163.06,55065.57,12770382.5,6883196.25,5887186.25
20250301,2025-03,PRD-30,CC-203,215,177216.53,87563.82,38101553.95,18826221.3,19275332.65
20250301,2025-03,PRD-31,CC-203,603,209194.28,101268.56,126144150.84,61064941.68,65079209.16
20250301,2025-03,PRD-32,CC-203,380,238159.8,103470.88,90500724.0,39318934.4,51181789.6
20250301,2025-03,PRD-33,CC-203,402,216709.37,100255.39,87117166.74,40302666.78,46814499.96
20250301,2025-03,PRD-34,CC-203,0,325330.11,160462.35,0.0,0.0,0.0
20250301,2025-03,PRD-35,CC-203,204,327238.52,158906.59,66756658.08,32416944.36,34339713.72
20250301,2025-03,PRD-36,CC-203,843,298345.54,140881.53,251505290.22,118763129.79,132742160.43
20250401,2025-04,PRD-01,CC-202,6148,119042.5,61398.45,731873290.0,377477670.6,354395619.4
20250401,2025-04,PRD-02,CC-202,715,170895.41,100075.57,122190218.15,71554032.55,50636185.6
20250401,2025-04,PRD-03,CC-202,282,279220.2,159869.67,78740096.4,45083246.94,33656849.46
20250401,2025-04,PRD-04,CC-202,5441,234364.89,121594.65,1275179366.49,661596490.65,613582875.84
20250401,2025-04,PRD-05,CC-202,1025,347476.55,197719.09,356163463.75,202662067.25,153501396.5
20250401,2025-04,PRD-06,CC-202,7386,122568.86,66708.58,905293599.96,492709571.88,412584028.08
20250401,2025-04,PRD-07,CC-202,983,207740.08,106364.01,204208498.64,104555821.83,99652676.81
20250401,2025-04,PRD-08,CC-202,0,306283.75,173800.82,0.0,0.0,0.0
20250401,2025-04,PRD-09,CC-202,5898,117293.33,62777.97,691796060.34,370264467.06,321531593.28
20250401,2025-04,PRD-10,CC-202,934,179496.0,99406.1,167649264.0,92845297.4,74803966.6
20250401,2025-04,PRD-11,CC-202,99,263933.02,161808.12,26129368.98,16019003.88,10110365.1
20250401,2025-04,PRD-12,CC-202,6200,98101.11,50259.68,608226882.0,311610016.0,296616866.0
20250401,2025-04,PRD-13,CC-202,981,154927.43,81723.78,151983808.83,80171028.18,71812780.65
20250401,2025-04,PRD-14,CC-202,5154,112768.83,60637.12,581210549.82,312523716.48,268686833.34
20250401,2025-04,PRD-15,CC-202,1998,181844.29,98494.2,363324891.42,196791411.6,166533479.82
20250401,2025-04,PRD-16,CC-202,7532,109675.61,59999.24,826076694.52,451914275.68,374162418.84
20250401,2025-04,PRD-17,CC-202,1314,166098.44,95742.22,218253350.16,125805277.08,92448073.08
20250401,2025-04,PRD-18,CC-202,2430,148582.0,77965.29,361054260.0,189455654.7,171598605.3
20250401,2025-04,PRD-19,CC-202,1645,228621.87,123043.85,376082976.15,202407133.25,173675842.9
20250401,2025-04,PRD-20,CC-202,181,331717.16,203156.75,60040805.96,36771371.75,23269434.21
20250401,2025-04,PRD-21,CC-202,6623,103471.48,56406.18,685291612.04,373578130.14,311713481.9
20250401,2025-04,PRD-22,CC-202,1312,165564.34,90176.24,217220414.08,118311226.88,98909187.2
20250401,2025-04,PRD-23,CC-202,8415,100170.73,52889.52,842936692.95,445065310.8,397871382.15
20250401,2025-04,PRD-24,CC-202,1620,152338.43,85709.35,246788256.6,138849147.0,107939109.6
20250401,2025-04,PRD-25,CC-202,13843,90298.55,48399.02,1250002827.65,669987633.86,580015193.79
20250401,2025-04,PRD-26,CC-202,1038,128305.89,76492.54,133181513.82,79399256.52,53782257.3
20250401,2025-04,PRD-27,CC-202,995,139854.07,76294.51,139154799.65,75913037.45,63241762.2
20250401,2025-04,PRD-28,CC-202,2296,212254.91,119469.59,487337273.36,274302178.64,213035094.72
20250401,2025-04,PRD-29,CC-202,6585,102215.56,55065.57,673089462.6,362606778.45,310482684.15
20250401,2025-04,PRD-30,CC-202,1054,174702.6,87563.82,184136540.4,92292266.28,91844274.12
20250401,2025-04,PRD-31,CC-202,1470,207272.1,101268.56,304689987.0,148864783.2,155825203.8
20250401,2025-04,PRD-32,CC-202,877,236279.6,103470.88,207217209.2,90743961.76,116473247.44
20250401,2025-04,PRD-33,CC-202,576,217491.61,100255.39,125275167.36,57747104.64,67528062.72
20250401,2025-04,PRD-34,CC-202,5160,328578.48,160462.35,1695464956.8,827985726.0,867479230.8
20250401,2025-04,PRD-35,CC-202,5009,327047.21,158906.59,1638179474.89,795963109.31,842216365.58
20250401,2025-04,PRD-36,CC-202,10604,301426.87,140881.53,3196330529.48,1493907744.12,1702422785.36
20250401,2025-04,PRD-01,CC-203,950,118951.18,61398.45,113003621.0,58328527.5,54675093.5
20250401,2025-04,PRD-02,CC-203,919,170640.24,100075.57,156818380.56,91969448.83,64848931.73
20250401,2025-04,PRD-03,CC-203,358,277544.46,159869.67,99360916.68,57233341.86,42127574.82
20250401,2025-04,PRD-04,CC-203,605,234974.91,121594.65,142159820.55,73564763.25,68595057.3
20250401,2025-04,PRD-05,CC-203,88,345052.84,197719.09,30364649.92,17399279.92,12965370.0
20250401,2025-04,PRD-06,CC-203,253,123791.72,66708.58,31319305.16,16877270.74,14442034.42
20250401,2025-04,PRD-07,CC-203,614,206985.26,106364.01,127088949.64,65307502.14,61781447.5
20250401,2025-04,PRD-08,CC-203,965,304730.21,173800.82,294064652.65,167717791.3,126346861.35
20250401,2025-04,PRD-09,CC-203,91,117683.17,62777.97,10709168.47,5712795.27,4996373.2
20250401,2025-04,PRD-10,CC-203,1158,180921.93,99406.1,209507594.94,115112263.8,94395331.14
20250401,2025-04,PRD-11,CC-203,291,260516.61,161808.12,75810333.51,47086162.92,28724170.59
20250401,2025-04,PRD-12,CC-203,110,98287.97,50259.68,10811676.7,5528564.8,5283111.9
20250401,2025-04,PRD-13,CC-203,182,155748.11,81723.78,28346156.02,14873727.96,13472428.06
20250401,2025-04,PRD-14,CC-203,390,113073.68,60637.12,44098735.2,23648476.8,20450258.4
20250401,2025-04,PRD-15,CC-203,1597,180397.69,98494.2,288095110.93,157295237.4,130799873.53
20250401,2025-04,PRD-16,CC-203,1752,110161.95,59999.24,193003736.4,105118668.48,87885067.92
20250401,2025-04,PRD-17,CC-203,0,166233.29,95742.22,0.0,0.0,0.0
20250401,2025-04,PRD-18,CC-203,408,150878.35,77965.29,61558366.8,31809838.32,29748528.48
20250401,2025-04,PRD-19,CC-203,1399,230721.23,123043.85,322779000.77,172138346.15,150640654.62
20250401,2025-04,PRD-20,CC-203,0,331695.56,203156.75,0.0,0.0,0.0
20250401,2025-04,PRD-21,CC-203,87,103346.8,56406.18,8991171.6,4907337.66,4083833.94
20250401,2025-04,PRD-22,CC-203,282,167214.23,90176.24,47154412.86,25429699.68,21724713.18
20250401,2025-04,PRD-23,CC-203,677,100802.29,52889.52,68243150.33,35806205.04,32436945.29
20250401,2025-04,PRD-24,CC-203,1642,154983.39,85709.35,254482726.38,140734752.7,113747973.68
20250401,2025-04,PRD-25,CC-203,1782,90333.01,48399.02,160973423.82,86247053.64,74726370.18
20250401,2025-04,PRD-26,CC-203,251,126929.73,76492.54,31859362.23,19199627.54,12659734.69
20250401,2025-04,PRD-27,CC-203,320,141806.93,76294.51,45378217.6,24414243.2,20963974.4
20250401,2025-04,PRD-28,CC-203,1345,213872.18,119469.59,287658082.1,160686598.55,126971483.55
20250401,2025-04,PRD-29,CC-203,552,102253.8,55065.57,56444097.6,30396194.64,26047902.96
20250401,2025-04,PRD-30,CC-203,454,174478.9,87563.82,79213420.6,39753974.28,39459446.32
20250401,2025-04,PRD-31,CC-203,530,208774.87,101268.56,110650681.1,53672336.8,56978344.3
20250401,2025-04,PRD-32,CC-203,121,235395.25,103470.88,28482825.25,12519976.48,15962848.77
20250401,2025-04,PRD-33,CC-203,394,216545.36,100255.39,85318871.84,39500623.66,45818248.18
20250401,2025-04,PRD-34,CC-203,296,327943.04,160462.35,97071139.84,47496855.6,49574284.24
20250401,2025-04,PRD-35,CC-203,350,327758.43,158906.59,114715450.5,55617306.5,59098144.0
20250401,2025-04,PRD-36,CC-203,322,301710.97,140881.53,97150932.34,45363852.66,51787079.68
20250501,2025-05,PRD-01,CC-202,7225,118530.44,61398.45,856382429.0,443603801.25,412778627.75
20250501,2025-05,PRD-02,CC-202,3409,172062.34,100075.57,586560517.06,341157618.13,245402898.93
20250501,2025-05,PRD-03,CC-202,323,276706.38,159869.67,89376160.74,51637903.41,37738257.33
20250501,2025-05,PRD-04,CC-202,6702,233623.52,121594.65,1565744831.04,814927344.3,750817486.74
20250501,2025-05,PRD-05,CC-202,689,350064.73,197719.09,241194598.97,136228453.01,104966145.96
20250501,2025-05,PRD-06,CC-202,10875,123061.51,66708.58,1338293921.25,725455807.5,612838113.75
20250501,2025-05,PRD-07,CC-202,1407,207368.44,106364.01,291767395.08,149654162.07,142113233.01
20250501,2025-05,PRD-08,CC-202,0,305545.26,173800.82,0.0,0.0,0.0
20250501,2025-05,PRD-09,CC-202,6092,116415.45,62777.97,709202921.4,382443393.24,326759528.16
20250501,2025-05,PRD-10,CC-202,3594,178968.3,99406.1,643212070.2,357265523.4,285946546.8
20250501,2025-05,PRD-11,CC-202,326,266082.61,161808.12,86742930.86,52749447.12,33993483.74
20250501,2025-05,PRD-12,CC-202,7733,98866.15,50259.68,764531937.95,388658105.44,375873832.51
20250501,2025-05,PRD-13,CC-202,820,155518.79,81723.78,127525407.8,67013499.6,60511908.2
20250501,2025-05,PRD-14,CC-202,6445,113400.97,60637.12,730869251.65,390806238.4,340063013.25
20250501,2025-05,PRD-15,CC-202,1456,181117.17,98494.2,263706599.52,143407555.2,120299044.32
20250501,2025-05,PRD-16,CC-202,9421,110687.42,59999.24,1042786183.82,565252840.04,477533343.78
20250501,2025-05,PRD-17,CC-202,1122,165738.8,95742.22,185958933.6,107422770.84,78536162.76
20250501,2025-05,PRD-18,CC-202,5131,149504.85,77965.29,767109385.35,400039902.99,367069482.36
20250501,2025-05,PRD-19,CC-202,2139,229283.38,123043.85,490437149.82,263190795.15,227246354.67
20250501,2025-05,PRD-20,CC-202,383,328546.5,203156.75,125833309.5,77809035.25,48024274.25
20250501,2025-05,PRD-21,CC-202,7844,103659.5,56406.18,813105118.0,442450075.92,370655042.08
20250501,2025-05,PRD-22,CC-202,1409,166870.32,90176.24,235120280.88,127058322.16,108061958.72
20250501,2025-05,PRD-23,CC-202,11843,100848.78,52889.52,1194352101.54,626370585.36,567981516.18
20250501,2025-05,PRD-24,CC-202,2404,152226.65,85709.35,365952866.6,206045277.4,159907589.2
20250501,2025-05,PRD-25,CC-202,16963,90063.63,48399.02,1527749355.69,820992576.26,706756779.43
20250501,2025-05,PRD-26,CC-202,2243,128698.14,76492.54,288669928.02,171572767.22,117097160.8
20250501,2025-05,PRD-27,CC-202,2689,141245.34,76294.51,379808719.26,205155937.39,174652781.87
20250501,2025-05,PRD-28,CC-202,2318,214758.56,119469.59,497810342.08,276930509.62,220879832.46
20250501,2025-05,PRD-29,CC-202,11103,101146.47,55065.57,1123029256.41,611393023.71,511636232.7
20250501,2025-05,PRD-30,CC-202,989,173032.54,87563.82,171129182.06,86600617.98,84528564.08
20250501,2025-05,PRD-31,CC-202,2345,208448.95,101268.56,488812787.75,237474773.2,251338014.55
20250501,2025-05,PRD-32,CC-202,1434,234924.65,103470.88,336881948.1,148377241.92,188504706.18
20250501,2025-05,PRD-33,CC-202,733,215331.03,100255.39,157837644.99,73487200.87,84350444.12
20250501,2025-05,PRD-34,CC-202,8059,327170.23,160462.35,2636664883.57,1293166078.65,1343498804.92
20250501,2025-05,PRD-35,CC-202,8478,323442.22,158906.59,2742143141.16,1347210070.02,1394933071.14
20250501,2025-05,PRD-36,CC-202,14443,301081.79,140881.53,4348524292.97,2034751937.79,2313772355.18
20250501,2025-05,PRD-01,CC-203,651,118122.39,61398.45,76897675.89,39970390.95,36927284.94
20250501,2025-05,PRD-02,CC-203,947,169890.88,100075.57,160886663.36,94771564.79,66115098.57
20250501,2025-05,PRD-03,CC-203,124,277953.01,159869.67,34466173.24,19823839.08,14642334.16
20250501,2025-05,PRD-04,CC-203,965,233535.76,121594.65,225362008.4,117338837.25,108023171.15
20250501,2025-05,PRD-05,CC-203,1041,347218.11,197719.09,361454052.51,205825572.69,155628479.82
20250501,2025-05,PRD-06,CC-203,719,123600.23,66708.58,88868565.37,47963469.02,40905096.35
20250501,2025-05,PRD-07,CC-203,291,208556.78,106364.01,60690022.98,30951926.91,29738096.07
20250501,2025-05,PRD-08,CC-203,279,309636.15,173800.82,86388485.85,48490428.78,37898057.07
20250501,2025-05,PRD-09,CC-203,653,117131.05,62777.97,76486575.65,40994014.41,35492561.24
20250501,2025-05,PRD-10,CC-203,843,180881.22,99406.1,152482868.46,83799342.3,68683526.16
20250501,2025-05,PRD-11,CC-203,1015,266057.32,161808.12,270048179.8,164235241.8,105812938.0
20250501,2025-05,PRD-12,CC-203,810,98938.4,50259.68,80140104.0,40710340.8,39429763.2
20250501,2025-05,PRD-13,CC-203,509,155154.33,81723.78,78973553.97,41597404.02,37376149.95
20250501,2025-05,PRD-14,CC-203,323,113077.19,60637.12,36523932.37,19585789.76,16938142.61
20250501,2025-05,PRD-15,CC-203,1478,180903.09,98494.2,267374767.02,145574427.6,121800339.42
20250501,2025-05,PRD-16,CC-203,799,110096.06,59999.24,87966751.94,47939392.76,40027359.18
20250501,2025-05,PRD-17,CC-203,418,167282.75,95742.22,69924189.5,40020247.96,29903941.54
20250501,2025-05,PRD-18,CC-203,581,150360.81,77965.29,87359630.61,45297833.49,42061797.12
20250501,2025-05,PRD-19,CC-203,336,227413.36,123043.85,76410888.96,41342733.6,35068155.36
20250501,2025-05,PRD-20,CC-203,257,333898.69,203156.75,85811963.33,52211284.75,33600678.58
20250501,2025-05,PRD-21,CC-203,520,104633.68,56406.18,54409513.6,29331213.6,25078300.0
20250501,2025-05,PRD-22,CC-203,779,167666.06,90176.24,130611860.74,70247290.96,60364569.78
20250501,2025-05,PRD-23,CC-203,932,100084.55,52889.52,93278800.6,49293032.64,43985767.96
20250501,2025-05,PRD-24,CC-203,2137,153276.66,85709.35,327552222.42,183160880.95,144391341.47
20250501,2025-05,PRD-25,CC-203,660,90341.44,48399.02,59625350.4,31943353.2,27681997.2
20250501,2025-05,PRD-26,CC-203,892,128392.47,76492.54,114526083.24,68231345.68,46294737.56
20250501,2025-05,PRD-27,CC-203,191,141526.39,76294.51,27031540.49,14572251.41,12459289.08
20250501,2025-05,PRD-28,CC-203,1503,213407.28,119469.59,320751141.84,179562793.77,141188348.07
20250501,2025-05,PRD-29,CC-203,1542,102319.37,55065.57,157776468.54,84911108.94,72865359.6
20250501,2025-05,PRD-30,CC-203,505,174264.64,87563.82,88003643.2,44219729.1,43783914.1
20250501,2025-05,PRD-31,CC-203,845,208147.28,101268.56,175884451.6,85571933.2,90312518.4
20250501,2025-05,PRD-32,CC-203,835,238200.41,103470.88,198897342.35,86398184.8,112499157.55
20250501,2025-05,PRD-33,CC-203,284,215224.57,100255.39,61123777.88,28472530.76,32651247.12
20250501,2025-05,PRD-34,CC-203,22,326262.32,160462.35,7177771.04,3530171.7,3647599.34
20250501,2025-05,PRD-35,CC-203,258,327097.01,158906.59,84391028.58,40997900.22,43393128.36
20250501,2025-05,PRD-36,CC-203,818,300670.2,140881.53,245948223.6,115241091.54,130707132.06
20250601,2025-06,PRD-01,CC-202,6702,118183.78,61398.45,792067693.56,411492411.9,380575281.66
20250601,2025-06,PRD-02,CC-202,1186,170595.92,100075.57,202326761.12,118689626.02,83637135.1
20250601,2025-06,PRD-03,CC-202,0,278953.24,159869.67,0.0,0.0,0.0
20250601,2025-06,PRD-04,CC-202,6722,232890.6,121594.65,1565490613.2,817359237.3,748131375.9
20250601,2025-06,PRD-05,CC-202,588,344844.87,197719.09,202768783.56,116258824.92,86509958.64
20250601,2025-06,PRD-06,CC-202,7046,122427.33,66708.58,862622967.18,470028654.68,392594312.5
20250601,2025-06,PRD-07,CC-202,1091,206974.19,106364.01,225808841.29,116043134.91,109765706.38
20250601,2025-06,PRD-08,CC-202,213,307085.21,173800.82,65409149.73,37019574.66,28389575.07
20250601,2025-06,PRD-09,CC-202,6534,117319.8,62777.97,766567573.2,410191255.98,356376317.22
20250601,2025-06,PRD-10,CC-202,1416,180026.14,99406.1,254917014.24,140759037.6,114157976.64
20250601,2025-06,PRD-11,CC-202,451,265306.11,161808.12,119653055.61,72975462.12,46677593.49
20250601,2025-06,PRD-12,CC-202,6250,99558.58,50259.68,622241125.0,314123000.0,308118125.0
20250601,2025-06,PRD-13,CC-202,1995,154962.66,81723.78,309150506.7,163038941.1,146111565.6
20250601,2025-06,PRD-14,CC-202,5874,113748.33,60637.12,668157690.42,356182442.88,311975247.54
20250601,2025-06,PRD-15,CC-202,1344,181675.61,98494.2,244172019.84,132376204.8,111795815.04
20250601,2025-06,PRD-16,CC-202,9506,110361.63,59999.24,1049097654.78,570352775.44,478744879.34
20250601,2025-06,PRD-17,CC-202,1390,166951.8,95742.22,232063002.0,133081685.8,98981316.2
20250601,2025-06,PRD-18,CC-202,3558,150215.48,77965.29,534466677.84,277400501.82,257066176.02
20250601,2025-06,PRD-19,CC-202,1368,226968.49,123043.85,310492894.32,168323986.8,142168907.52
20250601,2025-06,PRD-20,CC-202,262,330204.53,203156.75,86513586.86,53227068.5,33286518.36
20250601,2025-06,PRD-21,CC-202,7800,103347.33,56406.18,806109174.0,439968204.0,366140970.0
20250601,2025-06,PRD-22,CC-202,743,165997.5,90176.24,123336142.5,67000946.32,56335196.18
20250601,2025-06,PRD-23,CC-202,10218,101369.79,52889.52,1035796514.22,540425115.36,495371398.86
20250601,2025-06,PRD-24,CC-202,3126,153897.25,85709.35,481082803.5,267927428.1,213155375.4
20250601,2025-06,PRD-25,CC-202,11580,91509.96,48399.02,1059685336.8,560460651.6,499224685.2
20250601,2025-06,PRD-26,CC-202,1157,128077.8,76492.54,148186014.6,88501868.78,59684145.82
20250601,2025-06,PRD-27,CC-202,2528,142800.51,76294.51,360999689.28,192872521.28,168127168.0
20250601,2025-06,PRD-28,CC-202,2052,215174.68,119469.59,441538443.36,245151598.68,196386844.68
20250601,2025-06,PRD-29,CC-202,8570,103452.16,55065.57,886585011.2,471911934.9,414673076.3
20250601,2025-06,PRD-30,CC-202,1190,175185.04,87563.82,208470197.6,104200945.8,104269251.8
20250601,2025-06,PRD-31,CC-202,1923,207881.58,101268.56,399756278.34,194739440.88,205016837.46
20250601,2025-06,PRD-32,CC-202,1231,240072.46,103470.88,295529198.26,127372653.28,168156544.98
20250601,2025-06,PRD-33,CC-202,506,214688.47,100255.39,108632365.82,50729227.34,57903138.48
20250601,2025-06,PRD-34,CC-202,5663,322210.43,160462.35,1824677665.09,908698288.05,915979377.04
20250601,2025-06,PRD-35,CC-202,4940,325302.43,158906.59,1606994004.2,784998554.6,821995449.6
20250601,2025-06,PRD-36,CC-202,10013,298708.85,140881.53,2990971715.05,1410646759.89,1580324955.16
20250601,2025-06,PRD-01,CC-203,91,118668.42,61398.45,10798826.22,5587258.95,5211567.27
20250601,2025-06,PRD-02,CC-203,1853,170638.51,100075.57,316193159.03,185440031.21,130753127.82
20250601,2025-06,PRD-03,CC-203,366,277130.81,159869.67,101429876.46,58512299.22,42917577.24
20250601,2025-06,PRD-04,CC-203,733,230930.77,121594.65,169272254.41,89128878.45,80143375.96
20250601,2025-06,PRD-05,CC-203,449,344498.74,197719.09,154679934.26,88775871.41,65904062.85
20250601,2025-06,PRD-06,CC-203,509,121361.78,66708.58,61773146.02,33954667.22,27818478.8
20250601,2025-06,PRD-07,CC-203,472,209263.21,106364.01,98772235.12,50203812.72,48568422.4
20250601,2025-06,PRD-08,CC-203,668,308218.64,173800.82,205890051.52,116098947.76,89791103.76
20250601,2025-06,PRD-09,CC-203,108,116431.23,62777.97,12574572.84,6780020.76,5794552.08
20250601,2025-06,PRD-10,CC-203,636,178876.51,99406.1,113765460.36,63222279.6,50543180.76
20250601,2025-06,PRD-11,CC-203,203,261468.64,161808.12,53078133.92,32847048.36,20231085.56
20250601,2025-06,PRD-12,CC-203,1048,98872.86,50259.68,103618757.28,52672144.64,50946612.64
20250601,2025-06,PRD-13,CC-203,250,155604.57,81723.78,38901142.5,20430945.0,18470197.5
20250601,2025-06,PRD-14,CC-203,363,114434.06,60637.12,41539563.78,22011274.56,19528289.22
20250601,2025-06,PRD-15,CC-203,535,179801.88,98494.2,96194005.8,52694397.0,43499608.8
20250601,2025-06,PRD-16,CC-203,733,109180.74,59999.24,80029482.42,43979442.92,36050039.5
20250601,2025-06,PRD-17,CC-203,410,166118.95,95742.22,68108769.5,39254310.2,28854459.3
20250601,2025-06,PRD-18,CC-203,477,149186.58,77965.29,71161998.66,37189443.33,33972555.33
20250601,2025-06,PRD-19,CC-203,1222,227610.1,123043.85,278139542.2,150359584.7,127779957.5
20250601,2025-06,PRD-20,CC-203,0,332299.98,203156.75,0.0,0.0,0.0
20250601,2025-06,PRD-21,CC-203,686,103410.42,56406.18,70939548.12,38694639.48,32244908.64
20250601,2025-06,PRD-22,CC-203,706,166876.49,90176.24,117814801.94,63664425.44,54150376.5
20250601,2025-06,PRD-23,CC-203,435,101290.61,52889.52,44061415.35,23006941.2,21054474.15
20250601,2025-06,PRD-24,CC-203,1408,152352.03,85709.35,214511658.24,120678764.8,93832893.44
20250601,2025-06,PRD-25,CC-203,502,89365.71,48399.02,44861586.42,24296308.04,20565278.38
20250601,2025-06,PRD-26,CC-203,676,126966.42,76492.54,85829299.92,51708957.04,34120342.88
20250601,2025-06,PRD-27,CC-203,240,141481.14,76294.51,33955473.6,18310682.4,15644791.2
20250601,2025-06,PRD-28,CC-203,1166,215172.77,119469.59,250891449.82,139301541.94,111589907.88
20250601,2025-06,PRD-29,CC-203,793,102782.26,55065.57,81506332.18,43666997.01,37839335.17
20250601,2025-06,PRD-30,CC-203,903,176169.83,87563.82,159081356.49,79070129.46,80011227.03
20250601,2025-06,PRD-31,CC-203,1239,208563.58,101268.56,258410275.62,125471745.84,132938529.78
20250601,2025-06,PRD-32,CC-203,73,237463.24,103470.88,17334816.52,7553374.24,9781442.28
20250601,2025-06,PRD-33,CC-203,0,215642.44,100255.39,0.0,0.0,0.0
20250601,2025-06,PRD-34,CC-203,201,324648.26,160462.35,65254300.26,32252932.35,33001367.91
20250601,2025-06,PRD-35,CC-203,454,326020.35,158906.59,148013238.9,72143591.86,75869647.04
20250601,2025-06,PRD-36,CC-203,460,299677.08,140881.53,137851456.8,64805503.8,73045953.0
20250701,2025-07,PRD-01,CC-202,11849,118476.23,61398.45,1403824849.27,727510234.05,676314615.22
20250701,2025-07,PRD-02,CC-202,4070,170133.33,100075.57,692442653.1,407307569.9,285135083.2
20250701,2025-07,PRD-03,CC-202,264,281080.61,159869.67,74205281.04,42205592.88,31999688.16
20250701,2025-07,PRD-04,CC-202,9123,233035.84,121594.65,2125985968.32,1109307991.95,1016677976.37
20250701,2025-07,PRD-05,CC-202,1521,345819.98,197719.09,525992189.58,300730735.89,225261453.69
20250701,2025-07,PRD-06,CC-202,9672,123217.47,66708.58,1191759369.84,645205385.76,546553984.08
20250701,2025-07,PRD-07,CC-202,1491,205268.82,106364.01,306055810.62,158588738.91,147467071.71
20250701,2025-07,PRD-08,CC-202,380,307600.74,173800.82,116888281.2,66044311.6,50843969.6
20250701,2025-07,PRD-09,CC-202,7851,118218.13,62777.97,928130538.63,492869842.47,435260696.16
20250701,2025-07,PRD-10,CC-202,1483,177830.74,99406.1,263722987.42,147419246.3,116303741.12
20250701,2025-07,PRD-11,CC-202,21,263783.97,161808.12,5539463.37,3397970.52,2141492.85
20250701,2025-07,PRD-12,CC-202,9282,98964.88,50259.68,918592016.16,466510349.76,452081666.4
20250701,2025-07,PRD-13,CC-202,1622,153936.39,81723.78,249684824.58,132555971.16,117128853.42
20250701,2025-07,PRD-14,CC-202,9820,113413.77,60637.12,1113723221.4,595456518.4,518266703.0
20250701,2025-07,PRD-15,CC-202,2931,182247.73,98494.2,534168096.63,288686500.2,245481596.43
20250701,2025-07,PRD-16,CC-202,9573,111011.85,59999.24,1062716440.05,574372724.52,488343715.53
20250701,2025-07,PRD-17,CC-202,983,167540.85,95742.22,164692655.55,94114602.26,70578053.29
20250701,2025-07,PRD-18,CC-202,3520,148604.59,77965.29,523088156.8,274437820.8,248650336.0
20250701,2025-07,PRD-19,CC-202,2763,228349.76,123043.85,630930386.88,339970157.55,290960229.33
20250701,2025-07,PRD-20,CC-202,76,331758.54,203156.75,25213649.04,15439913.0,9773736.04
20250701,2025-07,PRD-21,CC-202,10233,104061.48,56406.18,1064861124.84,577204439.94,487656684.9
20250701,2025-07,PRD-22,CC-202,1206,167193.52,90176.24,201635385.12,108752545.44,92882839.68
20250701,2025-07,PRD-23,CC-202,11026,101509.87,52889.52,1119247826.62,583159847.52,536087979.1
20250701,2025-07,PRD-24,CC-202,2043,152096.16,85709.35,310732454.88,175104202.05,135628252.83
20250701,2025-07,PRD-25,CC-202,19770,90385.88,48399.02,1786928847.6,956848625.4,830080222.2
20250701,2025-07,PRD-26,CC-202,1825,128159.12,76492.54,233890394.0,139598885.5,94291508.5
20250701,2025-07,PRD-27,CC-202,2612,142909.2,76294.51,373278830.4,199281260.12,173997570.28
20250701,2025-07,PRD-28,CC-202,4508,213797.43,119469.59,963798814.44,538568911.72,425229902.72
20250701,2025-07,PRD-29,CC-202,12562,102148.75,55065.57,1283192597.5,691733690.34,591458907.16
20250701,2025-07,PRD-30,CC-202,2358,175925.29,87563.82,414831833.82,206475487.56,208356346.26
20250701,2025-07,PRD-31,CC-202,3051,207376.84,101268.56,632706738.84,308970376.56,323736362.28
20250701,2025-07,PRD-32,CC-202,316,238200.94,103470.88,75271497.04,32696798.08,42574698.96
20250701,2025-07,PRD-33,CC-202,1046,214921.35,100255.39,224807732.1,104867137.94,119940594.16
20250701,2025-07,PRD-34,CC-202,7335,325256.37,160462.35,2385755473.95,1176991337.25,1208764136.7
20250701,2025-07,PRD-35,CC-202,6815,326552.05,158906.59,2225452220.75,1082948410.85,1142503809.9
20250701,2025-07,PRD-36,CC-202,13617,301870.33,140881.53,4110568283.61,1918383794.01,2192184489.6
20250701,2025-07,PRD-01,CC-203,828,117706.09,61398.45,97460642.52,50837916.6,46622725.92
20250701,2025-07,PRD-02,CC-203,521,170141.38,100075.57,88643658.98,52139371.97,36504287.01
20250701,2025-07,PRD-03,CC-203,393,277854.8,159869.67,109196936.4,62828780.31,46368156.09
20250701,2025-07,PRD-04,CC-203,244,231306.83,121594.65,56438866.52,29669094.6,26769771.92
20250701,2025-07,PRD-05,CC-203,627,341717.48,197719.09,214256859.96,123969869.43,90286990.53
20250701,2025-07,PRD-06,CC-203,1527,122572.95,66708.58,187168894.65,101864001.66,85304892.99
20250701,2025-07,PRD-07,CC-203,1009,207682.68,106364.01,209551824.12,107321286.09,102230538.03
20250701,2025-07,PRD-08,CC-203,150,306923.91,173800.82,46038586.5,26070123.0,19968463.5
20250701,2025-07,PRD-09,CC-203,453,116211.04,62777.97,52643601.12,28438420.41,24205180.71
20250701,2025-07,PRD-10,CC-203,1335,178234.93,99406.1,237943631.55,132707143.5,105236488.05
20250701,2025-07,PRD-11,CC-203,321,263995.67,161808.12,84742610.07,51940406.52,32802203.55
20250701,2025-07,PRD-12,CC-203,679,98236.04,50259.68,66702271.16,34126322.72,32575948.44
20250701,2025-07,PRD-13,CC-203,413,153702.92,81723.78,63479305.96,33751921.14,29727384.82
20250701,2025-07,PRD-14,CC-203,810,114079.36,60637.12,92404281.6,49116067.2,43288214.4
20250701,2025-07,PRD-15,CC-203,1433,180899.7,98494.2,259229270.1,141142188.6,118087081.5
20250701,2025-07,PRD-16,CC-203,944,110857.59,59999.24,104649564.96,56639282.56,48010282.4
20250701,2025-07,PRD-17,CC-203,1019,165275.42,95742.22,168415652.98,97561322.18,70854330.8
20250701,2025-07,PRD-18,CC-203,665,150056.68,77965.29,99787692.2,51846917.85,47940774.35
20250701,2025-07,PRD-19,CC-203,1134,226070.79,123043.85,256364275.86,139531725.9,116832549.96
20250701,2025-07,PRD-20,CC-203,0,329950.29,203156.75,0.0,0.0,0.0
20250701,2025-07,PRD-21,CC-203,1063,103746.21,56406.18,110282221.23,59959769.34,50322451.89
20250701,2025-07,PRD-22,CC-203,541,167561.71,90176.24,90650885.11,48785345.84,41865539.27
20250701,2025-07,PRD-23,CC-203,492,99280.08,52889.52,48845799.36,26021643.84,22824155.52
20250701,2025-07,PRD-24,CC-203,733,151224.25,85709.35,110847375.25,62824953.55,48022421.7
20250701,2025-07,PRD-25,CC-203,2029,90883.23,48399.02,184402073.67,98201611.58,86200462.09
20250701,2025-07,PRD-26,CC-203,284,126482.43,76492.54,35921010.12,21723881.36,14197128.76
20250701,2025-07,PRD-27,CC-203,155,142338.96,76294.51,22062538.8,11825649.05,10236889.75
20250701,2025-07,PRD-28,CC-203,1804,213773.73,119469.59,385647808.92,215523140.36,170124668.56
20250701,2025-07,PRD-29,CC-203,1112,102250.09,55065.57,113702100.08,61232913.84,52469186.24
20250701,2025-07,PRD-30,CC-203,345,174499.12,87563.82,60202196.4,30209517.9,29992678.5
20250701,2025-07,PRD-31,CC-203,1206,207911.37,101268.56,250741112.22,122129883.36,128611228.86
20250701,2025-07,PRD-32,CC-203,243,237056.12,103470.88,57604637.16,25143423.84,32461213.32
20250701,2025-07,PRD-33,CC-203,173,214718.18,100255.39,37146245.14,17344182.47,19802062.67
20250701,2025-07,PRD-34,CC-203,312,327908.11,160462.35,102307330.32,50064253.2,52243077.12
20250701,2025-07,PRD-35,CC-203,272,329500.53,158906.59,89624144.16,43222592.48,46401551.68
20250701,2025-07,PRD-36,CC-203,622,297224.59,140881.53,184873694.98,87628311.66,97245383.32
20250801,2025-08,PRD-01,CC-202,11454,118890.22,61398.45,1361768579.88,703257846.3,658510733.58
20250801,2025-08,PRD-02,CC-202,3301,170021.34,100075.57,561240443.34,330349456.57,230890986.77
20250801,2025-08,PRD-03,CC-202,441,278689.11,159869.67,122901897.51,70502524.47,52399373.04
20250801,2025-08,PRD-04,CC-202,8027,235200.96,121594.65,1887958105.92,976040255.55,911917850.37
20250801,2025-08,PRD-05,CC-202,2413,348481.54,197719.09,840885956.02,477096164.17,363789791.85
20250801,2025-08,PRD-06,CC-202,7982,121071.83,66708.58,966395347.06,532467885.56,433927461.5
20250801,2025-08,PRD-07,CC-202,1445,206342.64,106364.01,298165114.8,153695994.45,144469120.35
20250801,2025-08,PRD-08,CC-202,415,305481.04,173800.82,126774631.6,72127340.3,54647291.3
20250801,2025-08,PRD-09,CC-202,7699,116738.95,62777.97,898773176.05,483327591.03,415445585.02
20250801,2025-08,PRD-10,CC-202,3007,179413.77,99406.1,539497206.39,298914142.7,240583063.69
20250801,2025-08,PRD-11,CC-202,0,261601.02,161808.12,0.0,0.0,0.0
20250801,2025-08,PRD-12,CC-202,9552,98925.96,50259.68,944940769.92,480080463.36,464860306.56
20250801,2025-08,PRD-13,CC-202,1277,154624.64,81723.78,197455665.28,104361267.06,93094398.22
20250801,2025-08,PRD-14,CC-202,7242,112354.32,60637.12,813669985.44,439134023.04,374535962.4
20250801,2025-08,PRD-15,CC-202,4056,181426.44,98494.2,735865640.64,399492475.2,336373165.44
20250801,2025-08,PRD-16,CC-202,9637,110046.67,59999.24,1060519758.79,578212675.88,482307082.91
20250801,2025-08,PRD-17,CC-202,1929,163583.83,95742.22,315553208.07,184686742.38,130866465.69
20250801,2025-08,PRD-18,CC-202,3076,148436.63,77965.29,456591073.88,239821232.04,216769841.84
20250801,2025-08,PRD-19,CC-202,2885,231257.85,123043.85,667178897.25,354981507.25,312197390.0
20250801,2025-08,PRD-20,CC-202,0,330474.44,203156.75,0.0,0.0,0.0
20250801,2025-08,PRD-21,CC-202,10190,104592.81,56406.18,1065800733.9,574778974.2,491021759.7
20250801,2025-08,PRD-22,CC-202,1585,166900.81,90176.24,264537783.85,142929340.4,121608443.45
20250801,2025-08,PRD-23,CC-202,15990,100289.93,52889.52,1603635980.7,845703424.8,757932555.9
20250801,2025-08,PRD-24,CC-202,4231,154118.83,85709.35,652076769.73,362636259.85,289440509.88
20250801,2025-08,PRD-25,CC-202,21231,90446.92,48399.02,1920278558.52,1027559593.62,892718964.9
20250801,2025-08,PRD-26,CC-202,1605,127365.48,76492.54,204421595.4,122770526.7,81651068.7
20250801,2025-08,PRD-27,CC-202,3075,141811.92,76294.51,436071654.0,234605618.25,201466035.75
20250801,2025-08,PRD-28,CC-202,2643,215150.98,119469.59,568644040.14,315758126.37,252885913.77
20250801,2025-08,PRD-29,CC-202,11107,102315.18,55065.57,1136414704.26,611613285.99,524801418.27
20250801,2025-08,PRD-30,CC-202,1572,174443.2,87563.82,274224710.4,137650325.04,136574385.36
20250801,2025-08,PRD-31,CC-202,2497,208636.32,101268.56,520964891.04,252867594.32,268097296.72
20250801,2025-08,PRD-32,CC-202,967,238316.85,103470.88,230452393.95,100056340.96,130396052.99
20250801,2025-08,PRD-33,CC-202,1204,215893.71,100255.39,259936026.84,120707489.56,139228537.28
20250801,2025-08,PRD-34,CC-202,8326,326538.78,160462.35,2718761882.28,1336009526.1,1382752356.18
20250801,2025-08,PRD-35,CC-202,10217,324334.8,158906.59,3313728651.6,1623548630.03,1690180021.57
20250801,2025-08,PRD-36,CC-202,18921,297215.23,140881.53,5623609366.83,2665619429.13,2957989937.7
20250801,2025-08,PRD-01,CC-203,958,118198.49,61398.45,113234153.42,58819715.1,54414438.32
20250801,2025-08,PRD-02,CC-203,1389,171030.54,100075.57,237561420.06,139004966.73,98556453.33
20250801,2025-08,PRD-03,CC-203,800,278083.57,159869.67,222466856.0,127895736.0,94571120.0
20250801,2025-08,PRD-04,CC-203,420,233646.93,121594.65,98131710.6,51069753.0,47061957.6
20250801,2025-08,PRD-05,CC-203,431,347412.62,197719.09,149734839.22,85216927.79,64517911.43
20250801,2025-08,PRD-06,CC-203,984,123126.07,66708.58,121156052.88,65641242.72,55514810.16
20250801,2025-08,PRD-07,CC-203,739,206235.96,106364.01,152408374.44,78603003.39,73805371.05
20250801,2025-08,PRD-08,CC-203,93,302565.42,173800.82,28138584.06,16163476.26,11975107.8
20250801,2025-08,PRD-09,CC-203,507,118584.87,62777.97,60122529.09,31828430.79,28294098.3
20250801,2025-08,PRD-10,CC-203,566,179586.62,99406.1,101646026.92,56263852.6,45382174.32
20250801,2025-08,PRD-11,CC-203,191,266129.39,161808.12,50830713.49,30905350.92,19925362.57
20250801,2025-08,PRD-12,CC-203,533,99147.96,50259.68,52845862.68,26788409.44,26057453.24
20250801,2025-08,PRD-13,CC-203,1798,155864.26,81723.78,280243939.48,146939356.44,133304583.04
20250801,2025-08,PRD-14,CC-203,327,113295.6,60637.12,37047661.2,19828338.24,17219322.96
20250801,2025-08,PRD-15,CC-203,755,181480.67,98494.2,137017905.85,74363121.0,62654784.85
20250801,2025-08,PRD-16,CC-203,1010,110555.17,59999.24,111660721.7,60599232.4,51061489.3
20250801,2025-08,PRD-17,CC-203,1310,165212.78,95742.22,216428741.8,125422308.2,91006433.6
20250801,2025-08,PRD-18,CC-203,910,149518.6,77965.29,136061926.0,70948413.9,65113512.1
20250801,2025-08,PRD-19,CC-203,2065,228587.11,123043.85,472032382.15,254085550.25,217946831.9
20250801,2025-08,PRD-20,CC-203,83,332913.67,203156.75,27631834.61,16862010.25,10769824.36
20250801,2025-08,PRD-21,CC-203,942,103842.53,56406.18,97819663.26,53134621.56,44685041.7
20250801,2025-08,PRD-22,CC-203,1472,167257.85,90176.24,246203555.2,132739425.28,113464129.92
20250801,2025-08,PRD-23,CC-203,1696,101207.94,52889.52,171648666.24,89700625.92,81948040.32
20250801,2025-08,PRD-24,CC-203,2537,152584.9,85709.35,387107891.3,217444620.95,169663270.35
20250801,2025-08,PRD-25,CC-203,2001,90655.59,48399.02,181401835.59,96846439.02,84555396.57
20250801,2025-08,PRD-26,CC-203,410,127030.08,76492.54,52082332.8,31361941.4,20720391.4
20250801,2025-08,PRD-27,CC-203,920,142162.58,76294.51,130789573.6,70190949.2,60598624.4
20250801,2025-08,PRD-28,CC-203,818,215116.71,119469.59,175965468.78,97726124.62,78239344.16
20250801,2025-08,PRD-29,CC-203,1249,102558.76,55065.57,128095891.24,68776896.93,59318994.31
20250801,2025-08,PRD-30,CC-203,858,175015.9,87563.82,150163642.2,75129757.56,75033884.64
20250801,2025-08,PRD-31,CC-203,1064,207790.42,101268.56,221089006.88,107749747.84,113339259.04
20250801,2025-08,PRD-32,CC-203,67,235461.89,103470.88,15775946.63,6932548.96,8843397.67
20250801,2025-08,PRD-33,CC-203,921,212663.11,100255.39,195862724.31,92335214.19,103527510.12
20250801,2025-08,PRD-34,CC-203,302,329291.15,160462.35,99445927.3,48459629.7,50986297.6
20250801,2025-08,PRD-35,CC-203,118,325618.36,158906.59,38422966.48,18750977.62,19671988.86
20250801,2025-08,PRD-36,CC-203,1232,298969.97,140881.53,368331003.04,173566044.96,194764958.08
20250901,2025-09,PRD-01,CC-202,8576,118906.43,61398.45,1019741543.68,526553107.2,493188436.48
20250901,2025-09,PRD-02,CC-202,2474,170940.94,100075.57,422907885.56,247586960.18,175320925.38
20250901,2025-09,PRD-03,CC-202,455,278083.88,159869.67,126528165.4,72740699.85,53787465.55
20250901,2025-09,PRD-04,CC-202,8691,236955.86,121594.65,2059383379.26,1056779103.15,1002604276.11
20250901,2025-09,PRD-05,CC-202,935,347136.41,197719.09,324572543.35,184867349.15,139705194.2
20250901,2025-09,PRD-06,CC-202,10072,123253.13,66708.58,1241405525.36,671888817.76,569516707.6
20250901,2025-09,PRD-07,CC-202,1861,207824.05,106364.01,386760557.05,197943422.61,188817134.44
20250901,2025-09,PRD-08,CC-202,371,307300.97,173800.82,114008659.87,64480104.22,49528555.65
20250901,2025-09,PRD-09,CC-202,7367,117681.03,62777.97,866956148.01,462485304.99,404470843.02
20250901,2025-09,PRD-10,CC-202,1417,180247.07,99406.1,255410098.19,140858443.7,114551654.49
20250901,2025-09,PRD-11,CC-202,0,262851.73,161808.12,0.0,0.0,0.0
20250901,2025-09,PRD-12,CC-202,6525,99431.08,50259.68,648787797.0,327944412.0,320843385.0
20250901,2025-09,PRD-13,CC-202,781,154350.3,81723.78,120547584.3,63826272.18,56721312.12
20250901,2025-09,PRD-14,CC-202,7553,113227.76,60637.12,855209271.28,457992167.36,397217103.92
20250901,2025-09,PRD-15,CC-202,3548,182172.89,98494.2,646349413.72,349457421.6,296891992.12
20250901,2025-09,PRD-16,CC-202,12497,110231.0,59999.24,1377556807.0,749810502.28,627746304.72
20250901,2025-09,PRD-17,CC-202,789,166638.95,95742.22,131478131.55,75540611.58,55937519.97
20250901,2025-09,PRD-18,CC-202,5327,149164.93,77965.29,794601582.11,415321099.83,379280482.28
20250901,2025-09,PRD-19,CC-202,2356,230775.62,123043.85,543707360.72,289891310.6,253816050.12
20250901,2025-09,PRD-20,CC-202,94,329293.74,203156.75,30953611.56,19096734.5,11856877.06
20250901,2025-09,PRD-21,CC-202,6650,103698.28,56406.18,689593562.0,375101097.0,314492465.0
20250901,2025-09,PRD-22,CC-202,1416,168214.59,90176.24,238191859.44,127689555.84,110502303.6
20250901,2025-09,PRD-23,CC-202,11570,101196.21,52889.52,1170840149.7,611931746.4,558908403.3
20250901,2025-09,PRD-24,CC-202,4588,153942.15,85709.35,706286584.2,393234497.8,313052086.4
20250901,2025-09,PRD-25,CC-202,17703,89713.39,48399.02,1588196143.17,856807851.06,731388292.11
20250901,2025-09,PRD-26,CC-202,1363,128666.25,76492.54,175372098.75,104259332.02,71112766.73
20250901,2025-09,PRD-27,CC-202,2949,141150.23,76294.51,416252028.27,224992509.99,191259518.28
20250901,2025-09,PRD-28,CC-202,2986,213413.03,119469.59,637251307.58,356736195.74,280515111.84
20250901,2025-09,PRD-29,CC-202,9424,102326.89,55065.57,964328611.36,518937931.68,445390679.68
20250901,2025-09,PRD-30,CC-202,1373,172880.93,87563.82,237365516.89,120225124.86,117140392.03
20250901,2025-09,PRD-31,CC-202,1685,209166.82,101268.56,352446091.7,170637523.6,181808568.1
20250901,2025-09,PRD-32,CC-202,1564,237152.83,103470.88,370907026.12,161828456.32,209078569.8
20250901,2025-09,PRD-33,CC-202,982,214658.11,100255.39,210794264.02,98450792.98,112343471.04
20250901,2025-09,PRD-34,CC-202,5631,327265.52,160462.35,1842832143.12,903563492.85,939268650.27
20250901,2025-09,PRD-35,CC-202,6468,327792.3,158906.59,2120160596.4,1027807824.12,1092352772.28
20250901,2025-09,PRD-36,CC-202,13592,300143.75,140881.53,4079553850.0,1914861755.76,2164692094.24
20250901,2025-09,PRD-01,CC-203,415,117862.22,61398.45,48912821.3,25480356.75,23432464.55
20250901,2025-09,PRD-02,CC-203,1050,169733.51,100075.57,178220185.5,105079348.5,73140837.0
20250901,2025-09,PRD-03,CC-203,171,277164.87,159869.67,47395192.77,27337713.57,20057479.2
20250901,2025-09,PRD-04,CC-203,934,232828.88,121594.65,217462173.92,113569403.1,103892770.82
20250901,2025-09,PRD-05,CC-203,1009,345724.22,197719.09,348835737.98,199498561.81,149337176.17
20250901,2025-09,PRD-06,CC-203,715,123261.46,66708.58,88131943.9,47696634.7,40435309.2
20250901,2025-09,PRD-07,CC-203,107,207175.58,106364.01,22167787.06,11380949.07,10786837.99
20250901,2025-09,PRD-08,CC-203,702,312843.87,173800.82,219616396.74,122008175.64,97608221.1
20250901,2025-09,PRD-09,CC-203,514,117588.06,62777.97,60440262.84,32267876.58,28172386.26
20250901,2025-09,PRD-10,CC-203,488,178886.08,99406.1,87296407.04,48510176.8,38786230.24
20250901,2025-09,PRD-11,CC-203,224,261807.2,161808.12,58644812.8,36245018.88,22399793.92
20250901,2025-09,PRD-12,CC-203,663,98322.48,50259.68,65187804.24,33322167.84,31865636.4
20250901,2025-09,PRD-13,CC-203,536,155228.78,81723.78,83202626.08,43803946.08,39398680.0
20250901,2025-09,PRD-14,CC-203,977,114210.02,60637.12,111583189.54,59242466.24,52340723.3
20250901,2025-09,PRD-15,CC-203,524,180557.49,98494.2,94612124.76,51610960.8,43001163.96
20250901,2025-09,PRD-16,CC-203,799,110369.33,59999.24,88185094.67,47939392.76,40245701.91
20250901,2025-09,PRD-17,CC-203,747,164958.95,95742.22,123224335.65,71519438.34,51704897.31
20250901,2025-09,PRD-18,CC-203,140,148545.35,77965.29,20796349.0,10915140.6,9881208.4
20250901,2025-09,PRD-19,CC-203,888,226311.62,123043.85,200964718.56,109262938.8,91701779.76
20250901,2025-09,PRD-20,CC-203,322,330508.05,203156.75,106423592.1,65416473.5,41007118.6
20250901,2025-09,PRD-21,CC-203,712,103895.47,56406.18,73973574.64,40161200.16,33812374.48
20250901,2025-09,PRD-22,CC-203,468,166866.71,90176.24,78093620.28,42202480.32,35891139.96
20250901,2025-09,PRD-23,CC-203,1478,101475.97,52889.52,149981483.66,78170710.56,71810773.1
20250901,2025-09,PRD-24,CC-203,1791,153654.78,85709.35,275195710.98,153505445.85,121690265.13
20250901,2025-09,PRD-25,CC-203,2026,89914.04,48399.02,182165845.04,98056414.52,84109430.52
20250901,2025-09,PRD-26,CC-203,666,127519.29,76492.54,84927847.14,50944031.64,33983815.5
20250901,2025-09,PRD-27,CC-203,353,141852.4,76294.51,50073897.2,26931962.03,23141935.17
20250901,2025-09,PRD-28,CC-203,1348,213471.51,119469.59,287759595.48,161045007.32,126714588.16
20250901,2025-09,PRD-29,CC-203,1060,103255.7,55065.57,109451042.0,58369504.2,51081537.8
20250901,2025-09,PRD-30,CC-203,260,175844.42,87563.82,45719549.2,22766593.2,22952956.0
20250901,2025-09,PRD-31,CC-203,293,209207.26,101268.56,61297727.18,29671688.08,31626039.1
20250901,2025-09,PRD-32,CC-203,388,238424.76,103470.88,92508806.88,40146701.44,52362105.44
20250901,2025-09,PRD-33,CC-203,131,215267.13,100255.39,28199994.03,13133456.09,15066537.94
20250901,2025-09,PRD-34,CC-203,901,328827.96,160462.35,296273991.96,144576577.35,151697414.61
20250901,2025-09,PRD-35,CC-203,627,326088.72,158906.59,204457627.44,99634431.93,104823195.51
20250901,2025-09,PRD-36,CC-203,790,297711.63,140881.53,235192187.7,111296408.7,123895779.0
20251001,2025-10,PRD-01,CC-202,9116,119038.67,61398.45,1085156515.72,559708270.2,525448245.52
20251001,2025-10,PRD-02,CC-202,4182,171610.91,100075.57,717676825.62,418516033.74,299160791.88
20251001,2025-10,PRD-03,CC-202,384,276260.5,159869.67,106084032.0,61389953.28,44694078.72
20251001,2025-10,PRD-04,CC-202,9081,234754.13,121594.65,2131802254.53,1104201016.65,1027601237.88
20251001,2025-10,PRD-05,CC-202,1598,344684.43,197719.09,550805719.14,315955105.82,234850613.32
20251001,2025-10,PRD-06,CC-202,9179,123008.5,66708.58,1129095021.5,612318055.82,516776965.68
20251001,2025-10,PRD-07,CC-202,919,207676.53,106364.01,190854731.07,97748525.19,93106205.88
20251001,2025-10,PRD-08,CC-202,389,307987.02,173800.82,119806950.78,67608518.98,52198431.8
20251001,2025-10,PRD-09,CC-202,8409,116817.98,62777.97,982322393.82,527899949.73,454422444.09
20251001,2025-10,PRD-10,CC-202,3216,178246.77,99406.1,573241612.32,319690017.6,253551594.72
20251001,2025-10,PRD-11,CC-202,470,262679.35,161808.12,123459294.5,76049816.4,47409478.1
20251001,2025-10,PRD-12,CC-202,9464,98948.24,50259.68,936446143.36,475657611.52,460788531.84
20251001,2025-10,PRD-13,CC-202,2092,154767.82,81723.78,323774279.44,170966147.76,152808131.68
20251001,2025-10,PRD-14,CC-202,7339,113901.22,60637.12,835921053.58,445015823.68,390905229.9
20251001,2025-10,PRD-15,CC-202,2287,182551.48,98494.2,417495234.76,225256235.4,192238999.36
20251001,2025-10,PRD-16,CC-202,13030,109267.93,59999.24,1423761127.9,781790097.2,641971030.7
20251001,2025-10,PRD-17,CC-202,1897,166527.14,95742.22,315901984.58,181622991.34,134278993.24
20251001,2025-10,PRD-18,CC-202,6574,148313.41,77965.29,975012357.34,512543816.46,462468540.88
20251001,2025-10,PRD-19,CC-202,2259,229870.85,123043.85,519278250.15,277956057.15,241322193.0
20251001,2025-10,PRD-20,CC-202,126,330172.41,203156.75,41601723.66,25597750.5,16003973.16
20251001,2025-10,PRD-21,CC-202,9215,103919.2,56406.18,957615428.0,519782948.7,437832479.3
20251001,2025-10,PRD-22,CC-202,856,165447.61,90176.24,141623154.16,77190861.44,64432292.72
20251001,2025-10,PRD-23,CC-202,11410,101175.46,52889.52,1154411998.6,603469423.2,550942575.4
20251001,2025-10,PRD-24,CC-202,5019,152149.23,85709.35,763636985.37,430175227.65,333461757.72
20251001,2025-10,PRD-25,CC-202,22555,90325.13,48399.02,2037283307.15,1091639896.1,945643411.05
20251001,2025-10,PRD-26,CC-202,2322,127800.12,76492.54,296751878.64,177615677.88,119136200.76
20251001,2025-10,PRD-27,CC-202,4047,142020.18,76294.51,574755668.46,308763881.97,265991786.49
20251001,2025-10,PRD-28,CC-202,3876,212631.61,119469.59,824160120.36,463064130.84,361095989.52
20251001,2025-10,PRD-29,CC-202,12266,101691.43,55065.57,1247347080.38,675434281.62,571912798.76
20251001,2025-10,PRD-30,CC-202,1764,173045.14,87563.82,305251626.96,154462578.48,150789048.48
20251001,2025-10,PRD-31,CC-202,3062,207137.87,101268.56,634256157.94,310084330.72,324171827.22
20251001,2025-10,PRD-32,CC-202,316,236894.33,103470.88,74858608.28,32696798.08,42161810.2
20251001,2025-10,PRD-33,CC-202,1425,216531.63,100255.39,308557572.75,142863930.75,165693642.0
20251001,2025-10,PRD-34,CC-202,8105,329125.3,160462.35,2667560556.5,1300547346.75,1367013209.75
20251001,2025-10,PRD-35,CC-202,6979,322978.6,158906.59,2254067649.4,1109009091.61,1145058557.79
20251001,2025-10,PRD-36,CC-202,14309,298479.11,140881.53,4270937584.99,2015873812.77,2255063772.22
20251001,2025-10,PRD-01,CC-203,663,119304.52,61398.45,79098896.76,40707172.35,38391724.41
20251001,2025-10,PRD-02,CC-203,1088,170875.36,100075.57,185912391.68,108882220.16,77030171.52
20251001,2025-10,PRD-03,CC-203,947,279431.67,159869.67,264621791.49,151396577.49,113225214.0
20251001,2025-10,PRD-04,CC-203,1915,232750.33,121594.65,445716881.95,232853754.75,212863127.2
20251001,2025-10,PRD-05,CC-203,190,341271.14,197719.09,64841516.6,37566627.1,27274889.5
20251001,2025-10,PRD-06,CC-203,1681,121753.32,66708.58,204667330.92,112137122.98,92530207.94
20251001,2025-10,PRD-07,CC-203,237,205330.36,106364.01,48663295.32,25208270.37,23455024.95
20251001,2025-10,PRD-08,CC-203,0,306697.06,173800.82,0.0,0.0,0.0
20251001,2025-10,PRD-09,CC-203,150,117903.39,62777.97,17685508.5,9416695.5,8268813.0
20251001,2025-10,PRD-10,CC-203,363,180589.51,99406.1,65553992.13,36084414.3,29469577.83
20251001,2025-10,PRD-11,CC-203,315,262487.09,161808.12,82683433.35,50969557.8,31713875.55
20251001,2025-10,PRD-12,CC-203,858,98200.37,50259.68,84255917.46,43122805.44,41133112.02
20251001,2025-10,PRD-13,CC-203,1065,153346.42,81723.78,163313937.3,87035825.7,76278111.6
20251001,2025-10,PRD-14,CC-203,730,115340.28,60637.12,84198404.4,44265097.6,39933306.8
20251001,2025-10,PRD-15,CC-203,1959,183494.58,98494.2,359465882.22,192950137.8,166515744.42
20251001,2025-10,PRD-16,CC-203,1739,110057.43,59999.24,191389870.77,104338678.36,87051192.41
20251001,2025-10,PRD-17,CC-203,826,165414.16,95742.22,136632096.16,79083073.72,57549022.44
20251001,2025-10,PRD-18,CC-203,24,149004.24,77965.29,3576101.76,1871166.96,1704934.8
20251001,2025-10,PRD-19,CC-203,962,228002.27,123043.85,219338183.74,118368183.7,100970000.04
20251001,2025-10,PRD-20,CC-203,222,331953.07,203156.75,73693581.54,45100798.5,28592783.04
20251001,2025-10,PRD-21,CC-203,637,104478.48,56406.18,66552791.76,35930736.66,30622055.1
20251001,2025-10,PRD-22,CC-203,79,166515.98,90176.24,13154762.42,7123922.96,6030839.46
20251001,2025-10,PRD-23,CC-203,1126,99986.84,52889.52,112585181.84,59553599.52,53031582.32
20251001,2025-10,PRD-24,CC-203,2353,152834.13,85709.35,359618707.89,201674100.55,157944607.34
20251001,2025-10,PRD-25,CC-203,1667,89813.65,48399.02,149719354.55,80681166.34,69038188.21
20251001,2025-10,PRD-26,CC-203,868,128063.09,76492.54,111158762.12,66395524.72,44763237.4
20251001,2025-10,PRD-27,CC-203,94,141033.58,76294.51,13257156.52,7171683.94,6085472.58
20251001,2025-10,PRD-28,CC-203,1315,213916.97,119469.59,281300815.55,157102510.85,124198304.7
20251001,2025-10,PRD-29,CC-203,1160,100433.73,55065.57,116503126.8,63876061.2,52627065.6
20251001,2025-10,PRD-30,CC-203,1005,176277.43,87563.82,177158817.15,88001639.1,89157178.05
20251001,2025-10,PRD-31,CC-203,1013,206811.29,101268.56,209499836.77,102585051.28,106914785.49
20251001,2025-10,PRD-32,CC-203,674,237104.92,103470.88,159808716.08,69739373.12,90069342.96
20251001,2025-10,PRD-33,CC-203,306,218459.15,100255.39,66848499.9,30678149.34,36170350.56
20251001,2025-10,PRD-34,CC-203,132,325555.53,160462.35,42973329.96,21181030.2,21792299.76
20251001,2025-10,PRD-35,CC-203,951,323535.13,158906.59,307681908.63,151120167.09,156561741.54
20251001,2025-10,PRD-36,CC-203,869,301370.73,140881.53,261891164.37,122426049.57,139465114.8
20251101,2025-11,PRD-01,CC-202,6670,118073.16,61398.45,787547977.2,409527661.5,378020315.7
20251101,2025-11,PRD-02,CC-202,2838,170636.52,100075.57,484266443.76,284014467.66,200251976.1
20251101,2025-11,PRD-03,CC-202,39,281610.53,159869.67,10982810.67,6234917.13,4747893.54
20251101,2025-11,PRD-04,CC-202,7345,234474.0,121594.65,1722211530.0,893112704.25,829098825.75
20251101,2025-11,PRD-05,CC-202,633,349896.36,197719.09,221484395.88,125156183.97,96328211.91
20251101,2025-11,PRD-06,CC-202,8818,121716.12,66708.58,1073292746.16,588236258.44,485056487.72
20251101,2025-11,PRD-07,CC-202,3109,206984.12,106364.01,643513629.08,330685707.09,312827921.99
20251101,2025-11,PRD-08,CC-202,149,305496.47,173800.82,45518974.03,25896322.18,19622651.85
20251101,2025-11,PRD-09,CC-202,7143,116218.33,62777.97,830147531.19,448423039.71,381724491.48
20251101,2025-11,PRD-10,CC-202,1618,180304.8,99406.1,291733166.4,160839069.8,130894096.6
20251101,2025-11,PRD-11,CC-202,561,263912.2,161808.12,148054744.2,90774355.32,57280388.88
20251101,2025-11,PRD-12,CC-202,10467,98546.15,50259.68,1031482552.05,526068070.56,505414481.49
20251101,2025-11,PRD-13,CC-202,1754,153011.81,81723.78,268382714.74,143343510.12,125039204.62
20251101,2025-11,PRD-14,CC-202,5997,113442.72,60637.12,680315991.84,363640808.64,316675183.2
20251101,2025-11,PRD-15,CC-202,3326,180862.72,98494.2,601549406.72,327591709.2,273957697.52
20251101,2025-11,PRD-16,CC-202,9012,110671.86,59999.24,997374802.32,540713150.88,456661651.44
20251101,2025-11,PRD-17,CC-202,1595,165433.22,95742.22,263865985.9,152708840.9,111157145.0
20251101,2025-11,PRD-18,CC-202,3949,151464.91,77965.29,598134929.59,307884930.21,290249999.38
20251101,2025-11,PRD-19,CC-202,1621,229784.78,123043.85,372481128.38,199454080.85,173027047.53
20251101,2025-11,PRD-20,CC-202,21,335799.59,203156.75,7051791.39,4266291.75,2785499.64
20251101,2025-11,PRD-21,CC-202,8891,103741.73,56406.18,922367721.43,501507346.38,420860375.05
20251101,2025-11,PRD-22,CC-202,1600,166884.14,90176.24,267014624.0,144281984.0,122732640.0
20251101,2025-11,PRD-23,CC-202,8074,99601.53,52889.52,804182753.22,427029984.48,377152768.74
20251101,2025-11,PRD-24,CC-202,4573,152354.43,85709.35,696716808.39,391948857.55,304767950.84
20251101,2025-11,PRD-25,CC-202,17853,90412.2,48399.02,1614129006.6,864067704.06,750061302.54
20251101,2025-11,PRD-26,CC-202,1573,128414.61,76492.54,201996181.53,120322765.42,81673416.11
20251101,2025-11,PRD-27,CC-202,2216,141958.39,76294.51,314579792.24,169068634.16,145511158.08
20251101,2025-11,PRD-28,CC-202,3555,216503.17,119469.59,769668769.35,424714392.45,344954376.9
20251101,2025-11,PRD-29,CC-202,7826,101240.82,55065.57,792310657.32,430943150.82,361367506.5
20251101,2025-11,PRD-30,CC-202,1221,174170.74,87563.82,212662473.54,106915424.22,105747049.32
20251101,2025-11,PRD-31,CC-202,2320,206064.24,101268.56,478069036.8,234943059.2,243125977.6
20251101,2025-11,PRD-32,CC-202,928,238057.67,103470.88,220917517.76,96020976.64,124896541.12
20251101,2025-11,PRD-33,CC-202,1400,216415.58,100255.39,302981812.0,140357546.0,162624266.0
20251101,2025-11,PRD-34,CC-202,6116,326443.69,160462.35,1996529608.04,981387732.6,1015141875.44
20251101,2025-11,PRD-35,CC-202,6134,327702.18,158906.59,2010125172.12,974733023.06,1035392149.06
20251101,2025-11,PRD-36,CC-202,12759,298670.76,140881.53,3810740226.84,1797507441.27,2013232785.57
20251101,2025-11,PRD-01,CC-203,1044,118072.93,61398.45,123268138.92,64099981.8,59168157.12
20251101,2025-11,PRD-02,CC-203,2067,171509.24,100075.57,354509599.08,206856203.19,147653395.89
20251101,2025-11,PRD-03,CC-203,536,276760.27,159869.67,148343504.72,85690143.12,62653361.6
20251101,2025-11,PRD-04,CC-203,307,231946.94,121594.65,71207710.58,37329557.55,33878153.03
20251101,2025-11,PRD-05,CC-203,246,345661.63,197719.09,85032760.98,48638896.14,36393864.84
20251101,2025-11,PRD-06,CC-203,834,122448.58,66708.58,102122115.72,55634955.72,46487160.0
20251101,2025-11,PRD-07,CC-203,396,207317.54,106364.01,82097745.84,42120147.96,39977597.88
20251101,2025-11,PRD-08,CC-203,876,307799.24,173800.82,269632134.24,152249518.32,117382615.92
20251101,2025-11,PRD-09,CC-203,544,117943.41,62777.97,64161215.04,34151215.68,30009999.36
20251101,2025-11,PRD-10,CC-203,1189,178279.31,99406.1,211974099.59,118193852.9,93780246.69
20251101,2025-11,PRD-11,CC-203,227,264163.51,161808.12,59965116.77,36730443.24,23234673.53
20251101,2025-11,PRD-12,CC-203,843,99179.15,50259.68,83608023.45,42368910.24,41239113.21
20251101,2025-11,PRD-13,CC-203,821,153637.83,81723.78,126136658.43,67095223.38,59041435.05
20251101,2025-11,PRD-14,CC-203,484,113519.5,60637.12,54943438.0,29348366.08,25595071.92
20251101,2025-11,PRD-15,CC-203,1318,182571.54,98494.2,240629289.72,129815355.6,110813934.12
20251101,2025-11,PRD-16,CC-203,821,110700.55,59999.24,90885151.55,49259376.04,41625775.51
20251101,2025-11,PRD-17,CC-203,624,164437.82,95742.22,102609199.68,59743145.28,42866054.4
20251101,2025-11,PRD-18,CC-203,0,151018.84,77965.29,0.0,0.0,0.0
20251101,2025-11,PRD-19,CC-203,978,227317.87,123043.85,222316876.86,120336885.3,101979991.56
20251101,2025-11,PRD-20,CC-203,288,330145.9,203156.75,95082019.2,58509144.0,36572875.2
20251101,2025-11,PRD-21,CC-203,363,103100.37,56406.18,37425434.31,20475443.34,16949990.97
20251101,2025-11,PRD-22,CC-203,699,166188.47,90176.24,116165740.53,63033191.76,53132548.77
20251101,2025-11,PRD-23,CC-203,926,100563.23,52889.52,93121550.98,48975695.52,44145855.46
20251101,2025-11,PRD-24,CC-203,2381,153827.3,85709.35,366262801.3,204073962.35,162188838.95
20251101,2025-11,PRD-25,CC-203,1804,91278.25,48399.02,164665963.0,87311832.08,77354130.92
20251101,2025-11,PRD-26,CC-203,640,127054.88,76492.54,81315123.2,48955225.6,32359897.6
20251101,2025-11,PRD-27,CC-203,687,140493.5,76294.51,96519034.5,52414328.37,44104706.13
20251101,2025-11,PRD-28,CC-203,472,213924.99,119469.59,100972595.28,56389646.48,44582948.8
20251101,2025-11,PRD-29,CC-203,1108,101907.61,55065.57,112913631.88,61012651.56,51900980.32
20251101,2025-11,PRD-30,CC-203,590,173366.22,87563.82,102286069.8,51662653.8,50623416.0
20251101,2025-11,PRD-31,CC-203,911,208131.71,101268.56,189607987.81,92255658.16,97352329.65
20251101,2025-11,PRD-32,CC-203,408,237736.5,103470.88,96996492.0,42216119.04,54780372.96
20251101,2025-11,PRD-33,CC-203,936,217014.78,100255.39,203125834.08,93839045.04,109286789.04
20251101,2025-11,PRD-34,CC-203,254,327193.33,160462.35,83107105.82,40757436.9,42349668.92
20251101,2025-11,PRD-35,CC-203,280,329948.62,158906.59,92385613.6,44493845.2,47891768.4
20251101,2025-11,PRD-36,CC-203,665,300857.54,140881.53,200070264.1,93686217.45,106384046.65
20251201,2025-12,PRD-01,CC-202,7108,118499.75,61398.45,842296223.0,436420182.6,405876040.4
20251201,2025-12,PRD-02,CC-202,1958,169671.69,100075.57,332217169.02,195947966.06,136269202.96
20251201,2025-12,PRD-03,CC-202,441,279013.71,159869.67,123045046.11,70502524.47,52542521.64
20251201,2025-12,PRD-04,CC-202,7335,233471.75,121594.65,1712515286.25,891896757.75,820618528.5
20251201,2025-12,PRD-05,CC-202,2250,350228.18,197719.09,788013405.0,444867952.5,343145452.5
20251201,2025-12,PRD-06,CC-202,7550,123625.51,66708.58,933372600.5,503649779.0,429722821.5
20251201,2025-12,PRD-07,CC-202,1296,206015.91,106364.01,266996619.36,137847756.96,129148862.4
20251201,2025-12,PRD-08,CC-202,238,307481.95,173800.82,73180704.1,41364595.16,31816108.94
20251201,2025-12,PRD-09,CC-202,5702,117366.73,62777.97,669225094.46,357959984.94,311265109.52
20251201,2025-12,PRD-10,CC-202,1364,176414.39,99406.1,240629227.96,135589920.4,105039307.56
20251201,2025-12,PRD-11,CC-202,507,260733.46,161808.12,132191864.22,82036716.84,50155147.38
20251201,2025-12,PRD-12,CC-202,6236,98293.12,50259.68,612955896.32,313419364.48,299536531.84
20251201,2025-12,PRD-13,CC-202,505,154931.51,81723.78,78240412.55,41270508.9,36969903.65
20251201,2025-12,PRD-14,CC-202,6802,113927.7,60637.12,774936215.4,412453690.24,362482525.16
20251201,2025-12,PRD-15,CC-202,3231,182478.16,98494.2,589586934.96,318234760.2,271352174.76
20251201,2025-12,PRD-16,CC-202,8207,109678.55,59999.24,900131859.85,492413762.68,407718097.17
20251201,2025-12,PRD-17,CC-202,714,167058.71,95742.22,119279918.94,68359945.08,50919973.86
20251201,2025-12,PRD-18,CC-202,4298,152354.63,77965.29,654820199.74,335094816.42,319725383.32
20251201,2025-12,PRD-19,CC-202,1364,227759.66,123043.85,310664176.24,167831811.4,142832364.84
20251201,2025-12,PRD-20,CC-202,0,331037.24,203156.75,0.0,0.0,0.0
20251201,2025-12,PRD-21,CC-202,7638,103429.14,56406.18,789991771.32,430830402.84,359161368.48
20251201,2025-12,PRD-22,CC-202,1218,166594.7,90176.24,202912344.6,109834660.32,93077684.28
20251201,2025-12,PRD-23,CC-202,9793,99611.83,52889.52,975498651.19,517947069.36,457551581.83
20251201,2025-12,PRD-24,CC-202,3774,151497.35,85709.35,571750998.9,323467086.9,248283912.0
20251201,2025-12,PRD-25,CC-202,15181,90911.8,48399.02,1380132035.8,734745522.62,645386513.18
20251201,2025-12,PRD-26,CC-202,810,127090.96,76492.54,102943677.6,61958957.4,40984720.2
20251201,2025-12,PRD-27,CC-202,2513,143198.65,76294.51,359858207.45,191728103.63,168130103.82
20251201,2025-12,PRD-28,CC-202,1389,212875.38,119469.59,295683902.82,165943260.51,129740642.31
20251201,2025-12,PRD-29,CC-202,7786,102517.57,55065.57,798201800.02,428740528.02,369461272.0
20251201,2025-12,PRD-30,CC-202,1217,172706.05,87563.82,210183262.85,106565168.94,103618093.91
20251201,2025-12,PRD-31,CC-202,2349,207886.64,101268.56,488325717.36,237879847.44,250445869.92
20251201,2025-12,PRD-32,CC-202,773,238192.39,103470.88,184122717.47,79982990.24,104139727.23
20251201,2025-12,PRD-33,CC-202,822,214524.18,100255.39,176338875.96,82409930.58,93928945.38
20251201,2025-12,PRD-34,CC-202,5346,326680.67,160462.35,1746434861.82,857831723.1,888603138.72
20251201,2025-12,PRD-35,CC-202,7499,326061.95,158906.59,2445138563.05,1191640518.41,1253498044.64
20251201,2025-12,PRD-36,CC-202,12869,300120.26,140881.53,3862247625.94,1813004409.57,2049243216.37
20251201,2025-12,PRD-01,CC-203,786,118253.38,61398.45,92947156.68,48259181.7,44687974.98
20251201,2025-12,PRD-02,CC-203,949,168705.67,100075.57,160101680.83,94971715.93,65129964.9
20251201,2025-12,PRD-03,CC-203,179,276949.74,159869.67,49574003.46,28616670.93,20957332.53
20251201,2025-12,PRD-04,CC-203,652,234724.98,121594.65,153040686.96,79279711.8,73760975.16
20251201,2025-12,PRD-05,CC-203,716,344104.06,197719.09,246378506.96,141566868.44,104811638.52
20251201,2025-12,PRD-06,CC-203,616,122068.06,66708.58,75193924.96,41092485.28,34101439.68
20251201,2025-12,PRD-07,CC-203,497,209061.69,106364.01,103903659.93,52862912.97,51040746.96
20251201,2025-12,PRD-08,CC-203,67,310063.46,173800.82,20774251.82,11644654.94,9129596.88
20251201,2025-12,PRD-09,CC-203,355,115876.58,62777.97,41136185.9,22286179.35,18850006.55
20251201,2025-12,PRD-10,CC-203,437,178898.06,99406.1,78178452.22,43440465.7,34737986.52
20251201,2025-12,PRD-11,CC-203,574,263156.06,161808.12,151051578.44,92877860.88,58173717.56
20251201,2025-12,PRD-12,CC-203,116,98390.12,50259.68,11413253.92,5830122.88,5583131.04
20251201,2025-12,PRD-13,CC-203,528,153996.51,81723.78,81310157.28,43150155.84,38160001.44
20251201,2025-12,PRD-14,CC-203,435,113740.53,60637.12,49477130.55,26377147.2,23099983.35
20251201,2025-12,PRD-15,CC-203,579,181083.15,98494.2,104847143.85,57028141.8,47819002.05
20251201,2025-12,PRD-16,CC-203,277,110290.19,59999.24,30550382.63,16619789.48,13930593.15
20251201,2025-12,PRD-17,CC-203,351,164022.0,95742.22,57571722.0,33605519.22,23966202.78
20251201,2025-12,PRD-18,CC-203,1121,148114.84,77965.29,166036735.64,87399090.09,78637645.55
20251201,2025-12,PRD-19,CC-203,696,230686.96,123043.85,160558124.16,85638519.6,74919604.56
20251201,2025-12,PRD-20,CC-203,457,331003.88,203156.75,151268773.16,92842634.75,58426138.41
20251201,2025-12,PRD-21,CC-203,481,103412.85,56406.18,49741580.85,27131372.58,22610208.27
20251201,2025-12,PRD-22,CC-203,408,167608.8,90176.24,68384390.4,36791905.92,31592484.48
20251201,2025-12,PRD-23,CC-203,2058,101205.7,52889.52,208281330.6,108846632.16,99434698.44
20251201,2025-12,PRD-24,CC-203,1097,153612.67,85709.35,168513098.99,94023156.95,74489942.04
20251201,2025-12,PRD-25,CC-203,1448,90367.62,48399.02,130852313.76,70081780.96,60770532.8
20251201,2025-12,PRD-26,CC-203,466,126974.94,76492.54,59170322.04,35645523.64,23524798.4
20251201,2025-12,PRD-27,CC-203,27,141577.33,76294.51,3822587.91,2059951.77,1762636.14
20251201,2025-12,PRD-28,CC-203,979,213997.59,119469.59,209503640.61,116960728.61,92542912.0
20251201,2025-12,PRD-29,CC-203,894,101885.33,55065.57,91085485.02,49228619.58,41856865.44
20251201,2025-12,PRD-30,CC-203,732,178543.67,87563.82,130693966.44,64096716.24,66597250.2
20251201,2025-12,PRD-31,CC-203,488,207855.89,101268.56,101433674.32,49419057.28,52014617.04
20251201,2025-12,PRD-32,CC-203,0,237738.72,103470.88,0.0,0.0,0.0
20251201,2025-12,PRD-33,CC-203,314,215175.11,100255.39,67564984.54,31480192.46,36084792.08
20251201,2025-12,PRD-34,CC-203,173,325001.4,160462.35,56225242.2,27759986.55,28465255.65
20251201,2025-12,PRD-35,CC-203,69,327502.15,158906.59,22597648.35,10964554.71,11633093.64
20251201,2025-12,PRD-36,CC-203,552,300330.8,140881.53,165782601.6,77766604.56,88015997.04
