TransaccionID,DateKey,Fecha,ProductoID,CentroCostoID,VolumenReal,PrecioRealUnit,CostoRealUnit,IngresosReales,CostoReal,MargenBrutoReal,CanalVenta
TRX-90001001,20250101,2025-01-01,PRD-02,CC-202,111.0,7224.8,3572.32,801952.8,396527.52,405425.28,Supermercados
TRX-90001002,20250101,2025-01-01,PRD-01,CC-202,140.0,7120.64,3072.17,996889.6,430103.8,566785.8,Canal Horeca
TRX-90001003,20250101,2025-01-01,PRD-04,CC-202,252.0,5874.73,2734.1,1480431.96,688993.2,791438.76,Canal Horeca
TRX-90001004,20250102,2025-01-02,PRD-05,CC-202,81.0,8751.51,4373.94,708872.31,354289.14,354583.17,Canal Horeca
TRX-90001005,20250102,2025-01-02,PRD-02,CC-203,171.0,7858.34,3373.89,1343776.14,576935.19,766840.95,Exportacion Directa
TRX-90001006,20250103,2025-01-03,PRD-03,CC-202,199.0,3114.09,1691.49,619703.91,336606.51,283097.4,Supermercados
TRX-90001007,20250103,2025-01-03,PRD-05,CC-202,58.0,9118.83,4455.4,528892.14,258413.2,270478.94,Distribuidor Mayorista
TRX-90001008,20250104,2025-01-04,PRD-03,CC-202,206.0,3228.45,1616.43,665060.7,332984.58,332076.12,Distribuidor Mayorista
TRX-90001009,20250104,2025-01-04,PRD-02,CC-202,248.0,7212.68,3479.68,1788744.64,862960.64,925784.0,Supermercados
TRX-90001010,20250105,2025-01-05,PRD-02,CC-202,191.0,7323.61,3451.98,1398809.51,659328.18,739481.33,Distribuidor Mayorista
TRX-90001011,20250105,2025-01-05,PRD-05,CC-202,202.0,9471.76,4426.94,1913295.52,894241.88,1019053.64,Supermercados
TRX-90001012,20250105,2025-01-05,PRD-01,CC-202,43.0,6939.71,3386.7,298407.53,145628.1,152779.43,Distribuidor Mayorista
TRX-90001013,20250105,2025-01-05,PRD-04,CC-203,158.0,6327.54,2911.54,999751.32,460023.32,539728.0,Exportacion Directa
TRX-90001014,20250105,2025-01-05,PRD-01,CC-202,143.0,6978.36,3294.66,997905.48,471136.38,526769.1,Supermercados
TRX-90001015,20250105,2025-01-05,PRD-04,CC-202,167.0,5893.47,2749.67,984209.49,459194.89,525014.6,Supermercados
TRX-90001016,20250106,2025-01-06,PRD-03,CC-202,166.0,3107.13,1551.39,515783.58,257530.74,258252.84,Distribuidor Mayorista
TRX-90001017,20250106,2025-01-06,PRD-05,CC-203,180.0,8985.76,4552.99,1617436.8,819538.2,797898.6,Exportacion Directa
TRX-90001018,20250106,2025-01-06,PRD-02,CC-202,148.0,7569.75,3513.97,1120323.0,520067.56,600255.44,Distribuidor Mayorista
TRX-90001019,20250106,2025-01-06,PRD-01,CC-202,178.0,7354.89,3154.54,1309170.42,561508.12,747662.3,Distribuidor Mayorista
TRX-90001020,20250107,2025-01-07,PRD-05,CC-203,131.0,9196.19,4558.34,1204700.89,597142.54,607558.35,Exportacion Directa
TRX-90001021,20250107,2025-01-07,PRD-03,CC-202,148.0,2988.29,1679.55,442266.92,248573.4,193693.52,Supermercados
TRX-90001022,20250107,2025-01-07,PRD-01,CC-202,179.0,7105.76,3180.49,1271931.04,569307.71,702623.33,Canal Horeca
TRX-90001023,20250108,2025-01-08,PRD-01,CC-202,67.0,7323.59,3346.02,490680.53,224183.34,266497.19,Canal Horeca
TRX-90001024,20250108,2025-01-08,PRD-03,CC-202,171.0,3340.68,1685.7,571256.28,288254.7,283001.58,Distribuidor Mayorista
TRX-90001025,20250108,2025-01-08,PRD-02,CC-203,185.0,7562.51,3461.43,1399064.35,640364.55,758699.8,Exportacion Directa
TRX-90001026,20250108,2025-01-08,PRD-03,CC-203,236.0,3253.53,1536.81,767833.08,362687.16,405145.92,Exportacion Directa
TRX-90001027,20250109,2025-01-09,PRD-01,CC-202,213.0,7165.73,3280.63,1526300.49,698774.19,827526.3,Supermercados
TRX-90001028,20250109,2025-01-09,PRD-02,CC-203,247.0,7609.15,3344.66,1879460.05,826131.02,1053329.03,Exportacion Directa
TRX-90001029,20250109,2025-01-09,PRD-02,CC-203,67.0,7646.21,3484.88,512296.07,233486.96,278809.11,Exportacion Directa
TRX-90001030,20250110,2025-01-10,PRD-01,CC-202,164.0,6774.22,3245.61,1110972.08,532280.04,578692.04,Distribuidor Mayorista
TRX-90001031,20250110,2025-01-10,PRD-02,CC-202,138.0,7110.5,3464.56,981249.0,478109.28,503139.72,Canal Horeca
TRX-90001032,20250110,2025-01-10,PRD-03,CC-203,128.0,3171.34,1680.98,405931.52,215165.44,190766.08,Exportacion Directa
TRX-90001033,20250110,2025-01-10,PRD-03,CC-202,245.0,3107.79,1639.22,761408.55,401608.9,359799.65,Canal Horeca
TRX-90001034,20250111,2025-01-11,PRD-01,CC-202,216.0,6694.79,3231.74,1446074.64,698055.84,748018.8,Canal Horeca
TRX-90001035,20250111,2025-01-11,PRD-02,CC-202,54.0,7670.04,3278.83,414182.16,177056.82,237125.34,Canal Horeca
TRX-90001036,20250112,2025-01-12,PRD-05,CC-203,177.0,9728.49,4731.69,1721942.73,837509.13,884433.6,Exportacion Directa
TRX-90001037,20250112,2025-01-12,PRD-02,CC-202,143.0,6856.69,3579.63,980506.67,511887.09,468619.58,Distribuidor Mayorista
TRX-90001038,20250112,2025-01-12,PRD-04,CC-202,65.0,6460.49,2957.81,419931.85,192257.65,227674.2,Canal Horeca
TRX-90001039,20250112,2025-01-12,PRD-01,CC-202,135.0,6760.34,3195.23,912645.9,431356.05,481289.85,Distribuidor Mayorista
TRX-90001040,20250112,2025-01-12,PRD-01,CC-202,180.0,6783.26,3126.24,1220986.8,562723.2,658263.6,Supermercados
TRX-90001041,20250113,2025-01-13,PRD-05,CC-202,242.0,9582.02,4738.51,2318848.84,1146719.42,1172129.42,Canal Horeca
TRX-90001042,20250113,2025-01-13,PRD-02,CC-202,43.0,7065.63,3492.19,303822.09,150164.17,153657.92,Canal Horeca
TRX-90001043,20250113,2025-01-13,PRD-05,CC-202,213.0,8794.31,4452.88,1873188.03,948463.44,924724.59,Supermercados
TRX-90001044,20250114,2025-01-14,PRD-03,CC-101,123.0,3269.11,1648.4,402100.53,202753.2,199347.33,Canal Horeca
TRX-90001045,20250114,2025-01-14,PRD-02,CC-202,58.0,7157.08,3539.18,415110.64,205272.44,209838.2,Distribuidor Mayorista
TRX-90001046,20250115,2025-01-15,PRD-01,CC-202,172.0,7083.74,3098.11,1218403.28,532874.92,685528.36,Distribuidor Mayorista
TRX-90001047,20250115,2025-01-15,PRD-04,CC-202,76.0,6160.69,2742.4,468212.44,208422.4,259790.04,Canal Horeca
TRX-90001048,20250115,2025-01-15,PRD-03,CC-202,257.0,3315.04,1678.4,851965.28,431348.8,420616.48,Distribuidor Mayorista
TRX-90001049,20250116,2025-01-16,PRD-05,CC-202,117.0,8580.47,4580.23,1003914.99,535886.91,468028.08,Distribuidor Mayorista
TRX-90001050,20250116,2025-01-16,PRD-01,CC-202,70.0,6934.91,3245.65,485443.7,227195.5,258248.2,Supermercados
TRX-90001051,20250116,2025-01-16,PRD-03,CC-202,77.0,3345.09,1576.04,257571.93,121355.08,136216.85,Canal Horeca
TRX-90001052,20250116,2025-01-16,PRD-02,CC-203,89.0,7167.53,3446.61,637910.17,306748.29,331161.88,Exportacion Directa
TRX-90001053,20250116,2025-01-16,PRD-01,CC-203,244.0,7304.43,3158.89,1782280.92,770769.16,1011511.76,Exportacion Directa
TRX-90001054,20250117,2025-01-17,PRD-03,CC-203,122.0,2984.69,1544.27,364132.18,188400.94,175731.24,Exportacion Directa
TRX-90001055,20250117,2025-01-17,PRD-01,CC-101,66.0,7173.5,3116.27,473451.0,205673.82,267777.18,Distribuidor Mayorista
TRX-90001056,20250117,2025-01-17,PRD-03,CC-203,32.0,3395.83,1650.34,108666.56,52810.88,55855.68,Exportacion Directa
TRX-90001057,20250117,2025-01-17,PRD-03,CC-203,164.0,3130.45,1605.36,513393.8,263279.04,250114.76,Exportacion Directa
TRX-90001058,20250117,2025-01-17,PRD-03,CC-202,248.0,3030.72,1548.94,751618.56,384137.12,367481.44,Canal Horeca
TRX-90001059,20250117,2025-01-17,PRD-03,CC-202,159.0,3135.16,1563.73,498490.44,248633.07,249857.37,Supermercados
TRX-90001060,20250118,2025-01-18,PRD-02,CC-203,115.0,7433.16,3506.96,854813.4,403300.4,451513.0,Exportacion Directa
TRX-90001061,20250118,2025-01-18,PRD-04,CC-202,256.0,5852.74,2955.36,1498301.44,756572.16,741729.28,Canal Horeca
TRX-90001062,20250118,2025-01-18,PRD-04,CC-203,211.0,6095.6,2859.28,1286171.6,603308.08,682863.52,Exportacion Directa
TRX-90001063,20250119,2025-01-19,PRD-01,CC-202,173.0,6823.09,3314.51,1180394.57,573410.23,606984.34,Supermercados
TRX-90001064,20250119,2025-01-19,PRD-02,CC-202,225.0,6939.14,3296.01,1561306.5,741602.25,819704.25,Distribuidor Mayorista
TRX-90001065,20250119,2025-01-19,PRD-04,CC-202,257.0,6471.87,2737.09,1663270.59,703432.13,959838.46,Distribuidor Mayorista
TRX-90001066,20250119,2025-01-19,PRD-01,CC-203,237.0,7238.63,3330.21,1715555.31,789259.77,926295.54,Exportacion Directa
TRX-90001067,20250119,2025-01-19,PRD-01,CC-202,52.0,6933.97,3279.93,360566.44,170556.36,190010.08,Distribuidor Mayorista
TRX-90001068,20250120,2025-01-20,PRD-04,CC-202,88.0,6389.71,2761.05,562294.48,242972.4,319322.08,Supermercados
TRX-90001069,20250120,2025-01-20,PRD-05,CC-202,166.0,9126.69,4705.42,1515030.54,781099.72,733930.82,Distribuidor Mayorista
TRX-90001070,20250120,2025-01-20,PRD-03,CC-203,256.0,3020.76,1547.29,773314.56,396106.24,377208.32,Exportacion Directa
TRX-90001071,20250120,2025-01-20,PRD-02,CC-202,239.0,7472.64,3583.68,1785960.96,856499.52,929461.44,Supermercados
TRX-90001072,20250120,2025-01-20,PRD-04,CC-202,159.0,5948.53,2868.12,945816.27,456031.08,489785.19,Distribuidor Mayorista
TRX-90001073,20250120,2025-01-20,PRD-01,CC-203,208.0,7016.53,3373.27,1459438.24,701640.16,757798.08,Exportacion Directa
TRX-90001074,20250120,2025-01-20,PRD-05,CC-203,84.0,9738.19,4727.41,818007.96,397102.44,420905.52,Exportacion Directa
TRX-90001075,20250121,2025-01-21,PRD-05,CC-202,160.0,8741.48,4489.77,1398636.8,718363.2,680273.6,Distribuidor Mayorista
TRX-90001076,20250121,2025-01-21,PRD-03,CC-202,234.0,2978.1,1587.04,696875.4,371367.36,325508.04,Distribuidor Mayorista
TRX-90001077,20250121,2025-01-21,PRD-04,CC-202,221.0,5625.6,2916.05,1243257.6,644447.05,598810.55,Canal Horeca
TRX-90001078,20250121,2025-01-21,PRD-01,CC-203,154.0,6580.53,3294.96,1013401.62,507423.84,505977.78,Exportacion Directa
TRX-90001079,20250121,2025-01-21,PRD-03,CC-202,94.0,3353.02,1653.61,315183.88,155439.34,159744.54,Supermercados
TRX-90001080,20250121,2025-01-21,PRD-03,CC-202,183.0,3027.51,1656.1,554034.33,303066.3,250968.03,Canal Horeca
TRX-90001081,20250122,2025-01-22,PRD-02,CC-202,118.0,7285.63,3390.49,859704.34,400077.82,459626.52,Distribuidor Mayorista
TRX-90001082,20250122,2025-01-22,PRD-04,CC-202,115.0,5906.61,2948.61,679260.15,339090.15,340170.0,Supermercados
TRX-90001083,20250123,2025-01-23,PRD-02,CC-202,132.0,7574.23,3515.57,999798.36,464055.24,535743.12,Canal Horeca
TRX-90001084,20250123,2025-01-23,PRD-04,CC-202,124.0,5939.29,2837.61,736471.96,351863.64,384608.32,Canal Horeca
TRX-90001085,20250123,2025-01-23,PRD-05,CC-202,131.0,8975.14,4453.94,1175743.34,583466.14,592277.2,Canal Horeca
TRX-90001086,20250123,2025-01-23,PRD-01,CC-203,196.0,6514.56,3378.73,1276853.76,662231.08,614622.68,Exportacion Directa
TRX-90001087,20250123,2025-01-23,PRD-02,CC-202,95.0,7223.3,3589.31,686213.5,340984.45,345229.05,Distribuidor Mayorista
TRX-90001088,20250124,2025-01-24,PRD-04,CC-202,102.0,6041.33,2711.32,616215.66,276554.64,339661.02,Supermercados
TRX-90001089,20250124,2025-01-24,PRD-04,CC-203,118.0,6138.16,2843.04,724302.88,335478.72,388824.16,Exportacion Directa
TRX-90001090,20250124,2025-01-24,PRD-03,CC-203,247.0,3384.98,1661.01,836090.06,410269.47,425820.59,Exportacion Directa
TRX-90001091,20250124,2025-01-24,PRD-05,CC-202,128.0,9697.79,4758.41,1241317.12,609076.48,632240.64,Distribuidor Mayorista
TRX-90001092,20250124,2025-01-24,PRD-04,CC-203,242.0,5654.45,2894.37,1368376.9,700437.54,667939.36,Exportacion Directa
TRX-90001093,20250125,2025-01-25,PRD-04,CC-202,94.0,5708.6,2728.04,536608.4,256435.76,280172.64,Supermercados
TRX-90001094,20250125,2025-01-25,PRD-04,CC-202,205.0,6152.12,2716.31,1261184.6,556843.55,704341.05,Supermercados
TRX-90001095,20250125,2025-01-25,PRD-01,CC-202,193.0,7174.99,3095.28,1384773.07,597389.04,787384.03,Supermercados
TRX-90001096,20250125,2025-01-25,PRD-02,CC-203,141.0,6998.33,3438.53,986764.53,484832.73,501931.8,Exportacion Directa
TRX-90001097,20250126,2025-01-26,PRD-01,CC-202,155.0,6841.76,3190.61,1060472.8,494544.55,565928.25,Supermercados
TRX-90001098,20250126,2025-01-26,PRD-05,CC-202,90.0,9771.31,4659.02,879417.9,419311.8,460106.1,Supermercados
TRX-90001099,20250126,2025-01-26,PRD-02,CC-202,178.0,7360.2,3392.52,1310115.6,603868.56,706247.04,Canal Horeca
TRX-90001100,20250126,2025-01-26,PRD-03,CC-202,110.0,3060.66,1588.84,336672.6,174772.4,161900.2,Canal Horeca
TRX-90001101,20250127,2025-01-27,PRD-04,CC-202,160.0,5963.6,2848.01,954176.0,455681.6,498494.4,Canal Horeca
TRX-90001102,20250127,2025-01-27,PRD-01,CC-202,239.0,7242.54,3335.29,1730967.06,797134.31,933832.75,Canal Horeca
TRX-90001103,20250127,2025-01-27,PRD-05,CC-203,20.0,9364.19,4426.88,187283.8,88537.6,98746.2,Exportacion Directa
TRX-90001104,20250127,2025-01-27,PRD-03,CC-202,172.0,3348.9,1571.78,576010.8,270346.16,305664.64,Canal Horeca
TRX-90001105,20250127,2025-01-27,PRD-02,CC-202,77.0,6853.13,3593.76,527691.01,276719.52,250971.49,Canal Horeca
TRX-90001106,20250127,2025-01-27,PRD-02,CC-203,168.0,6886.87,3578.38,1156994.16,601167.84,555826.32,Exportacion Directa
TRX-90001107,20250128,2025-01-28,PRD-03,CC-203,246.0,3268.37,1548.07,804019.02,380825.22,423193.8,Exportacion Directa
TRX-90001108,20250128,2025-01-28,PRD-04,CC-202,252.0,5796.88,2770.46,1460813.76,698155.92,762657.84,Distribuidor Mayorista
TRX-90001109,20250128,2025-01-28,PRD-01,CC-202,136.0,7170.86,3194.94,975236.96,434511.84,540725.12,Supermercados
TRX-90001110,20250128,2025-01-28,PRD-01,CC-202,204.0,7393.56,3378.78,1508286.24,689271.12,819015.12,Supermercados
TRX-90001111,20250128,2025-01-28,PRD-04,CC-202,219.0,5954.15,2717.89,1303958.85,595217.91,708740.94,Canal Horeca
TRX-90001112,20250129,2025-01-29,PRD-01,CC-202,111.0,7119.79,3196.25,790296.69,354783.75,435512.94,Canal Horeca
TRX-90001113,20250129,2025-01-29,PRD-02,CC-203,239.0,7229.17,3352.38,1727771.63,801218.82,926552.81,Exportacion Directa
TRX-90001114,20250129,2025-01-29,PRD-04,CC-203,210.0,6079.45,2774.67,1276684.5,582680.7,694003.8,Exportacion Directa
TRX-90001115,20250130,2025-01-30,PRD-03,CC-203,239.0,3071.0,1557.31,733969.0,372197.09,361771.91,Exportacion Directa
TRX-90001116,20250130,2025-01-30,PRD-04,CC-202,153.0,6445.57,2891.2,986172.21,442353.6,543818.61,Supermercados
TRX-90001117,20250130,2025-01-30,PRD-05,CC-203,172.0,9013.35,4739.73,1550296.2,815233.56,735062.64,Exportacion Directa
TRX-90001118,20250130,2025-01-30,PRD-05,CC-203,24.0,8490.2,4489.41,203764.8,107745.84,96018.96,Exportacion Directa
TRX-90001119,20250130,2025-01-30,PRD-04,CC-202,165.0,6478.74,2730.12,1068992.1,450469.8,618522.3,Canal Horeca
TRX-90001120,20250130,2025-01-30,PRD-03,CC-202,45.0,3122.11,1691.19,140494.95,76103.55,64391.4,Canal Horeca
TRX-90001121,20250131,2025-01-31,PRD-04,CC-202,224.0,5661.21,2698.31,1268111.04,604421.44,663689.6,Distribuidor Mayorista
TRX-90001122,20250131,2025-01-31,PRD-04,CC-203,168.0,5654.89,2930.12,950021.52,492260.16,457761.36,Exportacion Directa
TRX-90001123,20250201,2025-02-01,PRD-01,CC-203,114.0,7224.91,3364.21,823639.74,383519.94,440119.8,Exportacion Directa
TRX-90001124,20250201,2025-02-01,PRD-03,CC-203,248.0,3282.65,1657.13,814097.2,410968.24,403128.96,Exportacion Directa
TRX-90001125,20250201,2025-02-01,PRD-05,CC-203,164.0,8776.85,4412.27,1439403.4,723612.28,715791.12,Exportacion Directa
TRX-90001126,20250201,2025-02-01,PRD-05,CC-202,70.0,8821.77,4413.25,617523.9,308927.5,308596.4,Distribuidor Mayorista
TRX-90001127,20250201,2025-02-01,PRD-04,CC-202,132.0,6274.94,2701.13,828292.08,356549.16,471742.92,Distribuidor Mayorista
TRX-90001128,20250201,2025-02-01,PRD-01,CC-202,91.0,6482.63,3231.41,589919.33,294058.31,295861.02,Canal Horeca
TRX-90001129,20250202,2025-02-02,PRD-02,CC-203,69.0,7760.36,3451.65,535464.84,238163.85,297300.99,Exportacion Directa
TRX-90001130,20250202,2025-02-02,PRD-01,CC-203,241.0,7354.19,3201.11,1772359.79,771467.51,1000892.28,Exportacion Directa
TRX-90001131,20250202,2025-02-02,PRD-05,CC-202,66.0,9016.42,4673.1,595083.72,308424.6,286659.12,Canal Horeca
TRX-90001132,20250202,2025-02-02,PRD-01,CC-202,85.0,7281.15,3361.01,618897.75,285685.85,333211.9,Canal Horeca
TRX-90001133,20250203,2025-02-03,PRD-03,CC-202,69.0,3219.31,1598.76,222132.39,110314.44,111817.95,Canal Horeca
TRX-90001134,20250203,2025-02-03,PRD-03,CC-202,198.0,3365.43,1591.72,666355.14,315160.56,351194.58,Distribuidor Mayorista
TRX-90001135,20250203,2025-02-03,PRD-02,CC-202,244.0,7686.35,3398.82,1875469.4,829312.08,1046157.32,Canal Horeca
TRX-90001136,20250203,2025-02-03,PRD-05,CC-202,70.0,9386.35,4678.41,657044.5,327488.7,329555.8,Distribuidor Mayorista
TRX-90001137,20250203,2025-02-03,PRD-04,CC-202,203.0,6350.25,2903.3,1289100.75,589369.9,699730.85,Distribuidor Mayorista
TRX-90001138,20250203,2025-02-03,PRD-04,CC-203,235.0,5645.59,2861.83,1326713.65,672530.05,654183.6,Exportacion Directa
TRX-90001139,20250203,2025-02-03,PRD-04,CC-202,224.0,5790.08,2850.3,1296977.92,638467.2,658510.72,Distribuidor Mayorista
TRX-90001140,20250204,2025-02-04,PRD-01,CC-202,130.0,6591.46,3112.97,856889.8,404686.1,452203.7,Supermercados
TRX-90001141,20250204,2025-02-04,PRD-05,CC-202,222.0,8640.33,4608.39,1918153.26,1023062.58,895090.68,Supermercados
TRX-90001142,20250204,2025-02-04,PRD-02,CC-202,151.0,7213.32,3568.91,1089211.32,538905.41,550305.91,Supermercados
TRX-90001143,20250204,2025-02-04,PRD-01,CC-202,174.0,7140.91,3127.14,1242518.34,544122.36,698395.98,Supermercados
TRX-90001144,20250205,2025-02-05,PRD-02,CC-202,24.0,7212.69,3382.19,173104.56,81172.56,91932.0,Supermercados
TRX-90001145,20250205,2025-02-05,PRD-05,CC-202,168.0,9187.53,4560.49,1543505.04,766162.32,777342.72,Supermercados
TRX-90001146,20250205,2025-02-05,PRD-03,CC-202,109.0,3360.81,1556.6,366328.29,169669.4,196658.89,Canal Horeca
TRX-90001147,20250205,2025-02-05,PRD-04,CC-202,64.0,5889.6,2713.84,376934.4,173685.76,203248.64,Supermercados
TRX-90001148,20250205,2025-02-05,PRD-04,CC-202,140.0,6213.69,2831.26,869916.6,396376.4,473540.2,Supermercados
TRX-90001149,20250205,2025-02-05,PRD-02,CC-202,82.0,7247.47,3264.88,594292.54,267720.16,326572.38,Canal Horeca
TRX-90001150,20250206,2025-02-06,PRD-01,CC-202,27.0,7223.22,3131.05,195026.94,84538.35,110488.59,Supermercados
TRX-90001151,20250206,2025-02-06,PRD-01,CC-203,66.0,6837.88,3227.05,451300.08,212985.3,238314.78,Exportacion Directa
TRX-90001152,20250207,2025-02-07,PRD-04,CC-203,234.0,6075.17,2889.74,1421589.78,676199.16,745390.62,Exportacion Directa
TRX-90001153,20250207,2025-02-07,PRD-04,CC-203,33.0,5735.75,2725.27,189279.75,89933.91,99345.84,Exportacion Directa
TRX-90001154,20250207,2025-02-07,PRD-04,CC-202,130.0,6352.33,2897.89,825802.9,376725.7,449077.2,Distribuidor Mayorista
TRX-90001155,20250207,2025-02-07,PRD-05,CC-202,37.0,9052.3,4559.68,334935.1,168708.16,166226.94,Canal Horeca
TRX-90001156,20250207,2025-02-07,PRD-04,CC-101,211.0,5843.28,2793.64,1232932.08,589458.04,643474.04,Distribuidor Mayorista
TRX-90001157,20250208,2025-02-08,PRD-02,CC-202,36.0,7068.36,3375.35,254460.96,121512.6,132948.36,Distribuidor Mayorista
TRX-90001158,20250208,2025-02-08,PRD-02,CC-202,44.0,7801.77,3465.82,343277.88,152496.08,190781.8,Distribuidor Mayorista
TRX-90001159,20250209,2025-02-09,PRD-02,CC-202,86.0,7540.73,3427.06,648502.78,294727.16,353775.62,Supermercados
TRX-90001160,20250209,2025-02-09,PRD-02,CC-202,130.0,7635.77,3453.63,992650.1,448971.9,543678.2,Supermercados
TRX-90001161,20250209,2025-02-09,PRD-03,CC-202,132.0,3207.47,1596.6,423386.04,210751.2,212634.84,Distribuidor Mayorista
TRX-90001162,20250210,2025-02-10,PRD-04,CC-202,199.0,6176.64,2847.82,1229151.36,566716.18,662435.18,Canal Horeca
TRX-90001163,20250210,2025-02-10,PRD-04,CC-202,217.0,6141.11,2754.42,1332620.87,597709.14,734911.73,Canal Horeca
TRX-90001164,20250210,2025-02-10,PRD-04,CC-202,40.0,5740.28,2756.87,229611.2,110274.8,119336.4,Canal Horeca
TRX-90001165,20250210,2025-02-10,PRD-03,CC-202,113.0,3031.75,1581.62,342587.75,178723.06,163864.69,Supermercados
TRX-90001166,20250210,2025-02-10,PRD-01,CC-202,171.0,7374.7,3097.67,1261073.7,529701.57,731372.13,Distribuidor Mayorista
TRX-90001167,20250210,2025-02-10,PRD-04,CC-202,59.0,6221.81,2967.23,367086.79,175066.57,192020.22,Canal Horeca
TRX-90001168,20250210,2025-02-10,PRD-04,CC-202,85.0,6114.76,2944.87,519754.6,250313.95,269440.65,Canal Horeca
TRX-90001169,20250211,2025-02-11,PRD-03,CC-202,137.0,3064.92,1563.34,419894.04,214177.58,205716.46,Canal Horeca
TRX-90001170,20250211,2025-02-11,PRD-04,CC-203,98.0,6078.51,2821.45,595693.98,276502.1,319191.88,Exportacion Directa
TRX-90001171,20250211,2025-02-11,PRD-03,CC-202,63.0,3040.36,1690.88,191542.68,106525.44,85017.24,Distribuidor Mayorista
TRX-90001172,20250211,2025-02-11,PRD-05,CC-202,38.0,8721.34,4651.31,331410.92,176749.78,154661.14,Canal Horeca
TRX-90001173,20250211,2025-02-11,PRD-05,CC-202,66.0,9399.15,4665.5,620343.9,307923.0,312420.9,Canal Horeca
TRX-90001174,20250211,2025-02-11,PRD-03,CC-202,56.0,3180.34,1685.12,178099.04,94366.72,83732.32,Distribuidor Mayorista
TRX-90001175,20250211,2025-02-11,PRD-01,CC-202,254.0,7065.76,3190.15,1794703.04,810298.1,984404.94,Distribuidor Mayorista
TRX-90001176,20250212,2025-02-12,PRD-03,CC-202,170.0,3200.25,1568.28,544042.5,266607.6,277434.9,Canal Horeca
TRX-90001177,20250212,2025-02-12,PRD-01,CC-203,149.0,6549.63,3116.42,975894.87,464346.58,511548.29,Exportacion Directa
TRX-90001178,20250212,2025-02-12,PRD-02,CC-202,36.0,6966.03,3424.88,250777.08,123295.68,127481.4,Canal Horeca
TRX-90001179,20250212,2025-02-12,PRD-05,CC-202,182.0,8920.74,4738.29,1623574.68,862368.78,761205.9,Canal Horeca
TRX-90001180,20250212,2025-02-12,PRD-03,CC-202,197.0,3002.8,1652.94,591551.6,325629.18,265922.42,Distribuidor Mayorista
TRX-90001181,20250212,2025-02-12,PRD-04,CC-202,181.0,5765.39,2706.62,1043535.59,489898.22,553637.37,Distribuidor Mayorista
TRX-90001182,20250213,2025-02-13,PRD-01,CC-202,79.0,7318.67,3116.73,578174.93,246221.67,331953.26,Canal Horeca
TRX-90001183,20250213,2025-02-13,PRD-05,CC-203,248.0,8724.17,4393.65,2163594.16,1089625.2,1073968.96,Exportacion Directa
TRX-90001184,20250213,2025-02-13,PRD-03,CC-203,184.0,3323.78,1642.43,611575.52,302207.12,309368.4,Exportacion Directa
TRX-90001185,20250213,2025-02-13,PRD-02,CC-203,81.0,7227.54,3562.25,585430.74,288542.25,296888.49,Exportacion Directa
TRX-90001186,20250213,2025-02-13,PRD-02,CC-202,165.0,7721.93,3413.31,1274118.45,563196.15,710922.3,Distribuidor Mayorista
TRX-90001187,20250213,2025-02-13,PRD-03,CC-202,51.0,3160.15,1584.22,161167.65,80795.22,80372.43,Distribuidor Mayorista
TRX-90001188,20250213,2025-02-13,PRD-02,CC-202,82.0,7382.94,3342.95,605401.08,274121.9,331279.18,Distribuidor Mayorista
TRX-90001189,20250214,2025-02-14,PRD-04,CC-203,225.0,5663.96,2752.13,1274391.0,619229.25,655161.75,Exportacion Directa
TRX-90001190,20250214,2025-02-14,PRD-03,CC-203,198.0,3145.66,1589.25,622840.68,314671.5,308169.18,Exportacion Directa
TRX-90001191,20250214,2025-02-14,PRD-05,CC-202,61.0,8640.93,4677.31,527096.73,285315.91,241780.82,Supermercados
TRX-90001192,20250215,2025-02-15,PRD-03,CC-202,241.0,3360.66,1662.18,809919.06,400585.38,409333.68,Canal Horeca
TRX-90001193,20250215,2025-02-15,PRD-04,CC-202,204.0,5880.87,2757.58,1199697.48,562546.32,637151.16,Canal Horeca
TRX-90001194,20250216,2025-02-16,PRD-05,CC-202,215.0,9215.8,4663.11,1981397.0,1002568.65,978828.35,Distribuidor Mayorista
TRX-90001195,20250216,2025-02-16,PRD-01,CC-202,116.0,6564.97,3243.67,761536.52,376265.72,385270.8,Distribuidor Mayorista
TRX-90001196,20250216,2025-02-16,PRD-03,CC-202,247.0,3157.51,1632.63,779904.97,403259.61,376645.36,Supermercados
TRX-90001197,20250216,2025-02-16,PRD-03,CC-202,176.0,3196.04,1613.82,562503.04,284032.32,278470.72,Supermercados
TRX-90001198,20250216,2025-02-16,PRD-03,CC-202,95.0,3303.93,1537.95,313873.35,146105.25,167768.1,Distribuidor Mayorista
TRX-90001199,20250216,2025-02-16,PRD-02,CC-202,55.0,7613.47,3467.67,418740.85,190721.85,228019.0,Canal Horeca
TRX-90001200,20250216,2025-02-16,PRD-05,CC-203,30.0,9735.36,4474.14,292060.8,134224.2,157836.6,Exportacion Directa
TRX-90001201,20250217,2025-02-17,PRD-02,CC-202,65.0,7504.15,3574.03,487769.75,232311.95,255457.8,Supermercados
TRX-90001202,20250217,2025-02-17,PRD-02,CC-202,209.0,6948.86,3351.05,1452311.74,700369.45,751942.29,Supermercados
TRX-90001203,20250217,2025-02-17,PRD-03,CC-202,79.0,3220.73,1552.35,254437.67,122635.65,131802.02,Distribuidor Mayorista
TRX-90001204,20250218,2025-02-18,PRD-05,CC-203,152.0,9686.54,4638.26,1472354.08,705015.52,767338.56,Exportacion Directa
TRX-90001205,20250218,2025-02-18,PRD-05,CC-203,111.0,8954.87,4351.01,993990.57,482962.11,511028.46,Exportacion Directa
TRX-90001206,20250218,2025-02-18,PRD-02,CC-203,225.0,7849.12,3578.69,1766052.0,805205.25,960846.75,Exportacion Directa
TRX-90001207,20250218,2025-02-18,PRD-02,CC-202,20.0,6962.3,3598.85,139246.0,71977.0,67269.0,Distribuidor Mayorista
TRX-90001208,20250218,2025-02-18,PRD-03,CC-202,183.0,3002.97,1683.33,549543.51,308049.39,241494.12,Canal Horeca
TRX-90001209,20250219,2025-02-19,PRD-02,CC-203,194.0,6899.14,3377.97,1338433.16,655326.18,683106.98,Exportacion Directa
TRX-90001210,20250219,2025-02-19,PRD-01,CC-203,188.0,6576.55,3204.64,1236391.4,602472.32,633919.08,Exportacion Directa
TRX-90001211,20250219,2025-02-19,PRD-05,CC-202,94.0,9687.15,4529.57,910592.1,425779.58,484812.52,Distribuidor Mayorista
TRX-90001212,20250219,2025-02-19,PRD-01,CC-202,181.0,7396.82,3259.86,1338824.42,590034.66,748789.76,Canal Horeca
TRX-90001213,20250219,2025-02-19,PRD-01,CC-203,198.0,6713.19,3256.84,1329211.62,644854.32,684357.3,Exportacion Directa
TRX-90001214,20250219,2025-02-19,PRD-04,CC-202,107.0,5880.65,2906.54,629229.55,310999.78,318229.77,Canal Horeca
TRX-90001215,20250220,2025-02-20,PRD-02,CC-203,173.0,6854.14,3489.6,1185766.22,603700.8,582065.42,Exportacion Directa
TRX-90001216,20250220,2025-02-20,PRD-02,CC-203,100.0,7877.96,3314.55,787796.0,331455.0,456341.0,Exportacion Directa
TRX-90001217,20250220,2025-02-20,PRD-05,CC-101,239.0,9169.32,4403.01,2191467.48,1052319.39,1139148.09,Distribuidor Mayorista
TRX-90001218,20250220,2025-02-20,PRD-02,CC-203,20.0,7174.73,3399.09,143494.6,67981.8,75512.8,Exportacion Directa
TRX-90001219,20250220,2025-02-20,PRD-01,CC-202,81.0,6669.24,3133.02,540208.44,253774.62,286433.82,Canal Horeca
TRX-90001220,20250220,2025-02-20,PRD-03,CC-202,240.0,3164.51,1626.37,759482.4,390328.8,369153.6,Supermercados
TRX-90001221,20250220,2025-02-20,PRD-05,CC-202,20.0,9490.33,4523.98,189806.6,90479.6,99327.0,Distribuidor Mayorista
TRX-90001222,20250221,2025-02-21,PRD-04,CC-202,239.0,6030.76,2827.16,1441351.64,675691.24,765660.4,Distribuidor Mayorista
TRX-90001223,20250221,2025-02-21,PRD-01,CC-202,148.0,6801.05,3096.16,1006555.4,458231.68,548323.72,Distribuidor Mayorista
TRX-90001224,20250221,2025-02-21,PRD-03,CC-203,51.0,3071.62,1679.59,156652.62,85659.09,70993.53,Exportacion Directa
TRX-90001225,20250221,2025-02-21,PRD-03,CC-202,143.0,3317.35,1692.63,474381.05,242046.09,232334.96,Canal Horeca
TRX-90001226,20250221,2025-02-21,PRD-04,CC-203,197.0,6372.29,2802.24,1255341.13,552041.28,703299.85,Exportacion Directa
TRX-90001227,20250221,2025-02-21,PRD-04,CC-202,235.0,5778.56,2829.54,1357961.6,664941.9,693019.7,Supermercados
TRX-90001228,20250221,2025-02-21,PRD-05,CC-202,73.0,8907.93,4576.25,650278.89,334066.25,316212.64,Supermercados
TRX-90001229,20250222,2025-02-22,PRD-05,CC-101,258.0,9417.29,4682.39,2429660.82,1208056.62,1221604.2,Distribuidor Mayorista
TRX-90001230,20250222,2025-02-22,PRD-05,CC-202,97.0,9260.27,4683.08,898246.19,454258.76,443987.43,Supermercados
TRX-90001231,20250222,2025-02-22,PRD-03,CC-202,215.0,3384.15,1558.57,727592.25,335092.55,392499.7,Distribuidor Mayorista
TRX-90001232,20250222,2025-02-22,PRD-01,CC-202,242.0,6790.47,3099.82,1643293.74,750156.44,893137.3,Canal Horeca
TRX-90001233,20250222,2025-02-22,PRD-05,CC-203,26.0,9437.43,4701.66,245373.18,122243.16,123130.02,Exportacion Directa
TRX-90001234,20250223,2025-02-23,PRD-05,CC-203,166.0,9233.36,4509.64,1532737.76,748600.24,784137.52,Exportacion Directa
TRX-90001235,20250223,2025-02-23,PRD-02,CC-203,148.0,7722.84,3380.22,1142980.32,500272.56,642707.76,Exportacion Directa
TRX-90001236,20250223,2025-02-23,PRD-04,CC-202,149.0,5926.31,2697.58,883020.19,401939.42,481080.77,Supermercados
TRX-90001237,20250223,2025-02-23,PRD-01,CC-202,24.0,6812.1,3319.63,163490.4,79671.12,83819.28,Distribuidor Mayorista
TRX-90001238,20250223,2025-02-23,PRD-03,CC-202,245.0,3345.4,1571.12,819623.0,384924.4,434698.6,Supermercados
TRX-90001239,20250223,2025-02-23,PRD-03,CC-202,127.0,3010.15,1674.95,382289.05,212718.65,169570.4,Distribuidor Mayorista
TRX-90001240,20250224,2025-02-24,PRD-01,CC-202,133.0,6482.92,3157.98,862228.36,420011.34,442217.02,Supermercados
TRX-90001241,20250224,2025-02-24,PRD-01,CC-203,213.0,7106.15,3154.52,1513609.95,671912.76,841697.19,Exportacion Directa
TRX-90001242,20250225,2025-02-25,PRD-05,CC-202,257.0,9769.18,4556.56,2510679.26,1171035.92,1339643.34,Distribuidor Mayorista
TRX-90001243,20250225,2025-02-25,PRD-02,CC-202,117.0,7134.09,3270.25,834688.53,382619.25,452069.28,Distribuidor Mayorista
TRX-90001244,20250225,2025-02-25,PRD-01,CC-202,147.0,6580.11,3256.49,967276.17,478704.03,488572.14,Distribuidor Mayorista
TRX-90001245,20250225,2025-02-25,PRD-03,CC-202,53.0,3202.69,1640.23,169742.57,86932.19,82810.38,Supermercados
TRX-90001246,20250226,2025-02-26,PRD-02,CC-202,125.0,6991.22,3353.65,873902.5,419206.25,454696.25,Canal Horeca
TRX-90001247,20250226,2025-02-26,PRD-02,CC-202,153.0,7630.76,3349.25,1167506.28,512435.25,655071.03,Supermercados
TRX-90001248,20250226,2025-02-26,PRD-01,CC-202,72.0,6638.88,3364.61,477999.36,242251.92,235747.44,Supermercados
TRX-90001249,20250226,2025-02-26,PRD-04,CC-202,232.0,5944.08,2833.3,1379026.56,657325.6,721700.96,Supermercados
TRX-90001250,20250226,2025-02-26,PRD-03,CC-202,73.0,3288.19,1549.25,240037.87,113095.25,126942.62,Canal Horeca
TRX-90001251,20250226,2025-02-26,PRD-04,CC-202,134.0,5822.13,2797.0,780165.42,374798.0,405367.42,Distribuidor Mayorista
TRX-90001252,20250227,2025-02-27,PRD-03,CC-202,183.0,3279.36,1583.54,600122.88,289787.82,310335.06,Distribuidor Mayorista
TRX-90001253,20250227,2025-02-27,PRD-04,CC-202,73.0,6026.3,2873.83,439919.9,209789.59,230130.31,Supermercados
TRX-90001254,20250227,2025-02-27,PRD-03,CC-203,88.0,3169.95,1579.19,278955.6,138968.72,139986.88,Exportacion Directa
TRX-90001255,20250227,2025-02-27,PRD-05,CC-202,167.0,8671.29,4698.69,1448105.43,784681.23,663424.2,Distribuidor Mayorista
TRX-90001256,20250228,2025-02-28,PRD-03,CC-202,128.0,3016.92,1635.73,386165.76,209373.44,176792.32,Canal Horeca
TRX-90001257,20250228,2025-02-28,PRD-02,CC-202,92.0,6921.15,3511.58,636745.8,323065.36,313680.44,Supermercados
TRX-90001258,20250228,2025-02-28,PRD-03,CC-202,80.0,3265.11,1605.57,261208.8,128445.6,132763.2,Canal Horeca
TRX-90001259,20250228,2025-02-28,PRD-04,CC-202,54.0,6329.91,2911.84,341815.14,157239.36,184575.78,Canal Horeca
TRX-90001260,20250228,2025-02-28,PRD-01,CC-203,198.0,6737.59,3260.87,1334042.82,645652.26,688390.56,Exportacion Directa
TRX-90001261,20250228,2025-02-28,PRD-02,CC-203,120.0,6938.91,3575.89,832669.2,429106.8,403562.4,Exportacion Directa
TRX-90001262,20250228,2025-02-28,PRD-02,CC-203,93.0,7585.81,3441.24,705480.33,320035.32,385445.01,Exportacion Directa
TRX-90001263,20250301,2025-03-01,PRD-03,CC-203,99.0,3350.92,1653.16,331741.08,163662.84,168078.24,Exportacion Directa
TRX-90001264,20250301,2025-03-01,PRD-02,CC-202,100.0,7551.49,3499.37,755149.0,349937.0,405212.0,Supermercados
TRX-90001265,20250301,2025-03-01,PRD-05,CC-203,219.0,8788.31,4540.24,1924639.89,994312.56,930327.33,Exportacion Directa
TRX-90001266,20250301,2025-03-01,PRD-05,CC-202,78.0,9773.54,4744.83,762336.12,370096.74,392239.38,Canal Horeca
TRX-90001267,20250301,2025-03-01,PRD-01,CC-203,51.0,7179.69,3368.08,366164.19,171772.08,194392.11,Exportacion Directa
TRX-90001268,20250301,2025-03-01,PRD-02,CC-202,45.0,7453.38,3575.27,335402.1,160887.15,174514.95,Canal Horeca
TRX-90001269,20250301,2025-03-01,PRD-03,CC-202,98.0,3269.3,1583.58,320391.4,155190.84,165200.56,Distribuidor Mayorista
TRX-90001270,20250302,2025-03-02,PRD-01,CC-202,78.0,7423.15,3223.75,579005.7,251452.5,327553.2,Distribuidor Mayorista
TRX-90001271,20250302,2025-03-02,PRD-03,CC-203,135.0,3337.72,1587.06,450592.2,214253.1,236339.1,Exportacion Directa
TRX-90001272,20250302,2025-03-02,PRD-05,CC-202,122.0,8504.41,4588.32,1037538.02,559775.04,477762.98,Distribuidor Mayorista
TRX-90001273,20250303,2025-03-03,PRD-03,CC-203,207.0,3168.69,1677.6,655918.83,347263.2,308655.63,Exportacion Directa
TRX-90001274,20250303,2025-03-03,PRD-03,CC-203,187.0,3150.08,1600.72,589064.96,299334.64,289730.32,Exportacion Directa
TRX-90001275,20250303,2025-03-03,PRD-03,CC-202,34.0,3318.85,1622.14,112840.9,55152.76,57688.14,Supermercados
TRX-90001276,20250303,2025-03-03,PRD-03,CC-202,172.0,3288.1,1619.23,565553.2,278507.56,287045.64,Distribuidor Mayorista
TRX-90001277,20250303,2025-03-03,PRD-02,CC-202,189.0,7786.8,3405.95,1471705.2,643724.55,827980.65,Distribuidor Mayorista
TRX-90001278,20250304,2025-03-04,PRD-01,CC-203,53.0,6481.69,3351.9,343529.57,177650.7,165878.87,Exportacion Directa
TRX-90001279,20250304,2025-03-04,PRD-01,CC-202,37.0,7417.85,3327.61,274460.45,123121.57,151338.88,Distribuidor Mayorista
TRX-90001280,20250304,2025-03-04,PRD-02,CC-202,65.0,7218.77,3524.84,469220.05,229114.6,240105.45,Supermercados
TRX-90001281,20250305,2025-03-05,PRD-05,CC-202,255.0,9292.72,4713.15,2369643.6,1201853.25,1167790.35,Canal Horeca
TRX-90001282,20250305,2025-03-05,PRD-01,CC-203,140.0,7243.64,3205.69,1014109.6,448796.6,565313.0,Exportacion Directa
TRX-90001283,20250305,2025-03-05,PRD-01,CC-202,103.0,7212.33,3148.41,742869.99,324286.23,418583.76,Supermercados
TRX-90001284,20250305,2025-03-05,PRD-03,CC-203,192.0,3109.9,1581.96,597100.8,303736.32,293364.48,Exportacion Directa
TRX-90001285,20250305,2025-03-05,PRD-03,CC-202,165.0,3053.63,1542.73,503848.95,254550.45,249298.5,Canal Horeca
TRX-90001286,20250305,2025-03-05,PRD-01,CC-202,200.0,7467.48,3208.89,1493496.0,641778.0,851718.0,Supermercados
TRX-90001287,20250305,2025-03-05,PRD-04,CC-202,140.0,6206.49,2749.11,868908.6,384875.4,484033.2,Supermercados
TRX-90001288,20250306,2025-03-06,PRD-04,CC-202,248.0,5684.13,2804.92,1409664.24,695620.16,714044.08,Distribuidor Mayorista
TRX-90001289,20250306,2025-03-06,PRD-03,CC-202,107.0,3162.34,1634.15,338370.38,174854.05,163516.33,Canal Horeca
TRX-90001290,20250306,2025-03-06,PRD-04,CC-202,218.0,6482.18,2752.87,1413115.24,600125.66,812989.58,Distribuidor Mayorista
TRX-90001291,20250306,2025-03-06,PRD-01,CC-202,112.0,7122.64,3266.48,797735.68,365845.76,431889.92,Supermercados
TRX-90001292,20250306,2025-03-06,PRD-04,CC-202,129.0,5809.14,2737.43,749379.06,353128.47,396250.59,Supermercados
TRX-90001293,20250306,2025-03-06,PRD-02,CC-202,188.0,7041.35,3529.06,1323773.8,663463.28,660310.52,Canal Horeca
TRX-90001294,20250307,2025-03-07,PRD-01,CC-202,24.0,7102.37,3141.22,170456.88,75389.28,95067.6,Distribuidor Mayorista
TRX-90001295,20250307,2025-03-07,PRD-05,CC-202,118.0,9252.36,4556.26,1091778.48,537638.68,554139.8,Canal Horeca
TRX-90001296,20250307,2025-03-07,PRD-01,CC-202,182.0,7233.4,3294.73,1316478.8,599640.86,716837.94,Distribuidor Mayorista
TRX-90001297,20250307,2025-03-07,PRD-03,CC-203,22.0,3324.36,1571.91,73135.92,34582.02,38553.9,Exportacion Directa
TRX-90001298,20250307,2025-03-07,PRD-05,CC-202,108.0,9246.57,4581.04,998629.56,494752.32,503877.24,Canal Horeca
TRX-90001299,20250307,2025-03-07,PRD-01,CC-202,30.0,7355.01,3156.99,220650.3,94709.7,125940.6,Canal Horeca
TRX-90001300,20250308,2025-03-08,PRD-04,CC-203,156.0,5644.27,2926.61,880506.12,456551.16,423954.96,Exportacion Directa
TRX-90001301,20250308,2025-03-08,PRD-05,CC-202,28.0,8894.28,4739.22,249039.84,132698.16,116341.68,Supermercados
TRX-90001302,20250308,2025-03-08,PRD-02,CC-202,206.0,7143.9,3349.9,1471643.4,690079.4,781564.0,Canal Horeca
TRX-90001303,20250308,2025-03-08,PRD-05,CC-202,91.0,9383.78,4341.95,853923.98,395117.45,458806.53,Distribuidor Mayorista
TRX-90001304,20250308,2025-03-08,PRD-01,CC-202,217.0,7441.36,3107.03,1614775.12,674225.51,940549.61,Canal Horeca
TRX-90001305,20250308,2025-03-08,PRD-04,CC-202,216.0,6482.46,2705.22,1400211.36,584327.52,815883.84,Canal Horeca
TRX-90001306,20250309,2025-03-09,PRD-02,CC-202,112.0,7819.03,3458.25,875731.36,387324.0,488407.36,Distribuidor Mayorista
TRX-90001307,20250309,2025-03-09,PRD-02,CC-202,117.0,7427.28,3557.93,868991.76,416277.81,452713.95,Supermercados
TRX-90001308,20250309,2025-03-09,PRD-03,CC-202,25.0,3187.39,1674.91,79684.75,41872.75,37812.0,Distribuidor Mayorista
TRX-90001309,20250309,2025-03-09,PRD-04,CC-203,116.0,5744.25,2732.91,666333.0,317017.56,349315.44,Exportacion Directa
TRX-90001310,20250309,2025-03-09,PRD-05,CC-203,126.0,8773.65,4738.54,1105479.9,597056.04,508423.86,Exportacion Directa
TRX-90001311,20250309,2025-03-09,PRD-02,CC-202,210.0,7594.91,3328.34,1594931.1,698951.4,895979.7,Supermercados
TRX-90001312,20250309,2025-03-09,PRD-01,CC-203,254.0,7440.54,3220.95,1889897.16,818121.3,1071775.86,Exportacion Directa
TRX-90001313,20250310,2025-03-10,PRD-03,CC-202,157.0,3326.28,1572.58,522225.96,246895.06,275330.9,Supermercados
TRX-90001314,20250310,2025-03-10,PRD-05,CC-202,178.0,8456.5,4570.28,1505257.0,813509.84,691747.16,Canal Horeca
TRX-90001315,20250310,2025-03-10,PRD-02,CC-202,240.0,7119.38,3329.67,1708651.2,799120.8,909530.4,Distribuidor Mayorista
TRX-90001316,20250311,2025-03-11,PRD-02,CC-202,174.0,7899.68,3478.82,1374544.32,605314.68,769229.64,Canal Horeca
TRX-90001317,20250311,2025-03-11,PRD-04,CC-202,117.0,6166.1,2839.2,721433.7,332186.4,389247.3,Supermercados
TRX-90001318,20250311,2025-03-11,PRD-03,CC-202,259.0,2994.75,1657.76,775640.25,429359.84,346280.41,Supermercados
TRX-90001319,20250311,2025-03-11,PRD-03,CC-202,252.0,3392.79,1590.7,854983.08,400856.4,454126.68,Supermercados
TRX-90001320,20250311,2025-03-11,PRD-02,CC-202,241.0,7653.99,3532.19,1844611.59,851257.79,993353.8,Supermercados
TRX-90001321,20250311,2025-03-11,PRD-02,CC-202,115.0,7672.52,3586.08,882339.8,412399.2,469940.6,Supermercados
TRX-90001322,20250311,2025-03-11,PRD-03,CC-203,31.0,2976.32,1629.15,92265.92,50503.65,41762.27,Exportacion Directa
TRX-90001323,20250312,2025-03-12,PRD-05,CC-202,237.0,8554.72,4703.59,2027468.64,1114750.83,912717.81,Distribuidor Mayorista
TRX-90001324,20250312,2025-03-12,PRD-05,CC-202,211.0,9357.53,4520.68,1974438.83,953863.48,1020575.35,Canal Horeca
TRX-90001325,20250312,2025-03-12,PRD-02,CC-202,199.0,7658.92,3272.36,1524125.08,651199.64,872925.44,Canal Horeca
TRX-90001326,20250312,2025-03-12,PRD-03,CC-203,52.0,3095.48,1614.18,160964.96,83937.36,77027.6,Exportacion Directa
TRX-90001327,20250312,2025-03-12,PRD-01,CC-202,77.0,6461.05,3122.86,497500.85,240460.22,257040.63,Supermercados
TRX-90001328,20250312,2025-03-12,PRD-02,CC-202,48.0,7859.85,3298.75,377272.8,158340.0,218932.8,Canal Horeca
TRX-90001329,20250312,2025-03-12,PRD-03,CC-203,58.0,3190.07,1668.15,185024.06,96752.7,88271.36,Exportacion Directa
TRX-90001330,20250313,2025-03-13,PRD-02,CC-202,51.0,6928.97,3495.37,353377.47,178263.87,175113.6,Canal Horeca
TRX-90001331,20250313,2025-03-13,PRD-04,CC-203,222.0,5846.83,2954.24,1297996.26,655841.28,642154.98,Exportacion Directa
TRX-90001332,20250313,2025-03-13,PRD-02,CC-203,203.0,7306.92,3584.83,1483304.76,727720.49,755584.27,Exportacion Directa
TRX-90001333,20250313,2025-03-13,PRD-05,CC-202,120.0,9307.43,4498.92,1116891.6,539870.4,577021.2,Distribuidor Mayorista
TRX-90001334,20250313,2025-03-13,PRD-03,CC-202,150.0,3090.06,1587.32,463509.0,238098.0,225411.0,Canal Horeca
TRX-90001335,20250314,2025-03-14,PRD-02,CC-202,208.0,7056.39,3559.16,1467729.12,740305.28,727423.84,Canal Horeca
TRX-90001336,20250314,2025-03-14,PRD-01,CC-202,31.0,7034.01,3222.89,218054.31,99909.59,118144.72,Distribuidor Mayorista
TRX-90001337,20250314,2025-03-14,PRD-04,CC-202,91.0,5745.93,2745.04,522879.63,249798.64,273080.99,Canal Horeca
TRX-90001338,20250315,2025-03-15,PRD-02,CC-202,27.0,7672.6,3551.23,207160.2,95883.21,111276.99,Supermercados
TRX-90001339,20250315,2025-03-15,PRD-01,CC-203,150.0,7272.73,3166.13,1090909.5,474919.5,615990.0,Exportacion Directa
TRX-90001340,20250315,2025-03-15,PRD-02,CC-203,79.0,7884.91,3327.06,622907.89,262837.74,360070.15,Exportacion Directa
TRX-90001341,20250315,2025-03-15,PRD-01,CC-202,172.0,6461.26,3263.46,1111336.72,561315.12,550021.6,Distribuidor Mayorista
TRX-90001342,20250315,2025-03-15,PRD-03,CC-202,103.0,3145.09,1568.08,323944.27,161512.24,162432.03,Canal Horeca
TRX-90001343,20250315,2025-03-15,PRD-01,CC-202,136.0,7062.07,3210.64,960441.52,436647.04,523794.48,Canal Horeca
TRX-90001344,20250316,2025-03-16,PRD-01,CC-202,91.0,6933.89,3289.75,630983.99,299367.25,331616.74,Canal Horeca
TRX-90001345,20250316,2025-03-16,PRD-04,CC-202,129.0,6467.61,2890.13,834321.69,372826.77,461494.92,Supermercados
TRX-90001346,20250317,2025-03-17,PRD-05,CC-202,236.0,9603.26,4670.93,2266369.36,1102339.48,1164029.88,Distribuidor Mayorista
TRX-90001347,20250317,2025-03-17,PRD-03,CC-203,30.0,3168.44,1552.79,95053.2,46583.7,48469.5,Exportacion Directa
TRX-90001348,20250317,2025-03-17,PRD-04,CC-203,95.0,6478.2,2727.9,615429.0,259150.5,356278.5,Exportacion Directa
TRX-90001349,20250317,2025-03-17,PRD-05,CC-202,73.0,9280.24,4636.11,677457.52,338436.03,339021.49,Distribuidor Mayorista
TRX-90001350,20250317,2025-03-17,PRD-04,CC-203,187.0,5613.65,2779.41,1049752.55,519749.67,530002.88,Exportacion Directa
TRX-90001351,20250317,2025-03-17,PRD-03,CC-202,244.0,2985.86,1592.1,728549.84,388472.4,340077.44,Distribuidor Mayorista
TRX-90001352,20250318,2025-03-18,PRD-03,CC-203,135.0,3111.38,1587.54,420036.3,214317.9,205718.4,Exportacion Directa
TRX-90001353,20250318,2025-03-18,PRD-04,CC-202,122.0,5782.76,2882.09,705496.72,351614.98,353881.74,Canal Horeca
TRX-90001354,20250318,2025-03-18,PRD-05,CC-203,245.0,8509.98,4621.67,2084945.1,1132309.15,952635.95,Exportacion Directa
TRX-90001355,20250318,2025-03-18,PRD-04,CC-202,222.0,5714.93,2938.94,1268714.46,652444.68,616269.78,Distribuidor Mayorista
TRX-90001356,20250318,2025-03-18,PRD-04,CC-203,25.0,6150.7,2859.62,153767.5,71490.5,82277.0,Exportacion Directa
TRX-90001357,20250318,2025-03-18,PRD-05,CC-202,133.0,9703.49,4746.31,1290564.17,631259.23,659304.94,Supermercados
TRX-90001358,20250319,2025-03-19,PRD-01,CC-202,103.0,6806.24,3332.74,701042.72,343272.22,357770.5,Supermercados
TRX-90001359,20250319,2025-03-19,PRD-03,CC-202,222.0,3361.09,1623.61,746161.98,360441.42,385720.56,Canal Horeca
TRX-90001360,20250319,2025-03-19,PRD-04,CC-203,173.0,6030.6,2699.41,1043293.8,466997.93,576295.87,Exportacion Directa
TRX-90001361,20250319,2025-03-19,PRD-03,CC-203,33.0,2982.96,1545.66,98437.68,51006.78,47430.9,Exportacion Directa
TRX-90001362,20250319,2025-03-19,PRD-02,CC-202,31.0,7012.31,3560.41,217381.61,110372.71,107008.9,Supermercados
TRX-90001363,20250319,2025-03-19,PRD-04,CC-203,74.0,6021.11,2896.4,445562.14,214333.6,231228.54,Exportacion Directa
TRX-90001364,20250319,2025-03-19,PRD-01,CC-202,138.0,6902.33,3085.97,952521.54,425863.86,526657.68,Supermercados
TRX-90001365,20250320,2025-03-20,PRD-05,CC-202,217.0,9415.13,4422.8,2043083.21,959747.6,1083335.61,Distribuidor Mayorista
TRX-90001366,20250320,2025-03-20,PRD-02,CC-203,75.0,7892.78,3485.11,591958.5,261383.25,330575.25,Exportacion Directa
TRX-90001367,20250320,2025-03-20,PRD-05,CC-203,54.0,8749.45,4508.28,472470.3,243447.12,229023.18,Exportacion Directa
TRX-90001368,20250321,2025-03-21,PRD-05,CC-202,154.0,9072.6,4710.72,1397180.4,725450.88,671729.52,Distribuidor Mayorista
TRX-90001369,20250321,2025-03-21,PRD-03,CC-202,205.0,3290.36,1604.08,674523.8,328836.4,345687.4,Supermercados
TRX-90001370,20250322,2025-03-22,PRD-03,CC-202,127.0,3301.99,1616.78,419352.73,205331.06,214021.67,Distribuidor Mayorista
TRX-90001371,20250322,2025-03-22,PRD-02,CC-202,198.0,7464.97,3413.13,1478064.06,675799.74,802264.32,Canal Horeca
TRX-90001372,20250322,2025-03-22,PRD-02,CC-203,247.0,7783.3,3570.24,1922475.1,881849.28,1040625.82,Exportacion Directa
TRX-90001373,20250322,2025-03-22,PRD-04,CC-203,58.0,5849.99,2853.86,339299.42,165523.88,173775.54,Exportacion Directa
TRX-90001374,20250322,2025-03-22,PRD-05,CC-203,150.0,9286.66,4604.2,1392999.0,690630.0,702369.0,Exportacion Directa
TRX-90001375,20250323,2025-03-23,PRD-05,CC-202,118.0,9490.96,4502.39,1119933.28,531282.02,588651.26,Supermercados
TRX-90001376,20250323,2025-03-23,PRD-05,CC-203,106.0,9299.44,4487.78,985740.64,475704.68,510035.96,Exportacion Directa
TRX-90001377,20250324,2025-03-24,PRD-04,CC-202,88.0,5666.18,2810.41,498623.84,247316.08,251307.76,Canal Horeca
TRX-90001378,20250324,2025-03-24,PRD-03,CC-202,33.0,3184.39,1593.48,105084.87,52584.84,52500.03,Supermercados
TRX-90001379,20250324,2025-03-24,PRD-05,CC-202,250.0,8673.3,4495.99,2168325.0,1123997.5,1044327.5,Canal Horeca
TRX-90001380,20250324,2025-03-24,PRD-05,CC-203,85.0,9600.41,4324.06,816034.85,367545.1,448489.75,Exportacion Directa
TRX-90001381,20250324,2025-03-24,PRD-03,CC-203,187.0,3223.4,1599.47,602775.8,299100.89,303674.91,Exportacion Directa
TRX-90001382,20250324,2025-03-24,PRD-02,CC-202,66.0,7093.45,3564.46,468167.7,235254.36,232913.34,Supermercados
TRX-90001383,20250325,2025-03-25,PRD-02,CC-202,112.0,7203.96,3545.82,806843.52,397131.84,409711.68,Canal Horeca
TRX-90001384,20250325,2025-03-25,PRD-03,CC-202,152.0,3060.65,1634.74,465218.8,248480.48,216738.32,Supermercados
TRX-90001385,20250325,2025-03-25,PRD-02,CC-202,76.0,7020.41,3320.99,533551.16,252395.24,281155.92,Canal Horeca
TRX-90001386,20250326,2025-03-26,PRD-02,CC-202,194.0,7556.91,3425.37,1466040.54,664521.78,801518.76,Supermercados
TRX-90001387,20250326,2025-03-26,PRD-02,CC-202,139.0,7710.12,3463.02,1071706.68,481359.78,590346.9,Supermercados
TRX-90001388,20250326,2025-03-26,PRD-04,CC-202,153.0,5787.17,2719.34,885437.01,416059.02,469377.99,Supermercados
TRX-90001389,20250326,2025-03-26,PRD-03,CC-202,149.0,3002.18,1572.98,447324.82,234374.02,212950.8,Canal Horeca
TRX-90001390,20250326,2025-03-26,PRD-03,CC-203,48.0,3242.6,1571.95,155644.8,75453.6,80191.2,Exportacion Directa
TRX-90001391,20250326,2025-03-26,PRD-03,CC-202,78.0,3092.01,1617.16,241176.78,126138.48,115038.3,Supermercados
TRX-90001392,20250327,2025-03-27,PRD-03,CC-202,253.0,3129.78,1612.78,791834.34,408033.34,383801.0,Canal Horeca
TRX-90001393,20250327,2025-03-27,PRD-02,CC-203,145.0,7867.96,3481.3,1140854.2,504788.5,636065.7,Exportacion Directa
TRX-90001394,20250327,2025-03-27,PRD-03,CC-202,242.0,3063.21,1619.48,741296.82,391914.16,349382.66,Supermercados
TRX-90001395,20250327,2025-03-27,PRD-01,CC-202,191.0,7002.89,3112.24,1337551.99,594437.84,743114.15,Supermercados
TRX-90001396,20250327,2025-03-27,PRD-01,CC-202,71.0,7178.77,3136.59,509692.67,222697.89,286994.78,Distribuidor Mayorista
TRX-90001397,20250328,2025-03-28,PRD-05,CC-202,104.0,8580.36,4622.67,892357.44,480757.68,411599.76,Canal Horeca
TRX-90001398,20250328,2025-03-28,PRD-02,CC-202,121.0,7777.59,3324.23,941088.39,402231.83,538856.56,Canal Horeca
TRX-90001399,20250328,2025-03-28,PRD-01,CC-202,212.0,7314.88,3374.28,1550754.56,715347.36,835407.2,Supermercados
TRX-90001400,20250329,2025-03-29,PRD-02,CC-202,133.0,7103.68,3546.5,944789.44,471684.5,473104.94,Canal Horeca
TRX-90001401,20250329,2025-03-29,PRD-02,CC-203,251.0,7670.0,3302.46,1925170.0,828917.46,1096252.54,Exportacion Directa
TRX-90001402,20250329,2025-03-29,PRD-02,CC-203,65.0,7832.17,3468.21,509091.05,225433.65,283657.4,Exportacion Directa
TRX-90001403,20250329,2025-03-29,PRD-03,CC-202,227.0,3329.48,1642.72,755791.96,372897.44,382894.52,Distribuidor Mayorista
TRX-90001404,20250329,2025-03-29,PRD-03,CC-202,109.0,3107.09,1561.49,338672.81,170202.41,168470.4,Distribuidor Mayorista
TRX-90001405,20250329,2025-03-29,PRD-04,CC-202,82.0,6469.8,2801.93,530523.6,229758.26,300765.34,Canal Horeca
TRX-90001406,20250329,2025-03-29,PRD-03,CC-202,32.0,3308.81,1626.72,105881.92,52055.04,53826.88,Distribuidor Mayorista
TRX-90001407,20250330,2025-03-30,PRD-04,CC-202,87.0,6180.7,2902.25,537720.9,252495.75,285225.15,Canal Horeca
TRX-90001408,20250330,2025-03-30,PRD-01,CC-203,121.0,6906.94,3360.44,835739.74,406613.24,429126.5,Exportacion Directa
TRX-90001409,20250330,2025-03-30,PRD-04,CC-202,252.0,5885.72,2931.29,1483201.44,738685.08,744516.36,Canal Horeca
TRX-90001410,20250330,2025-03-30,PRD-03,CC-202,107.0,3083.04,1639.85,329885.28,175463.95,154421.33,Distribuidor Mayorista
TRX-90001411,20250331,2025-03-31,PRD-04,CC-202,95.0,6144.7,2845.76,583746.5,270347.2,313399.3,Canal Horeca
TRX-90001412,20250331,2025-03-31,PRD-01,CC-202,79.0,7019.47,3262.88,554538.13,257767.52,296770.61,Canal Horeca
TRX-90001413,20250401,2025-04-01,PRD-03,CC-202,54.0,3050.68,1547.71,164736.72,83576.34,81160.38,Canal Horeca
TRX-90001414,20250401,2025-04-01,PRD-02,CC-202,219.0,7561.67,3474.63,1656005.73,760943.97,895061.76,Supermercados
TRX-90001415,20250402,2025-04-02,PRD-03,CC-202,22.0,3197.2,1688.24,70338.4,37141.28,33197.12,Supermercados
TRX-90001416,20250402,2025-04-02,PRD-03,CC-202,217.0,3370.12,1666.2,731316.04,361565.4,369750.64,Supermercados
TRX-90001417,20250403,2025-04-03,PRD-04,CC-202,152.0,5957.96,2850.45,905609.92,433268.4,472341.52,Supermercados
TRX-90001418,20250403,2025-04-03,PRD-03,CC-101,247.0,3227.68,1658.38,797236.96,409619.86,387617.1,Canal Horeca
TRX-90001419,20250403,2025-04-03,PRD-02,CC-203,65.0,7615.57,3588.88,495012.05,233277.2,261734.85,Exportacion Directa
TRX-90001420,20250403,2025-04-03,PRD-05,CC-202,40.0,8716.36,4323.4,348654.4,172936.0,175718.4,Distribuidor Mayorista
TRX-90001421,20250403,2025-04-03,PRD-01,CC-202,136.0,7375.99,3149.91,1003134.64,428387.76,574746.88,Supermercados
TRX-90001422,20250404,2025-04-04,PRD-05,CC-203,34.0,8718.2,4535.63,296418.8,154211.42,142207.38,Exportacion Directa
TRX-90001423,20250404,2025-04-04,PRD-03,CC-203,53.0,3022.34,1634.78,160184.02,86643.34,73540.68,Exportacion Directa
TRX-90001424,20250404,2025-04-04,PRD-05,CC-203,46.0,9696.02,4559.52,446016.92,209737.92,236279.0,Exportacion Directa
TRX-90001425,20250404,2025-04-04,PRD-05,CC-202,163.0,8574.65,4642.94,1397667.95,756799.22,640868.73,Distribuidor Mayorista
TRX-90001426,20250405,2025-04-05,PRD-01,CC-202,96.0,6881.82,3111.0,660654.72,298656.0,361998.72,Canal Horeca
TRX-90001427,20250405,2025-04-05,PRD-01,CC-202,26.0,7154.74,3130.06,186023.24,81381.56,104641.68,Distribuidor Mayorista
TRX-90001428,20250406,2025-04-06,PRD-03,CC-202,189.0,3031.13,1682.84,572883.57,318056.76,254826.81,Canal Horeca
TRX-90001429,20250406,2025-04-06,PRD-04,CC-202,215.0,5682.03,2916.41,1221636.45,627028.15,594608.3,Canal Horeca
TRX-90001430,20250407,2025-04-07,PRD-04,CC-202,125.0,5704.39,2688.72,713048.75,336090.0,376958.75,Distribuidor Mayorista
TRX-90001431,20250407,2025-04-07,PRD-03,CC-203,137.0,3184.56,1630.97,436284.72,223442.89,212841.83,Exportacion Directa
TRX-90001432,20250407,2025-04-07,PRD-02,CC-202,28.0,7538.33,3323.42,211073.24,93055.76,118017.48,Canal Horeca
TRX-90001433,20250407,2025-04-07,PRD-03,CC-202,91.0,3303.02,1625.06,300574.82,147880.46,152694.36,Canal Horeca
TRX-90001434,20250407,2025-04-07,PRD-04,CC-202,56.0,5872.32,2892.95,328849.92,162005.2,166844.72,Canal Horeca
TRX-90001435,20250407,2025-04-07,PRD-02,CC-202,79.0,7565.14,3539.24,597646.06,279599.96,318046.1,Distribuidor Mayorista
TRX-90001436,20250408,2025-04-08,PRD-03,CC-202,221.0,3155.07,1629.86,697270.47,360199.06,337071.41,Distribuidor Mayorista
TRX-90001437,20250408,2025-04-08,PRD-01,CC-202,68.0,7211.61,3348.1,490389.48,227670.8,262718.68,Canal Horeca
TRX-90001438,20250408,2025-04-08,PRD-01,CC-202,228.0,6642.01,3171.93,1514378.28,723200.04,791178.24,Distribuidor Mayorista
TRX-90001439,20250408,2025-04-08,PRD-05,CC-202,239.0,8730.26,4607.08,2086532.14,1101092.12,985440.02,Supermercados
TRX-90001440,20250408,2025-04-08,PRD-02,CC-202,97.0,7522.58,3283.87,729690.26,318535.39,411154.87,Distribuidor Mayorista
TRX-90001441,20250409,2025-04-09,PRD-01,CC-202,83.0,6599.17,3294.45,547731.11,273439.35,274291.76,Canal Horeca
TRX-90001442,20250409,2025-04-09,PRD-04,CC-203,61.0,5983.96,2888.93,365021.56,176224.73,188796.83,Exportacion Directa
TRX-90001443,20250409,2025-04-09,PRD-02,CC-202,222.0,7910.56,3307.65,1756144.32,734298.3,1021846.02,Supermercados
TRX-90001444,20250410,2025-04-10,PRD-03,CC-203,237.0,3101.81,1680.88,735128.97,398368.56,336760.41,Exportacion Directa
TRX-90001445,20250410,2025-04-10,PRD-02,CC-202,257.0,7126.09,3483.4,1831405.13,895233.8,936171.33,Distribuidor Mayorista
TRX-90001446,20250410,2025-04-10,PRD-04,CC-203,150.0,5960.05,2790.75,894007.5,418612.5,475395.0,Exportacion Directa
TRX-90001447,20250410,2025-04-10,PRD-04,CC-101,188.0,6151.18,2811.87,1156421.84,528631.56,627790.28,Distribuidor Mayorista
TRX-90001448,20250410,2025-04-10,PRD-01,CC-202,207.0,7276.36,3146.79,1506206.52,651385.53,854820.99,Supermercados
TRX-90001449,20250411,2025-04-11,PRD-02,CC-202,219.0,7542.95,3445.21,1651906.05,754500.99,897405.06,Supermercados
TRX-90001450,20250411,2025-04-11,PRD-05,CC-202,105.0,9348.77,4767.36,981620.85,500572.8,481048.05,Supermercados
TRX-90001451,20250411,2025-04-11,PRD-05,CC-202,121.0,9199.64,4648.79,1113156.44,562503.59,550652.85,Supermercados
TRX-90001452,20250411,2025-04-11,PRD-05,CC-202,135.0,8535.29,4573.03,1152264.15,617359.05,534905.1,Distribuidor Mayorista
TRX-90001453,20250411,2025-04-11,PRD-05,CC-202,216.0,8689.03,4630.5,1876830.48,1000188.0,876642.48,Distribuidor Mayorista
TRX-90001454,20250411,2025-04-11,PRD-05,CC-202,125.0,8584.06,4522.67,1073007.5,565333.75,507673.75,Canal Horeca
TRX-90001455,20250411,2025-04-11,PRD-02,CC-202,31.0,7215.38,3490.07,223676.78,108192.17,115484.61,Distribuidor Mayorista
TRX-90001456,20250412,2025-04-12,PRD-02,CC-202,163.0,7253.13,3304.74,1182260.19,538672.62,643587.57,Distribuidor Mayorista
TRX-90001457,20250412,2025-04-12,PRD-03,CC-202,137.0,3406.5,1684.32,466690.5,230751.84,235938.66,Canal Horeca
TRX-90001458,20250412,2025-04-12,PRD-04,CC-202,84.0,6350.2,2833.87,533416.8,238045.08,295371.72,Distribuidor Mayorista
TRX-90001459,20250412,2025-04-12,PRD-02,CC-202,169.0,6936.25,3520.79,1172226.25,595013.51,577212.74,Distribuidor Mayorista
TRX-90001460,20250413,2025-04-13,PRD-01,CC-203,35.0,6976.98,3122.98,244194.3,109304.3,134890.0,Exportacion Directa
TRX-90001461,20250413,2025-04-13,PRD-05,CC-202,55.0,8859.68,4438.4,487282.4,244112.0,243170.4,Distribuidor Mayorista
TRX-90001462,20250413,2025-04-13,PRD-02,CC-202,124.0,6934.65,3582.57,859896.6,444238.68,415657.92,Canal Horeca
TRX-90001463,20250413,2025-04-13,PRD-03,CC-202,212.0,3087.07,1599.52,654458.84,339098.24,315360.6,Canal Horeca
TRX-90001464,20250413,2025-04-13,PRD-01,CC-202,173.0,7072.61,3237.02,1223561.53,560004.46,663557.07,Canal Horeca
TRX-90001465,20250413,2025-04-13,PRD-04,CC-202,169.0,6044.81,2965.8,1021572.89,501220.2,520352.69,Supermercados
TRX-90001466,20250414,2025-04-14,PRD-05,CC-101,253.0,9124.04,4498.73,2308382.12,1138178.69,1170203.43,Distribuidor Mayorista
TRX-90001467,20250414,2025-04-14,PRD-03,CC-202,101.0,3237.0,1643.89,326937.0,166032.89,160904.11,Canal Horeca
TRX-90001468,20250414,2025-04-14,PRD-02,CC-202,177.0,7619.14,3312.03,1348587.78,586229.31,762358.47,Canal Horeca
TRX-90001469,20250414,2025-04-14,PRD-04,CC-203,199.0,6329.58,2778.31,1259586.42,552883.69,706702.73,Exportacion Directa
TRX-90001470,20250414,2025-04-14,PRD-02,CC-202,85.0,7006.09,3340.03,595517.65,283902.55,311615.1,Supermercados
TRX-90001471,20250415,2025-04-15,PRD-05,CC-203,229.0,9310.7,4690.12,2132150.3,1074037.48,1058112.82,Exportacion Directa
TRX-90001472,20250415,2025-04-15,PRD-05,CC-202,73.0,8873.83,4592.87,647789.59,335279.51,312510.08,Distribuidor Mayorista
TRX-90001473,20250415,2025-04-15,PRD-04,CC-202,129.0,6399.96,2920.21,825594.84,376707.09,448887.75,Supermercados
TRX-90001474,20250415,2025-04-15,PRD-01,CC-203,246.0,6866.64,3118.84,1689193.44,767234.64,921958.8,Exportacion Directa
TRX-90001475,20250415,2025-04-15,PRD-01,CC-203,155.0,6947.8,3233.95,1076909.0,501262.25,575646.75,Exportacion Directa
TRX-90001476,20250416,2025-04-16,PRD-02,CC-202,192.0,7433.49,3592.38,1427230.08,689736.96,737493.12,Canal Horeca
TRX-90001477,20250416,2025-04-16,PRD-05,CC-203,111.0,8871.27,4547.76,984710.97,504801.36,479909.61,Exportacion Directa
TRX-90001478,20250416,2025-04-16,PRD-05,CC-203,240.0,8596.06,4608.37,2063054.4,1106008.8,957045.6,Exportacion Directa
TRX-90001479,20250416,2025-04-16,PRD-05,CC-202,62.0,9282.15,4612.59,575493.3,285980.58,289512.72,Distribuidor Mayorista
TRX-90001480,20250416,2025-04-16,PRD-02,CC-202,50.0,6906.26,3529.46,345313.0,176473.0,168840.0,Distribuidor Mayorista
TRX-90001481,20250417,2025-04-17,PRD-02,CC-202,149.0,7363.37,3520.45,1097142.13,524547.05,572595.08,Supermercados
TRX-90001482,20250417,2025-04-17,PRD-04,CC-203,75.0,5868.16,2808.49,440112.0,210636.75,229475.25,Exportacion Directa
TRX-90001483,20250418,2025-04-18,PRD-05,CC-203,168.0,8617.05,4456.47,1447664.4,748686.96,698977.44,Exportacion Directa
TRX-90001484,20250418,2025-04-18,PRD-01,CC-202,99.0,7165.45,3269.78,709379.55,323708.22,385671.33,Canal Horeca
TRX-90001485,20250418,2025-04-18,PRD-03,CC-203,122.0,3051.44,1573.22,372275.68,191932.84,180342.84,Exportacion Directa
TRX-90001486,20250418,2025-04-18,PRD-02,CC-203,71.0,7548.18,3552.33,535920.78,252215.43,283705.35,Exportacion Directa
TRX-90001487,20250419,2025-04-19,PRD-01,CC-202,210.0,6918.78,3134.28,1452943.8,658198.8,794745.0,Supermercados
TRX-90001488,20250419,2025-04-19,PRD-03,CC-203,174.0,3137.57,1668.41,545937.18,290303.34,255633.84,Exportacion Directa
TRX-90001489,20250419,2025-04-19,PRD-02,CC-203,105.0,7880.93,3348.52,827497.65,351594.6,475903.05,Exportacion Directa
TRX-90001490,20250419,2025-04-19,PRD-02,CC-202,168.0,6860.73,3352.34,1152602.64,563193.12,589409.52,Distribuidor Mayorista
TRX-90001491,20250419,2025-04-19,PRD-01,CC-202,234.0,6599.85,3243.3,1544364.9,758932.2,785432.7,Distribuidor Mayorista
TRX-90001492,20250420,2025-04-20,PRD-02,CC-202,232.0,7741.05,3477.96,1795923.6,806886.72,989036.88,Distribuidor Mayorista
TRX-90001493,20250420,2025-04-20,PRD-02,CC-202,248.0,7876.34,3429.87,1953332.32,850607.76,1102724.56,Supermercados
TRX-90001494,20250420,2025-04-20,PRD-01,CC-202,207.0,7119.01,3231.79,1473635.07,668980.53,804654.54,Supermercados
TRX-90001495,20250420,2025-04-20,PRD-05,CC-202,215.0,9609.32,4429.57,2066003.8,952357.55,1113646.25,Supermercados
TRX-90001496,20250420,2025-04-20,PRD-03,CC-203,251.0,3321.97,1634.25,833814.47,410196.75,423617.72,Exportacion Directa
TRX-90001497,20250420,2025-04-20,PRD-02,CC-101,185.0,7263.79,3589.12,1343801.15,663987.2,679813.95,Distribuidor Mayorista
TRX-90001498,20250421,2025-04-21,PRD-04,CC-202,211.0,6301.41,2776.31,1329597.51,585801.41,743796.1,Distribuidor Mayorista
TRX-90001499,20250421,2025-04-21,PRD-05,CC-202,149.0,9039.2,4434.6,1346840.8,660755.4,686085.4,Supermercados
TRX-90001500,20250422,2025-04-22,PRD-02,CC-202,77.0,7113.3,3529.6,547724.1,271779.2,275944.9,Supermercados
TRX-90001501,20250422,2025-04-22,PRD-01,CC-202,222.0,6965.36,3195.63,1546309.92,709429.86,836880.06,Supermercados
TRX-90001502,20250422,2025-04-22,PRD-04,CC-202,219.0,5805.86,2937.03,1271483.34,643209.57,628273.77,Supermercados
TRX-90001503,20250423,2025-04-23,PRD-03,CC-202,230.0,2994.15,1694.12,688654.5,389647.6,299006.9,Distribuidor Mayorista
TRX-90001504,20250423,2025-04-23,PRD-03,CC-202,120.0,2967.24,1542.08,356068.8,185049.6,171019.2,Canal Horeca
TRX-90001505,20250423,2025-04-23,PRD-04,CC-202,62.0,6188.25,2912.6,383671.5,180581.2,203090.3,Canal Horeca
TRX-90001506,20250423,2025-04-23,PRD-02,CC-203,171.0,6878.42,3436.92,1176209.82,587713.32,588496.5,Exportacion Directa
TRX-90001507,20250423,2025-04-23,PRD-05,CC-202,77.0,9071.7,4766.21,698520.9,366998.17,331522.73,Supermercados
TRX-90001508,20250423,2025-04-23,PRD-05,CC-202,230.0,9337.93,4403.34,2147723.9,1012768.2,1134955.7,Supermercados
TRX-90001509,20250424,2025-04-24,PRD-04,CC-202,24.0,6091.41,2920.55,146193.84,70093.2,76100.64,Supermercados
TRX-90001510,20250424,2025-04-24,PRD-01,CC-202,83.0,6892.78,3098.44,572100.74,257170.52,314930.22,Canal Horeca
TRX-90001511,20250424,2025-04-24,PRD-04,CC-202,239.0,6400.53,2907.1,1529726.67,694796.9,834929.77,Supermercados
TRX-90001512,20250425,2025-04-25,PRD-03,CC-203,92.0,3122.6,1568.91,287279.2,144339.72,142939.48,Exportacion Directa
TRX-90001513,20250425,2025-04-25,PRD-04,CC-202,55.0,6149.29,2904.9,338210.95,159769.5,178441.45,Distribuidor Mayorista
TRX-90001514,20250426,2025-04-26,PRD-03,CC-202,141.0,3167.39,1679.33,446601.99,236785.53,209816.46,Distribuidor Mayorista
TRX-90001515,20250426,2025-04-26,PRD-02,CC-203,168.0,6975.25,3425.27,1171842.0,575445.36,596396.64,Exportacion Directa
TRX-90001516,20250427,2025-04-27,PRD-01,CC-202,32.0,7054.07,3311.38,225730.24,105964.16,119766.08,Distribuidor Mayorista
TRX-90001517,20250427,2025-04-27,PRD-01,CC-202,51.0,7129.61,3112.99,363610.11,158762.49,204847.62,Distribuidor Mayorista
TRX-90001518,20250427,2025-04-27,PRD-04,CC-202,36.0,6426.35,2750.89,231348.6,99032.04,132316.56,Supermercados
TRX-90001519,20250427,2025-04-27,PRD-04,CC-202,251.0,5987.39,2811.03,1502834.89,705568.53,797266.36,Supermercados
TRX-90001520,20250427,2025-04-27,PRD-03,CC-202,133.0,3383.53,1574.51,450009.49,209409.83,240599.66,Distribuidor Mayorista
TRX-90001521,20250427,2025-04-27,PRD-02,CC-202,191.0,7053.27,3565.55,1347174.57,681020.05,666154.52,Distribuidor Mayorista
TRX-90001522,20250427,2025-04-27,PRD-01,CC-202,246.0,7144.88,3173.42,1757640.48,780661.32,976979.16,Supermercados
TRX-90001523,20250428,2025-04-28,PRD-01,CC-202,31.0,7397.31,3152.72,229316.61,97734.32,131582.29,Canal Horeca
TRX-90001524,20250428,2025-04-28,PRD-04,CC-202,168.0,6470.88,2897.49,1087107.84,486778.32,600329.52,Distribuidor Mayorista
TRX-90001525,20250429,2025-04-29,PRD-05,CC-202,243.0,8691.87,4565.26,2112124.41,1109358.18,1002766.23,Distribuidor Mayorista
TRX-90001526,20250429,2025-04-29,PRD-03,CC-202,108.0,3380.89,1542.91,365136.12,166634.28,198501.84,Canal Horeca
TRX-90001527,20250429,2025-04-29,PRD-03,CC-202,21.0,3006.25,1652.16,63131.25,34695.36,28435.89,Supermercados
TRX-90001528,20250429,2025-04-29,PRD-03,CC-202,69.0,3044.28,1616.94,210055.32,111568.86,98486.46,Canal Horeca
TRX-90001529,20250429,2025-04-29,PRD-05,CC-202,63.0,9433.29,4564.01,594297.27,287532.63,306764.64,Distribuidor Mayorista
TRX-90001530,20250430,2025-04-30,PRD-03,CC-203,210.0,2994.26,1560.25,628794.6,327652.5,301142.1,Exportacion Directa
TRX-90001531,20250430,2025-04-30,PRD-02,CC-202,58.0,7463.35,3562.23,432874.3,206609.34,226264.96,Supermercados
TRX-90001532,20250430,2025-04-30,PRD-01,CC-202,130.0,6624.07,3250.57,861129.1,422574.1,438555.0,Canal Horeca
TRX-90001533,20250430,2025-04-30,PRD-04,CC-202,148.0,6261.42,2934.81,926690.16,434351.88,492338.28,Supermercados
TRX-90001534,20250501,2025-05-01,PRD-02,CC-203,243.0,7790.2,3487.57,1893018.6,847479.51,1045539.09,Exportacion Directa
TRX-90001535,20250501,2025-05-01,PRD-04,CC-202,29.0,6261.98,2916.23,181597.42,84570.67,97026.75,Canal Horeca
TRX-90001536,20250501,2025-05-01,PRD-01,CC-203,174.0,7161.64,3192.08,1246125.36,555421.92,690703.44,Exportacion Directa
TRX-90001537,20250501,2025-05-01,PRD-03,CC-202,183.0,2947.43,1657.76,539379.69,303370.08,236009.61,Canal Horeca
TRX-90001538,20250502,2025-05-02,PRD-04,CC-202,225.0,5784.2,2956.26,1301445.0,665158.5,636286.5,Canal Horeca
TRX-90001539,20250502,2025-05-02,PRD-01,CC-202,94.0,7231.39,3341.43,679750.66,314094.42,365656.24,Distribuidor Mayorista
TRX-90001540,20250503,2025-05-03,PRD-04,CC-203,120.0,5715.37,2795.91,685844.4,335509.2,350335.2,Exportacion Directa
TRX-90001541,20250503,2025-05-03,PRD-01,CC-203,39.0,7256.01,3141.51,282984.39,122518.89,160465.5,Exportacion Directa
TRX-90001542,20250503,2025-05-03,PRD-03,CC-202,56.0,3253.31,1536.3,182185.36,86032.8,96152.56,Supermercados
TRX-90001543,20250503,2025-05-03,PRD-05,CC-203,168.0,8493.81,4395.1,1426960.08,738376.8,688583.28,Exportacion Directa
TRX-90001544,20250504,2025-05-04,PRD-05,CC-202,36.0,9240.25,4536.44,332649.0,163311.84,169337.16,Canal Horeca
TRX-90001545,20250504,2025-05-04,PRD-01,CC-101,22.0,6526.15,3257.59,143575.3,71666.98,71908.32,Exportacion Directa
TRX-90001546,20250504,2025-05-04,PRD-05,CC-202,139.0,9260.66,4624.41,1287231.74,642792.99,644438.75,Supermercados
TRX-90001547,20250504,2025-05-04,PRD-03,CC-202,166.0,3070.47,1668.01,509698.02,276889.66,232808.36,Canal Horeca
TRX-90001548,20250504,2025-05-04,PRD-03,CC-101,82.0,2980.83,1545.37,244428.06,126720.34,117707.72,Canal Horeca
TRX-90001549,20250505,2025-05-05,PRD-03,CC-202,49.0,3401.62,1569.57,166679.38,76908.93,89770.45,Supermercados
TRX-90001550,20250505,2025-05-05,PRD-04,CC-203,211.0,6065.46,2792.57,1279812.06,589232.27,690579.79,Exportacion Directa
TRX-90001551,20250505,2025-05-05,PRD-02,CC-202,202.0,7634.35,3344.19,1542138.7,675526.38,866612.32,Distribuidor Mayorista
TRX-90001552,20250505,2025-05-05,PRD-01,CC-202,239.0,7210.38,3391.47,1723280.82,810561.33,912719.49,Canal Horeca
TRX-90001553,20250505,2025-05-05,PRD-04,CC-202,180.0,5977.8,2866.13,1076004.0,515903.4,560100.6,Canal Horeca
TRX-90001554,20250506,2025-05-06,PRD-05,CC-202,162.0,9002.22,4697.91,1458359.64,761061.42,697298.22,Distribuidor Mayorista
TRX-90001555,20250506,2025-05-06,PRD-05,CC-203,122.0,9218.45,4584.5,1124650.9,559309.0,565341.9,Exportacion Directa
TRX-90001556,20250506,2025-05-06,PRD-04,CC-202,69.0,5751.29,2884.07,396839.01,199000.83,197838.18,Supermercados
TRX-90001557,20250506,2025-05-06,PRD-05,CC-202,137.0,8819.55,4553.14,1208278.35,623780.18,584498.17,Supermercados
TRX-90001558,20250507,2025-05-07,PRD-02,CC-202,166.0,7120.04,3410.08,1181926.64,566073.28,615853.36,Supermercados
TRX-90001559,20250507,2025-05-07,PRD-05,CC-202,112.0,9071.41,4536.41,1015997.92,508077.92,507920.0,Supermercados
TRX-90001560,20250507,2025-05-07,PRD-05,CC-101,93.0,9706.37,4637.71,902692.41,431307.03,471385.38,Exportacion Directa
TRX-90001561,20250507,2025-05-07,PRD-01,CC-202,23.0,6510.84,3361.25,149749.32,77308.75,72440.57,Distribuidor Mayorista
TRX-90001562,20250508,2025-05-08,PRD-02,CC-202,43.0,7627.87,3524.27,327998.41,151543.61,176454.8,Supermercados
TRX-90001563,20250508,2025-05-08,PRD-01,CC-202,79.0,6593.98,3199.63,520924.42,252770.77,268153.65,Distribuidor Mayorista
TRX-90001564,20250509,2025-05-09,PRD-01,CC-203,55.0,6473.67,3162.48,356051.85,173936.4,182115.45,Exportacion Directa
TRX-90001565,20250509,2025-05-09,PRD-01,CC-202,177.0,6497.01,3160.23,1149970.77,559360.71,590610.06,Distribuidor Mayorista
TRX-90001566,20250510,2025-05-10,PRD-03,CC-202,139.0,3398.3,1595.39,472363.7,221759.21,250604.49,Distribuidor Mayorista
TRX-90001567,20250510,2025-05-10,PRD-01,CC-202,125.0,7321.69,3157.8,915211.25,394725.0,520486.25,Distribuidor Mayorista
TRX-90001568,20250510,2025-05-10,PRD-04,CC-202,64.0,6359.98,2701.02,407038.72,172865.28,234173.44,Supermercados
TRX-90001569,20250510,2025-05-10,PRD-04,CC-202,126.0,5728.23,2837.08,721756.98,357472.08,364284.9,Canal Horeca
TRX-90001570,20250510,2025-05-10,PRD-04,CC-202,238.0,5912.4,2939.95,1407151.2,699708.1,707443.1,Supermercados
TRX-90001571,20250510,2025-05-10,PRD-05,CC-202,179.0,9341.16,4753.53,1672067.64,850881.87,821185.77,Distribuidor Mayorista
TRX-90001572,20250510,2025-05-10,PRD-02,CC-202,195.0,7851.77,3281.77,1531095.15,639945.15,891150.0,Supermercados
TRX-90001573,20250511,2025-05-11,PRD-05,CC-202,76.0,9115.13,4760.8,692749.88,361820.8,330929.08,Canal Horeca
TRX-90001574,20250511,2025-05-11,PRD-01,CC-203,150.0,7199.66,3133.18,1079949.0,469977.0,609972.0,Exportacion Directa
TRX-90001575,20250511,2025-05-11,PRD-01,CC-202,166.0,6774.87,3375.05,1124628.42,560258.3,564370.12,Supermercados
TRX-90001576,20250511,2025-05-11,PRD-02,CC-202,208.0,6963.22,3315.42,1448349.76,689607.36,758742.4,Canal Horeca
TRX-90001577,20250511,2025-05-11,PRD-01,CC-202,146.0,6715.99,3344.2,980534.54,488253.2,492281.34,Distribuidor Mayorista
TRX-90001578,20250511,2025-05-11,PRD-01,CC-202,100.0,7460.13,3144.77,746013.0,314477.0,431536.0,Canal Horeca
TRX-90001579,20250511,2025-05-11,PRD-02,CC-202,205.0,7425.95,3533.18,1522319.75,724301.9,798017.85,Canal Horeca
TRX-90001580,20250512,2025-05-12,PRD-04,CC-203,117.0,5677.33,2816.32,664247.61,329509.44,334738.17,Exportacion Directa
TRX-90001581,20250512,2025-05-12,PRD-05,CC-202,93.0,8676.31,4745.56,806896.83,441337.08,365559.75,Canal Horeca
TRX-90001582,20250513,2025-05-13,PRD-03,CC-202,85.0,2990.37,1673.92,254181.45,142283.2,111898.25,Canal Horeca
TRX-90001583,20250513,2025-05-13,PRD-04,CC-202,105.0,5862.17,2908.35,615527.85,305376.75,310151.1,Distribuidor Mayorista
TRX-90001584,20250514,2025-05-14,PRD-02,CC-202,78.0,7335.98,3281.67,572206.44,255970.26,316236.18,Supermercados
TRX-90001585,20250514,2025-05-14,PRD-01,CC-202,211.0,6806.57,3351.08,1436186.27,707077.88,729108.39,Canal Horeca
TRX-90001586,20250514,2025-05-14,PRD-03,CC-202,146.0,3297.67,1656.66,481459.82,241872.36,239587.46,Supermercados
TRX-90001587,20250514,2025-05-14,PRD-02,CC-202,139.0,6976.35,3488.27,969712.65,484869.53,484843.12,Distribuidor Mayorista
TRX-90001588,20250514,2025-05-14,PRD-05,CC-202,33.0,8773.79,4523.06,289535.07,149260.98,140274.09,Canal Horeca
TRX-90001589,20250515,2025-05-15,PRD-02,CC-203,132.0,6869.34,3286.17,906752.88,433774.44,472978.44,Exportacion Directa
TRX-90001590,20250515,2025-05-15,PRD-01,CC-202,219.0,6748.08,3197.03,1477829.52,700149.57,777679.95,Canal Horeca
TRX-90001591,20250515,2025-05-15,PRD-05,CC-202,25.0,8951.53,4523.26,223788.25,113081.5,110706.75,Supermercados
TRX-90001592,20250516,2025-05-16,PRD-02,CC-203,216.0,7881.63,3333.28,1702432.08,719988.48,982443.6,Exportacion Directa
TRX-90001593,20250516,2025-05-16,PRD-04,CC-203,27.0,5859.12,2910.0,158196.24,78570.0,79626.24,Exportacion Directa
TRX-90001594,20250516,2025-05-16,PRD-05,CC-202,248.0,9302.17,4679.06,2306938.16,1160406.88,1146531.28,Supermercados
TRX-90001595,20250516,2025-05-16,PRD-03,CC-202,162.0,3370.52,1621.28,546024.24,262647.36,283376.88,Canal Horeca
TRX-90001596,20250517,2025-05-17,PRD-05,CC-202,231.0,9199.69,4394.72,2125128.39,1015180.32,1109948.07,Canal Horeca
TRX-90001597,20250517,2025-05-17,PRD-02,CC-203,150.0,7232.15,3569.04,1084822.5,535356.0,549466.5,Exportacion Directa
TRX-90001598,20250517,2025-05-17,PRD-02,CC-202,59.0,7387.62,3467.36,435869.58,204574.24,231295.34,Canal Horeca
TRX-90001599,20250517,2025-05-17,PRD-05,CC-203,120.0,9433.07,4689.17,1131968.4,562700.4,569268.0,Exportacion Directa
TRX-90001600,20250517,2025-05-17,PRD-04,CC-202,23.0,6311.76,2958.97,145170.48,68056.31,77114.17,Canal Horeca
TRX-90001601,20250518,2025-05-18,PRD-02,CC-202,31.0,7638.91,3372.69,236806.21,104553.39,132252.82,Distribuidor Mayorista
TRX-90001602,20250518,2025-05-18,PRD-01,CC-202,82.0,6955.07,3111.18,570315.74,255116.76,315198.98,Supermercados
TRX-90001603,20250519,2025-05-19,PRD-03,CC-202,181.0,3022.17,1677.11,547012.77,303556.91,243455.86,Distribuidor Mayorista
TRX-90001604,20250519,2025-05-19,PRD-05,CC-203,78.0,8671.58,4325.67,676383.24,337402.26,338980.98,Exportacion Directa
TRX-90001605,20250519,2025-05-19,PRD-04,CC-202,150.0,6071.75,2889.42,910762.5,433413.0,477349.5,Canal Horeca
TRX-90001606,20250519,2025-05-19,PRD-02,CC-202,173.0,6925.76,3512.71,1198156.48,607698.83,590457.65,Supermercados
TRX-90001607,20250519,2025-05-19,PRD-05,CC-202,240.0,8850.81,4733.19,2124194.4,1135965.6,988228.8,Distribuidor Mayorista
TRX-90001608,20250519,2025-05-19,PRD-04,CC-202,230.0,6277.23,2964.66,1443762.9,681871.8,761891.1,Distribuidor Mayorista
TRX-90001609,20250520,2025-05-20,PRD-05,CC-202,127.0,8874.27,4434.44,1127032.29,563173.88,563858.41,Distribuidor Mayorista
TRX-90001610,20250520,2025-05-20,PRD-01,CC-202,150.0,7357.42,3240.14,1103613.0,486021.0,617592.0,Supermercados
TRX-90001611,20250520,2025-05-20,PRD-03,CC-202,40.0,2997.52,1549.95,119900.8,61998.0,57902.8,Distribuidor Mayorista
TRX-90001612,20250520,2025-05-20,PRD-02,CC-202,232.0,7293.73,3571.82,1692145.36,828662.24,863483.12,Distribuidor Mayorista
TRX-90001613,20250520,2025-05-20,PRD-02,CC-203,101.0,7648.73,3485.39,772521.73,352024.39,420497.34,Exportacion Directa
TRX-90001614,20250521,2025-05-21,PRD-04,CC-202,36.0,6349.68,2819.96,228588.48,101518.56,127069.92,Canal Horeca
TRX-90001615,20250521,2025-05-21,PRD-02,CC-202,110.0,7524.87,3306.93,827735.7,363762.3,463973.4,Canal Horeca
TRX-90001616,20250521,2025-05-21,PRD-01,CC-101,181.0,6791.61,3291.62,1229281.41,595783.22,633498.19,Distribuidor Mayorista
TRX-90001617,20250521,2025-05-21,PRD-05,CC-202,66.0,8688.47,4705.08,573439.02,310535.28,262903.74,Supermercados
TRX-90001618,20250521,2025-05-21,PRD-04,CC-202,219.0,5669.31,2709.58,1241578.89,593398.02,648180.87,Canal Horeca
TRX-90001619,20250521,2025-05-21,PRD-03,CC-203,23.0,3347.87,1570.48,77001.01,36121.04,40879.97,Exportacion Directa
TRX-90001620,20250521,2025-05-21,PRD-05,CC-202,210.0,8546.45,4663.42,1794754.5,979318.2,815436.3,Canal Horeca
TRX-90001621,20250522,2025-05-22,PRD-04,CC-202,161.0,6404.69,2753.17,1031155.09,443260.37,587894.72,Canal Horeca
TRX-90001622,20250522,2025-05-22,PRD-05,CC-202,118.0,8533.89,4724.48,1006999.02,557488.64,449510.38,Supermercados
TRX-90001623,20250522,2025-05-22,PRD-02,CC-203,153.0,7564.39,3454.55,1157351.67,528546.15,628805.52,Exportacion Directa
TRX-90001624,20250522,2025-05-22,PRD-02,CC-202,117.0,7322.82,3420.52,856769.94,400200.84,456569.1,Distribuidor Mayorista
TRX-90001625,20250522,2025-05-22,PRD-05,CC-202,91.0,8627.01,4505.74,785057.91,410022.34,375035.57,Supermercados
TRX-90001626,20250523,2025-05-23,PRD-02,CC-202,103.0,6859.44,3407.29,706522.32,350950.87,355571.45,Canal Horeca
TRX-90001627,20250523,2025-05-23,PRD-01,CC-202,173.0,7445.57,3112.79,1288083.61,538512.67,749570.94,Supermercados
TRX-90001628,20250523,2025-05-23,PRD-04,CC-202,129.0,6411.03,2899.11,827022.87,373985.19,453037.68,Supermercados
TRX-90001629,20250523,2025-05-23,PRD-04,CC-202,47.0,5620.94,2957.59,264184.18,139006.73,125177.45,Canal Horeca
TRX-90001630,20250524,2025-05-24,PRD-02,CC-202,143.0,7735.75,3359.72,1106212.25,480439.96,625772.29,Distribuidor Mayorista
TRX-90001631,20250524,2025-05-24,PRD-02,CC-202,161.0,7075.92,3304.88,1139223.12,532085.68,607137.44,Supermercados
TRX-90001632,20250524,2025-05-24,PRD-05,CC-202,187.0,8806.53,4340.76,1646821.11,811722.12,835098.99,Canal Horeca
TRX-90001633,20250524,2025-05-24,PRD-03,CC-202,139.0,3076.98,1667.93,427700.22,231842.27,195857.95,Distribuidor Mayorista
TRX-90001634,20250525,2025-05-25,PRD-05,CC-202,206.0,9429.88,4589.46,1942555.28,945428.76,997126.52,Supermercados
TRX-90001635,20250525,2025-05-25,PRD-03,CC-202,239.0,3341.3,1642.85,798570.7,392641.15,405929.55,Supermercados
TRX-90001636,20250526,2025-05-26,PRD-04,CC-203,188.0,6480.29,2863.33,1218294.52,538306.04,679988.48,Exportacion Directa
TRX-90001637,20250526,2025-05-26,PRD-04,CC-202,240.0,6346.76,2767.88,1523222.4,664291.2,858931.2,Canal Horeca
TRX-90001638,20250526,2025-05-26,PRD-02,CC-101,54.0,7129.2,3532.31,384976.8,190744.74,194232.06,Exportacion Directa
TRX-90001639,20250526,2025-05-26,PRD-02,CC-202,168.0,6908.73,3546.67,1160666.64,595840.56,564826.08,Canal Horeca
TRX-90001640,20250526,2025-05-26,PRD-04,CC-202,191.0,5706.72,2714.28,1089983.52,518427.48,571556.04,Supermercados
TRX-90001641,20250526,2025-05-26,PRD-04,CC-202,87.0,6373.67,2706.11,554509.29,235431.57,319077.72,Distribuidor Mayorista
TRX-90001642,20250526,2025-05-26,PRD-02,CC-202,84.0,6867.15,3500.11,576840.6,294009.24,282831.36,Supermercados
TRX-90001643,20250527,2025-05-27,PRD-04,CC-101,201.0,5989.62,2904.69,1203913.62,583842.69,620070.93,Canal Horeca
TRX-90001644,20250527,2025-05-27,PRD-03,CC-202,166.0,3360.02,1606.94,557763.32,266752.04,291011.28,Supermercados
TRX-90001645,20250527,2025-05-27,PRD-04,CC-202,40.0,6163.71,2853.68,246548.4,114147.2,132401.2,Supermercados
TRX-90001646,20250527,2025-05-27,PRD-04,CC-202,198.0,5815.13,2831.46,1151395.74,560629.08,590766.66,Canal Horeca
TRX-90001647,20250527,2025-05-27,PRD-04,CC-203,23.0,5945.29,2824.55,136741.67,64964.65,71777.02,Exportacion Directa
TRX-90001648,20250528,2025-05-28,PRD-04,CC-202,213.0,5845.34,2820.41,1245057.42,600747.33,644310.09,Canal Horeca
TRX-90001649,20250528,2025-05-28,PRD-02,CC-203,20.0,7130.48,3402.37,142609.6,68047.4,74562.2,Exportacion Directa
TRX-90001650,20250528,2025-05-28,PRD-02,CC-202,172.0,6843.15,3277.52,1177021.8,563733.44,613288.36,Supermercados
TRX-90001651,20250528,2025-05-28,PRD-05,CC-202,237.0,9666.35,4427.49,2290924.95,1049315.13,1241609.82,Canal Horeca
TRX-90001652,20250528,2025-05-28,PRD-02,CC-202,212.0,7326.5,3424.81,1553218.0,726059.72,827158.28,Distribuidor Mayorista
TRX-90001653,20250529,2025-05-29,PRD-04,CC-202,54.0,6001.01,2820.8,324054.54,152323.2,171731.34,Supermercados
TRX-90001654,20250529,2025-05-29,PRD-04,CC-202,160.0,6080.25,2927.16,972840.0,468345.6,504494.4,Distribuidor Mayorista
TRX-90001655,20250529,2025-05-29,PRD-04,CC-202,209.0,6342.49,2924.3,1325580.41,611178.7,714401.71,Supermercados
TRX-90001656,20250529,2025-05-29,PRD-03,CC-203,109.0,3160.23,1606.17,344465.07,175072.53,169392.54,Exportacion Directa
TRX-90001657,20250529,2025-05-29,PRD-05,CC-202,126.0,8514.26,4445.02,1072796.76,560072.52,512724.24,Distribuidor Mayorista
TRX-90001658,20250529,2025-05-29,PRD-04,CC-203,56.0,5856.84,2917.1,327983.04,163357.6,164625.44,Exportacion Directa
TRX-90001659,20250529,2025-05-29,PRD-03,CC-203,70.0,3354.14,1627.96,234789.8,113957.2,120832.6,Exportacion Directa
TRX-90001660,20250530,2025-05-30,PRD-03,CC-202,211.0,3271.55,1694.85,690297.05,357613.35,332683.7,Supermercados
TRX-90001661,20250530,2025-05-30,PRD-03,CC-202,146.0,3072.75,1599.13,448621.5,233472.98,215148.52,Supermercados
TRX-90001662,20250530,2025-05-30,PRD-02,CC-202,38.0,7283.9,3572.59,276788.2,135758.42,141029.78,Distribuidor Mayorista
TRX-90001663,20250530,2025-05-30,PRD-02,CC-203,31.0,7568.58,3364.89,234625.98,104311.59,130314.39,Exportacion Directa
TRX-90001664,20250530,2025-05-30,PRD-05,CC-202,122.0,9728.63,4644.63,1186892.86,566644.86,620248.0,Canal Horeca
TRX-90001665,20250530,2025-05-30,PRD-03,CC-202,110.0,2945.98,1650.81,324057.8,181589.1,142468.7,Distribuidor Mayorista
TRX-90001666,20250531,2025-05-31,PRD-02,CC-203,194.0,7781.33,3351.28,1509578.02,650148.32,859429.7,Exportacion Directa
TRX-90001667,20250531,2025-05-31,PRD-01,CC-202,241.0,7276.36,3284.05,1753602.76,791456.05,962146.71,Supermercados
TRX-90001668,20250601,2025-06-01,PRD-05,CC-202,258.0,9014.3,4658.03,2325689.4,1201771.74,1123917.66,Distribuidor Mayorista
TRX-90001669,20250601,2025-06-01,PRD-05,CC-202,95.0,8562.04,4479.65,813393.8,425566.75,387827.05,Supermercados
TRX-90001670,20250601,2025-06-01,PRD-04,CC-202,21.0,6196.69,2878.03,130130.49,60438.63,69691.86,Supermercados
TRX-90001671,20250601,2025-06-01,PRD-01,CC-101,70.0,7065.53,3075.24,494587.1,215266.8,279320.3,Distribuidor Mayorista
TRX-90001672,20250602,2025-06-02,PRD-04,CC-202,137.0,5707.43,2731.21,781917.91,374175.77,407742.14,Canal Horeca
TRX-90001673,20250602,2025-06-02,PRD-05,CC-202,103.0,9306.57,4653.44,958576.71,479304.32,479272.39,Distribuidor Mayorista
TRX-90001674,20250602,2025-06-02,PRD-04,CC-202,185.0,6338.68,2965.55,1172655.8,548626.75,624029.05,Distribuidor Mayorista
TRX-90001675,20250602,2025-06-02,PRD-03,CC-202,100.0,3268.12,1621.2,326812.0,162120.0,164692.0,Supermercados
TRX-90001676,20250603,2025-06-03,PRD-01,CC-203,74.0,7048.74,3086.0,521606.76,228364.0,293242.76,Exportacion Directa
TRX-90001677,20250603,2025-06-03,PRD-02,CC-202,81.0,7443.33,3380.68,602909.73,273835.08,329074.65,Canal Horeca
TRX-90001678,20250604,2025-06-04,PRD-02,CC-202,57.0,7753.25,3499.45,441935.25,199468.65,242466.6,Canal Horeca
TRX-90001679,20250604,2025-06-04,PRD-02,CC-203,183.0,7566.8,3357.63,1384724.4,614446.29,770278.11,Exportacion Directa
TRX-90001680,20250605,2025-06-05,PRD-01,CC-202,49.0,6915.35,3327.48,338852.15,163046.52,175805.63,Canal Horeca
TRX-90001681,20250605,2025-06-05,PRD-01,CC-203,214.0,7334.71,3365.32,1569627.94,720178.48,849449.46,Exportacion Directa
TRX-90001682,20250605,2025-06-05,PRD-01,CC-202,123.0,7367.45,3075.94,906196.35,378340.62,527855.73,Distribuidor Mayorista
TRX-90001683,20250606,2025-06-06,PRD-02,CC-202,180.0,7407.88,3437.97,1333418.4,618834.6,714583.8,Canal Horeca
TRX-90001684,20250606,2025-06-06,PRD-03,CC-202,184.0,3245.27,1543.16,597129.68,283941.44,313188.24,Canal Horeca
TRX-90001685,20250606,2025-06-06,PRD-03,CC-202,212.0,3385.19,1590.36,717660.28,337156.32,380503.96,Supermercados
TRX-90001686,20250606,2025-06-06,PRD-02,CC-202,207.0,7249.22,3266.28,1500588.54,676119.96,824468.58,Supermercados
TRX-90001687,20250606,2025-06-06,PRD-02,CC-202,242.0,7695.06,3466.64,1862204.52,838926.88,1023277.64,Canal Horeca
TRX-90001688,20250607,2025-06-07,PRD-03,CC-202,83.0,3226.69,1594.33,267815.27,132329.39,135485.88,Distribuidor Mayorista
TRX-90001689,20250607,2025-06-07,PRD-01,CC-202,249.0,6923.08,3292.25,1723846.92,819770.25,904076.67,Supermercados
TRX-90001690,20250607,2025-06-07,PRD-04,CC-202,197.0,6034.75,2695.71,1188845.75,531054.87,657790.88,Supermercados
TRX-90001691,20250607,2025-06-07,PRD-02,CC-203,94.0,6986.65,3297.76,656745.1,309989.44,346755.66,Exportacion Directa
TRX-90001692,20250607,2025-06-07,PRD-04,CC-202,126.0,5948.37,2732.81,749494.62,344334.06,405160.56,Supermercados
TRX-90001693,20250607,2025-06-07,PRD-03,CC-202,78.0,3013.38,1614.06,235043.64,125896.68,109146.96,Supermercados
TRX-90001694,20250607,2025-06-07,PRD-01,CC-202,248.0,7312.19,3190.53,1813423.12,791251.44,1022171.68,Distribuidor Mayorista
TRX-90001695,20250608,2025-06-08,PRD-01,CC-203,106.0,6913.01,3390.35,732779.06,359377.1,373401.96,Exportacion Directa
TRX-90001696,20250608,2025-06-08,PRD-05,CC-202,132.0,8572.75,4593.09,1131603.0,606287.88,525315.12,Supermercados
TRX-90001697,20250608,2025-06-08,PRD-02,CC-203,128.0,7888.4,3527.0,1009715.2,451456.0,558259.2,Exportacion Directa
TRX-90001698,20250608,2025-06-08,PRD-03,CC-202,184.0,3167.21,1621.16,582766.64,298293.44,284473.2,Supermercados
TRX-90001699,20250609,2025-06-09,PRD-02,CC-202,72.0,7740.34,3413.75,557304.48,245790.0,311514.48,Distribuidor Mayorista
TRX-90001700,20250609,2025-06-09,PRD-05,CC-203,117.0,8801.21,4407.58,1029741.57,515686.86,514054.71,Exportacion Directa
TRX-90001701,20250609,2025-06-09,PRD-02,CC-202,104.0,7209.84,3355.88,749823.36,349011.52,400811.84,Canal Horeca
TRX-90001702,20250609,2025-06-09,PRD-04,CC-202,158.0,6098.57,2785.24,963574.06,440067.92,523506.14,Supermercados
TRX-90001703,20250609,2025-06-09,PRD-01,CC-202,210.0,6601.98,3214.09,1386415.8,674958.9,711456.9,Supermercados
TRX-90001704,20250609,2025-06-09,PRD-02,CC-202,117.0,7368.01,3400.6,862057.17,397870.2,464186.97,Canal Horeca
TRX-90001705,20250609,2025-06-09,PRD-05,CC-202,118.0,9630.22,4600.53,1136365.96,542862.54,593503.42,Distribuidor Mayorista
TRX-90001706,20250610,2025-06-10,PRD-04,CC-202,38.0,5783.16,2798.64,219760.08,106348.32,113411.76,Canal Horeca
TRX-90001707,20250610,2025-06-10,PRD-05,CC-202,24.0,9089.85,4564.36,218156.4,109544.64,108611.76,Distribuidor Mayorista
TRX-90001708,20250610,2025-06-10,PRD-05,CC-202,83.0,9246.67,4589.6,767473.61,380936.8,386536.81,Supermercados
TRX-90001709,20250611,2025-06-11,PRD-05,CC-202,168.0,9450.72,4567.2,1587720.96,767289.6,820431.36,Distribuidor Mayorista
TRX-90001710,20250611,2025-06-11,PRD-04,CC-203,228.0,6207.47,2818.7,1415303.16,642663.6,772639.56,Exportacion Directa
TRX-90001711,20250611,2025-06-11,PRD-05,CC-202,89.0,8653.64,4528.2,770173.96,403009.8,367164.16,Distribuidor Mayorista
TRX-90001712,20250611,2025-06-11,PRD-02,CC-202,127.0,7362.08,3557.61,934984.16,451816.47,483167.69,Canal Horeca
TRX-90001713,20250611,2025-06-11,PRD-01,CC-203,121.0,6992.89,3252.07,846139.69,393500.47,452639.22,Exportacion Directa
TRX-90001714,20250612,2025-06-12,PRD-05,CC-202,222.0,9681.51,4483.02,2149295.22,995230.44,1154064.78,Distribuidor Mayorista
TRX-90001715,20250612,2025-06-12,PRD-01,CC-203,198.0,7372.34,3217.91,1459723.32,637146.18,822577.14,Exportacion Directa
TRX-90001716,20250612,2025-06-12,PRD-05,CC-202,198.0,9258.83,4586.13,1833248.34,908053.74,925194.6,Canal Horeca
TRX-90001717,20250612,2025-06-12,PRD-03,CC-203,128.0,3166.56,1695.38,405319.68,217008.64,188311.04,Exportacion Directa
TRX-90001718,20250613,2025-06-13,PRD-05,CC-203,192.0,9041.27,4701.14,1735923.84,902618.88,833304.96,Exportacion Directa
TRX-90001719,20250613,2025-06-13,PRD-03,CC-202,91.0,2974.04,1677.35,270637.64,152638.85,117998.79,Distribuidor Mayorista
TRX-90001720,20250613,2025-06-13,PRD-05,CC-202,32.0,9752.0,4419.34,312064.0,141418.88,170645.12,Canal Horeca
TRX-90001721,20250613,2025-06-13,PRD-03,CC-203,133.0,3166.73,1646.04,421175.09,218923.32,202251.77,Exportacion Directa
TRX-90001722,20250613,2025-06-13,PRD-03,CC-203,86.0,3267.03,1557.51,280964.58,133945.86,147018.72,Exportacion Directa
TRX-90001723,20250614,2025-06-14,PRD-04,CC-202,213.0,5900.07,2893.25,1256714.91,616262.25,640452.66,Distribuidor Mayorista
TRX-90001724,20250614,2025-06-14,PRD-02,CC-202,76.0,7696.87,3600.79,584962.12,273660.04,311302.08,Supermercados
TRX-90001725,20250614,2025-06-14,PRD-01,CC-203,45.0,7305.04,3166.28,328726.8,142482.6,186244.2,Exportacion Directa
TRX-90001726,20250614,2025-06-14,PRD-05,CC-202,86.0,9440.06,4695.37,811845.16,403801.82,408043.34,Supermercados
TRX-90001727,20250614,2025-06-14,PRD-05,CC-203,162.0,8645.71,4659.04,1400605.02,754764.48,645840.54,Exportacion Directa
TRX-90001728,20250615,2025-06-15,PRD-02,CC-202,147.0,7713.92,3564.7,1133946.24,524010.9,609935.34,Canal Horeca
TRX-90001729,20250615,2025-06-15,PRD-03,CC-202,213.0,2993.55,1599.86,637626.15,340770.18,296855.97,Supermercados
TRX-90001730,20250615,2025-06-15,PRD-04,CC-202,193.0,5853.1,2880.47,1129648.3,555930.71,573717.59,Supermercados
TRX-90001731,20250615,2025-06-15,PRD-05,CC-202,121.0,8863.69,4567.11,1072506.49,552620.31,519886.18,Distribuidor Mayorista
TRX-90001732,20250615,2025-06-15,PRD-03,CC-202,207.0,3213.32,1647.64,665157.24,341061.48,324095.76,Canal Horeca
TRX-90001733,20250616,2025-06-16,PRD-04,CC-202,102.0,6067.48,2771.88,618882.96,282731.76,336151.2,Canal Horeca
TRX-90001734,20250616,2025-06-16,PRD-01,CC-202,164.0,6970.64,3326.24,1143184.96,545503.36,597681.6,Supermercados
TRX-90001735,20250616,2025-06-16,PRD-05,CC-202,121.0,8522.05,4352.81,1031168.05,526690.01,504478.04,Supermercados
TRX-90001736,20250616,2025-06-16,PRD-05,CC-202,203.0,8849.21,4424.57,1796389.63,898187.71,898201.92,Canal Horeca
TRX-90001737,20250616,2025-06-16,PRD-04,CC-202,214.0,6316.08,2948.18,1351641.12,630910.52,720730.6,Canal Horeca
TRX-90001738,20250616,2025-06-16,PRD-05,CC-202,137.0,8884.2,4534.4,1217135.4,621212.8,595922.6,Canal Horeca
TRX-90001739,20250617,2025-06-17,PRD-05,CC-202,252.0,8747.73,4335.15,2204427.96,1092457.8,1111970.16,Distribuidor Mayorista
TRX-90001740,20250617,2025-06-17,PRD-04,CC-202,72.0,5973.27,2900.69,430075.44,208849.68,221225.76,Distribuidor Mayorista
TRX-90001741,20250618,2025-06-18,PRD-05,CC-203,202.0,9126.62,4522.21,1843577.24,913486.42,930090.82,Exportacion Directa
TRX-90001742,20250618,2025-06-18,PRD-02,CC-202,247.0,7514.77,3288.4,1856148.19,812234.8,1043913.39,Distribuidor Mayorista
TRX-90001743,20250619,2025-06-19,PRD-03,CC-202,33.0,3160.38,1573.54,104292.54,51926.82,52365.72,Canal Horeca
TRX-90001744,20250619,2025-06-19,PRD-03,CC-203,98.0,3201.91,1619.23,313787.18,158684.54,155102.64,Exportacion Directa
TRX-90001745,20250619,2025-06-19,PRD-02,CC-202,78.0,7677.37,3356.28,598834.86,261789.84,337045.02,Canal Horeca
TRX-90001746,20250620,2025-06-20,PRD-05,CC-101,53.0,8633.66,4603.3,457583.98,243974.9,213609.08,Distribuidor Mayorista
TRX-90001747,20250620,2025-06-20,PRD-04,CC-203,124.0,6267.55,2776.92,777176.2,344338.08,432838.12,Exportacion Directa
TRX-90001748,20250620,2025-06-20,PRD-04,CC-202,112.0,5646.46,2765.33,632403.52,309716.96,322686.56,Distribuidor Mayorista
TRX-90001749,20250620,2025-06-20,PRD-03,CC-202,228.0,2974.15,1670.29,678106.2,380826.12,297280.08,Distribuidor Mayorista
TRX-90001750,20250620,2025-06-20,PRD-02,CC-203,153.0,7106.57,3515.91,1087305.21,537934.23,549370.98,Exportacion Directa
TRX-90001751,20250620,2025-06-20,PRD-04,CC-203,175.0,5695.17,2788.87,996654.75,488052.25,508602.5,Exportacion Directa
TRX-90001752,20250620,2025-06-20,PRD-05,CC-203,156.0,9580.02,4461.01,1494483.12,695917.56,798565.56,Exportacion Directa
TRX-90001753,20250621,2025-06-21,PRD-05,CC-203,162.0,9713.88,4510.07,1573648.56,730631.34,843017.22,Exportacion Directa
TRX-90001754,20250621,2025-06-21,PRD-05,CC-202,131.0,9704.99,4623.81,1271353.69,605719.11,665634.58,Distribuidor Mayorista
TRX-90001755,20250621,2025-06-21,PRD-04,CC-203,205.0,5642.43,2846.1,1156698.15,583450.5,573247.65,Exportacion Directa
TRX-90001756,20250622,2025-06-22,PRD-04,CC-202,139.0,6203.13,2726.95,862235.07,379046.05,483189.02,Canal Horeca
TRX-90001757,20250622,2025-06-22,PRD-04,CC-202,168.0,6379.83,2739.19,1071811.44,460183.92,611627.52,Supermercados
TRX-90001758,20250623,2025-06-23,PRD-04,CC-202,30.0,6446.43,2884.71,193392.9,86541.3,106851.6,Supermercados
TRX-90001759,20250623,2025-06-23,PRD-01,CC-202,220.0,6567.47,3322.18,1444843.4,730879.6,713963.8,Canal Horeca
TRX-90001760,20250623,2025-06-23,PRD-05,CC-202,56.0,8519.33,4482.02,477082.48,250993.12,226089.36,Distribuidor Mayorista
TRX-90001761,20250623,2025-06-23,PRD-05,CC-202,122.0,9123.04,4514.73,1113010.88,550797.06,562213.82,Distribuidor Mayorista
TRX-90001762,20250623,2025-06-23,PRD-04,CC-202,259.0,5789.86,2791.24,1499573.74,722931.16,776642.58,Supermercados
TRX-90001763,20250624,2025-06-24,PRD-01,CC-101,143.0,7336.14,3131.53,1049068.02,447808.79,601259.23,Distribuidor Mayorista
TRX-90001764,20250624,2025-06-24,PRD-04,CC-202,160.0,5972.98,2889.5,955676.8,462320.0,493356.8,Canal Horeca
TRX-90001765,20250625,2025-06-25,PRD-04,CC-203,185.0,6022.97,2934.44,1114249.45,542871.4,571378.05,Exportacion Directa
TRX-90001766,20250625,2025-06-25,PRD-05,CC-202,119.0,9359.88,4593.49,1113825.72,546625.31,567200.41,Distribuidor Mayorista
TRX-90001767,20250626,2025-06-26,PRD-01,CC-202,235.0,7409.42,3112.23,1741213.7,731374.05,1009839.65,Canal Horeca
TRX-90001768,20250626,2025-06-26,PRD-01,CC-203,47.0,7454.08,3088.7,350341.76,145168.9,205172.86,Exportacion Directa
TRX-90001769,20250627,2025-06-27,PRD-05,CC-202,201.0,9228.2,4358.4,1854868.2,876038.4,978829.8,Distribuidor Mayorista
TRX-90001770,20250627,2025-06-27,PRD-01,CC-202,246.0,7140.2,3335.46,1756489.2,820523.16,935966.04,Supermercados
TRX-90001771,20250627,2025-06-27,PRD-05,CC-202,72.0,8812.24,4695.97,634481.28,338109.84,296371.44,Supermercados
TRX-90001772,20250627,2025-06-27,PRD-03,CC-203,32.0,3121.28,1589.98,99880.96,50879.36,49001.6,Exportacion Directa
TRX-90001773,20250627,2025-06-27,PRD-05,CC-202,100.0,8621.03,4506.14,862103.0,450614.0,411489.0,Canal Horeca
TRX-90001774,20250627,2025-06-27,PRD-04,CC-202,150.0,5962.8,2836.66,894420.0,425499.0,468921.0,Supermercados
TRX-90001775,20250627,2025-06-27,PRD-05,CC-203,48.0,9074.57,4753.57,435579.36,228171.36,207408.0,Exportacion Directa
TRX-90001776,20250628,2025-06-28,PRD-05,CC-202,84.0,8871.34,4668.3,745192.56,392137.2,353055.36,Supermercados
TRX-90001777,20250628,2025-06-28,PRD-04,CC-202,228.0,6066.35,2961.28,1383127.8,675171.84,707955.96,Distribuidor Mayorista
TRX-90001778,20250628,2025-06-28,PRD-03,CC-202,200.0,2980.52,1597.21,596104.0,319442.0,276662.0,Distribuidor Mayorista
TRX-90001779,20250628,2025-06-28,PRD-03,CC-202,181.0,3029.51,1605.68,548341.31,290628.08,257713.23,Supermercados
TRX-90001780,20250628,2025-06-28,PRD-03,CC-202,172.0,3304.51,1618.87,568375.72,278445.64,289930.08,Canal Horeca
TRX-90001781,20250628,2025-06-28,PRD-04,CC-202,35.0,6107.76,2873.64,213771.6,100577.4,113194.2,Canal Horeca
TRX-90001782,20250628,2025-06-28,PRD-04,CC-202,154.0,6383.14,2877.16,983003.56,443082.64,539920.92,Canal Horeca
TRX-90001783,20250629,2025-06-29,PRD-05,CC-202,27.0,9500.57,4671.17,256515.39,126121.59,130393.8,Canal Horeca
TRX-90001784,20250629,2025-06-29,PRD-01,CC-202,64.0,6865.97,3168.93,439422.08,202811.52,236610.56,Supermercados
TRX-90001785,20250629,2025-06-29,PRD-05,CC-203,176.0,8759.69,4430.97,1541705.44,779850.72,761854.72,Exportacion Directa
TRX-90001786,20250629,2025-06-29,PRD-03,CC-202,224.0,3292.56,1611.81,737533.44,361045.44,376488.0,Supermercados
TRX-90001787,20250630,2025-06-30,PRD-03,CC-101,109.0,3405.45,1574.27,371194.05,171595.43,199598.62,Supermercados
TRX-90001788,20250630,2025-06-30,PRD-01,CC-202,231.0,7015.37,3380.09,1620550.47,780800.79,839749.68,Canal Horeca
TRX-90001789,20250630,2025-06-30,PRD-04,CC-202,41.0,5928.63,2751.11,243073.83,112795.51,130278.32,Supermercados
TRX-90001790,20250630,2025-06-30,PRD-05,CC-202,218.0,8642.97,4600.09,1884167.46,1002819.62,881347.84,Distribuidor Mayorista
TRX-90001791,20250630,2025-06-30,PRD-01,CC-202,64.0,6741.76,3386.13,431472.64,216712.32,214760.32,Canal Horeca
TRX-90001792,20250701,2025-07-01,PRD-01,CC-202,258.0,6627.16,3277.7,1709807.28,845646.6,864160.68,Supermercados
TRX-90001793,20250701,2025-07-01,PRD-03,CC-202,68.0,3385.54,1589.97,230216.72,108117.96,122098.76,Distribuidor Mayorista
TRX-90001794,20250701,2025-07-01,PRD-03,CC-202,178.0,3274.09,1545.95,582788.02,275179.1,307608.92,Distribuidor Mayorista
TRX-90001795,20250701,2025-07-01,PRD-02,CC-202,133.0,6848.47,3478.51,910846.51,462641.83,448204.68,Supermercados
TRX-90001796,20250701,2025-07-01,PRD-05,CC-202,73.0,9009.88,4455.86,657721.24,325277.78,332443.46,Distribuidor Mayorista
TRX-90001797,20250702,2025-07-02,PRD-01,CC-202,141.0,7153.21,3096.4,1008602.61,436592.4,572010.21,Canal Horeca
TRX-90001798,20250702,2025-07-02,PRD-01,CC-203,81.0,7283.1,3219.09,589931.1,260746.29,329184.81,Exportacion Directa
TRX-90001799,20250702,2025-07-02,PRD-05,CC-202,65.0,9032.81,4339.75,587132.65,282083.75,305048.9,Supermercados
TRX-90001800,20250702,2025-07-02,PRD-04,CC-202,25.0,5999.3,2746.57,149982.5,68664.25,81318.25,Distribuidor Mayorista
TRX-90001801,20250702,2025-07-02,PRD-04,CC-203,127.0,6351.63,2962.73,806657.01,376266.71,430390.3,Exportacion Directa
TRX-90001802,20250702,2025-07-02,PRD-03,CC-202,69.0,3342.01,1574.72,230598.69,108655.68,121943.01,Distribuidor Mayorista
TRX-90001803,20250703,2025-07-03,PRD-04,CC-202,35.0,6168.34,2827.51,215891.9,98962.85,116929.05,Canal Horeca
TRX-90001804,20250703,2025-07-03,PRD-04,CC-202,209.0,6109.04,2760.67,1276789.36,576980.03,699809.33,Supermercados
TRX-90001805,20250704,2025-07-04,PRD-04,CC-202,38.0,5760.84,2747.91,218911.92,104420.58,114491.34,Supermercados
TRX-90001806,20250704,2025-07-04,PRD-05,CC-203,173.0,8473.94,4693.23,1465991.62,811928.79,654062.83,Exportacion Directa
TRX-90001807,20250704,2025-07-04,PRD-04,CC-202,78.0,5919.21,2883.53,461698.38,224915.34,236783.04,Canal Horeca
TRX-90001808,20250705,2025-07-05,PRD-05,CC-202,99.0,9759.71,4660.79,966211.29,461418.21,504793.08,Distribuidor Mayorista
TRX-90001809,20250705,2025-07-05,PRD-01,CC-203,125.0,6946.44,3301.87,868305.0,412733.75,455571.25,Exportacion Directa
TRX-90001810,20250705,2025-07-05,PRD-02,CC-203,113.0,7531.86,3490.64,851100.18,394442.32,456657.86,Exportacion Directa
TRX-90001811,20250705,2025-07-05,PRD-03,CC-202,107.0,3300.06,1672.83,353106.42,178992.81,174113.61,Canal Horeca
TRX-90001812,20250705,2025-07-05,PRD-02,CC-203,156.0,7742.24,3530.7,1207789.44,550789.2,657000.24,Exportacion Directa
TRX-90001813,20250705,2025-07-05,PRD-02,CC-202,175.0,7086.97,3479.68,1240219.75,608944.0,631275.75,Supermercados
TRX-90001814,20250706,2025-07-06,PRD-03,CC-202,123.0,3339.34,1652.62,410738.82,203272.26,207466.56,Canal Horeca
TRX-90001815,20250706,2025-07-06,PRD-01,CC-202,41.0,6897.28,3081.33,282788.48,126334.53,156453.95,Canal Horeca
TRX-90001816,20250706,2025-07-06,PRD-03,CC-202,127.0,3253.03,1554.96,413134.81,197479.92,215654.89,Distribuidor Mayorista
TRX-90001817,20250707,2025-07-07,PRD-04,CC-203,174.0,6450.04,2826.51,1122306.96,491812.74,630494.22,Exportacion Directa
TRX-90001818,20250707,2025-07-07,PRD-05,CC-202,112.0,9097.87,4605.95,1018961.44,515866.4,503095.04,Supermercados
TRX-90001819,20250707,2025-07-07,PRD-02,CC-202,136.0,6875.23,3283.62,935031.28,446572.32,488458.96,Canal Horeca
TRX-90001820,20250707,2025-07-07,PRD-04,CC-202,110.0,5848.86,2862.17,643374.6,314838.7,328535.9,Canal Horeca
TRX-90001821,20250707,2025-07-07,PRD-05,CC-203,135.0,8970.74,4578.23,1211049.9,618061.05,592988.85,Exportacion Directa
TRX-90001822,20250707,2025-07-07,PRD-02,CC-203,87.0,7755.05,3570.76,674689.35,310656.12,364033.23,Exportacion Directa
TRX-90001823,20250707,2025-07-07,PRD-05,CC-101,128.0,9755.79,4332.38,1248741.12,554544.64,694196.48,Exportacion Directa
TRX-90001824,20250708,2025-07-08,PRD-05,CC-202,124.0,8760.31,4750.34,1086278.44,589042.16,497236.28,Supermercados
TRX-90001825,20250708,2025-07-08,PRD-05,CC-203,117.0,9362.2,4421.2,1095377.4,517280.4,578097.0,Exportacion Directa
TRX-90001826,20250709,2025-07-09,PRD-04,CC-202,158.0,6103.54,2807.7,964359.32,443616.6,520742.72,Supermercados
TRX-90001827,20250709,2025-07-09,PRD-04,CC-203,45.0,6348.1,2728.27,285664.5,122772.15,162892.35,Exportacion Directa
TRX-90001828,20250709,2025-07-09,PRD-03,CC-202,66.0,3365.25,1671.34,222106.5,110308.44,111798.06,Canal Horeca
TRX-90001829,20250709,2025-07-09,PRD-01,CC-202,168.0,7238.37,3335.41,1216046.16,560348.88,655697.28,Distribuidor Mayorista
TRX-90001830,20250709,2025-07-09,PRD-03,CC-202,162.0,3198.2,1568.71,518108.4,254131.02,263977.38,Canal Horeca
TRX-90001831,20250709,2025-07-09,PRD-03,CC-202,60.0,3082.5,1631.01,184950.0,97860.6,87089.4,Supermercados
TRX-90001832,20250710,2025-07-10,PRD-05,CC-203,257.0,8550.0,4351.05,2197350.0,1118219.85,1079130.15,Exportacion Directa
TRX-90001833,20250710,2025-07-10,PRD-04,CC-202,246.0,6053.62,2802.64,1489190.52,689449.44,799741.08,Canal Horeca
TRX-90001834,20250710,2025-07-10,PRD-05,CC-203,46.0,9570.83,4469.49,440258.18,205596.54,234661.64,Exportacion Directa
TRX-90001835,20250710,2025-07-10,PRD-02,CC-202,240.0,7672.81,3486.58,1841474.4,836779.2,1004695.2,Supermercados
TRX-90001836,20250710,2025-07-10,PRD-02,CC-203,53.0,7785.95,3447.29,412655.35,182706.37,229948.98,Exportacion Directa
TRX-90001837,20250711,2025-07-11,PRD-04,CC-203,88.0,5951.76,2841.08,523754.88,250015.04,273739.84,Exportacion Directa
TRX-90001838,20250711,2025-07-11,PRD-04,CC-101,76.0,6127.53,2705.17,465692.28,205592.92,260099.36,Supermercados
TRX-90001839,20250711,2025-07-11,PRD-04,CC-202,120.0,6244.97,2744.16,749396.4,329299.2,420097.2,Supermercados
TRX-90001840,20250711,2025-07-11,PRD-04,CC-202,185.0,5613.93,2810.49,1038577.05,519940.65,518636.4,Distribuidor Mayorista
TRX-90001841,20250711,2025-07-11,PRD-05,CC-202,66.0,8710.14,4459.54,574869.24,294329.64,280539.6,Canal Horeca
TRX-90001842,20250711,2025-07-11,PRD-05,CC-203,258.0,9010.29,4661.58,2324654.82,1202687.64,1121967.18,Exportacion Directa
TRX-90001843,20250712,2025-07-12,PRD-01,CC-202,120.0,7186.87,3333.37,862424.4,400004.4,462420.0,Canal Horeca
TRX-90001844,20250712,2025-07-12,PRD-05,CC-202,204.0,8950.21,4725.87,1825842.84,964077.48,861765.36,Canal Horeca
TRX-90001845,20250712,2025-07-12,PRD-01,CC-202,58.0,6684.9,3315.99,387724.2,192327.42,195396.78,Supermercados
TRX-90001846,20250712,2025-07-12,PRD-03,CC-202,219.0,3252.37,1548.55,712269.03,339132.45,373136.58,Supermercados
TRX-90001847,20250712,2025-07-12,PRD-04,CC-202,189.0,6232.75,2734.85,1177989.75,516886.65,661103.1,Supermercados
TRX-90001848,20250712,2025-07-12,PRD-04,CC-203,228.0,6447.72,2699.88,1470080.16,615572.64,854507.52,Exportacion Directa
TRX-90001849,20250712,2025-07-12,PRD-01,CC-203,87.0,7428.19,3274.29,646252.53,284863.23,361389.3,Exportacion Directa
TRX-90001850,20250713,2025-07-13,PRD-01,CC-202,121.0,7256.35,3298.72,878018.35,399145.12,478873.23,Canal Horeca
TRX-90001851,20250713,2025-07-13,PRD-04,CC-202,100.0,6430.64,2919.7,643064.0,291970.0,351094.0,Canal Horeca
TRX-90001852,20250713,2025-07-13,PRD-04,CC-202,34.0,6237.18,2817.28,212064.12,95787.52,116276.6,Canal Horeca
TRX-90001853,20250713,2025-07-13,PRD-04,CC-202,258.0,6219.72,2892.11,1604687.76,746164.38,858523.38,Distribuidor Mayorista
TRX-90001854,20250713,2025-07-13,PRD-01,CC-202,181.0,7283.21,3134.48,1318261.01,567340.88,750920.13,Supermercados
TRX-90001855,20250713,2025-07-13,PRD-03,CC-202,89.0,3101.06,1692.56,275994.34,150637.84,125356.5,Supermercados
TRX-90001856,20250714,2025-07-14,PRD-02,CC-202,82.0,7665.9,3492.16,628603.8,286357.12,342246.68,Canal Horeca
TRX-90001857,20250714,2025-07-14,PRD-01,CC-203,202.0,7020.3,3171.83,1418100.6,640709.66,777390.94,Exportacion Directa
TRX-90001858,20250715,2025-07-15,PRD-01,CC-202,51.0,6854.98,3362.1,349603.98,171467.1,178136.88,Canal Horeca
TRX-90001859,20250715,2025-07-15,PRD-05,CC-203,102.0,9499.2,4375.97,968918.4,446348.94,522569.46,Exportacion Directa
TRX-90001860,20250715,2025-07-15,PRD-01,CC-202,77.0,7088.23,3341.85,545793.71,257322.45,288471.26,Canal Horeca
TRX-90001861,20250715,2025-07-15,PRD-05,CC-202,235.0,9396.0,4687.71,2208060.0,1101611.85,1106448.15,Distribuidor Mayorista
TRX-90001862,20250715,2025-07-15,PRD-04,CC-203,196.0,6083.55,2808.29,1192375.8,550424.84,641950.96,Exportacion Directa
TRX-90001863,20250716,2025-07-16,PRD-01,CC-202,99.0,7339.89,3129.36,726649.11,309806.64,416842.47,Canal Horeca
TRX-90001864,20250716,2025-07-16,PRD-05,CC-202,166.0,8984.4,4379.27,1491410.4,726958.82,764451.58,Canal Horeca
TRX-90001865,20250716,2025-07-16,PRD-02,CC-202,108.0,7009.86,3369.33,757064.88,363887.64,393177.24,Supermercados
TRX-90001866,20250716,2025-07-16,PRD-01,CC-202,21.0,7348.84,3287.26,154325.64,69032.46,85293.18,Distribuidor Mayorista
TRX-90001867,20250717,2025-07-17,PRD-05,CC-202,203.0,9703.62,4702.81,1969834.86,954670.43,1015164.43,Supermercados
TRX-90001868,20250717,2025-07-17,PRD-03,CC-101,198.0,2950.65,1643.84,584228.7,325480.32,258748.38,Distribuidor Mayorista
TRX-90001869,20250717,2025-07-17,PRD-05,CC-101,132.0,8481.43,4495.81,1119548.76,593446.92,526101.84,Distribuidor Mayorista
TRX-90001870,20250717,2025-07-17,PRD-01,CC-202,46.0,6879.89,3371.2,316474.94,155075.2,161399.74,Supermercados
TRX-90001871,20250717,2025-07-17,PRD-02,CC-202,76.0,7788.22,3469.87,591904.72,263710.12,328194.6,Supermercados
TRX-90001872,20250717,2025-07-17,PRD-05,CC-203,81.0,8567.03,4470.06,693929.43,362074.86,331854.57,Exportacion Directa
TRX-90001873,20250717,2025-07-17,PRD-03,CC-202,216.0,2978.53,1568.86,643362.48,338873.76,304488.72,Canal Horeca
TRX-90001874,20250718,2025-07-18,PRD-05,CC-202,52.0,9311.72,4622.17,484209.44,240352.84,243856.6,Distribuidor Mayorista
TRX-90001875,20250718,2025-07-18,PRD-02,CC-202,234.0,7054.91,3406.23,1650848.94,797057.82,853791.12,Distribuidor Mayorista
TRX-90001876,20250718,2025-07-18,PRD-02,CC-202,167.0,7140.08,3357.95,1192393.36,560777.65,631615.71,Canal Horeca
TRX-90001877,20250718,2025-07-18,PRD-05,CC-202,124.0,9763.79,4350.38,1210709.96,539447.12,671262.84,Canal Horeca
TRX-90001878,20250718,2025-07-18,PRD-02,CC-203,221.0,7033.71,3594.03,1554449.91,794280.63,760169.28,Exportacion Directa
TRX-90001879,20250719,2025-07-19,PRD-04,CC-202,81.0,6096.61,2741.15,493825.41,222033.15,271792.26,Supermercados
TRX-90001880,20250719,2025-07-19,PRD-01,CC-202,188.0,6668.53,3238.31,1253683.64,608802.28,644881.36,Distribuidor Mayorista
TRX-90001881,20250719,2025-07-19,PRD-02,CC-203,150.0,7061.76,3428.23,1059264.0,514234.5,545029.5,Exportacion Directa
TRX-90001882,20250719,2025-07-19,PRD-02,CC-203,21.0,7150.46,3487.3,150159.66,73233.3,76926.36,Exportacion Directa
TRX-90001883,20250719,2025-07-19,PRD-03,CC-202,173.0,3225.69,1548.32,558044.37,267859.36,290185.01,Distribuidor Mayorista
TRX-90001884,20250720,2025-07-20,PRD-03,CC-202,39.0,3083.24,1550.73,120246.36,60478.47,59767.89,Canal Horeca
TRX-90001885,20250720,2025-07-20,PRD-02,CC-202,166.0,7513.54,3484.49,1247247.64,578425.34,668822.3,Distribuidor Mayorista
TRX-90001886,20250720,2025-07-20,PRD-05,CC-202,72.0,8475.17,4754.26,610212.24,342306.72,267905.52,Distribuidor Mayorista
TRX-90001887,20250720,2025-07-20,PRD-05,CC-203,46.0,9357.5,4637.98,430445.0,213347.08,217097.92,Exportacion Directa
TRX-90001888,20250720,2025-07-20,PRD-02,CC-203,89.0,7177.94,3356.17,638836.66,298699.13,340137.53,Exportacion Directa
TRX-90001889,20250720,2025-07-20,PRD-05,CC-203,176.0,8687.4,4372.68,1528982.4,769591.68,759390.72,Exportacion Directa
TRX-90001890,20250720,2025-07-20,PRD-05,CC-203,29.0,9272.36,4415.89,268898.44,128060.81,140837.63,Exportacion Directa
TRX-90001891,20250721,2025-07-21,PRD-04,CC-202,142.0,6288.49,2863.06,892965.58,406554.52,486411.06,Distribuidor Mayorista
TRX-90001892,20250721,2025-07-21,PRD-02,CC-202,44.0,6894.53,3477.35,303359.32,153003.4,150355.92,Supermercados
TRX-90001893,20250721,2025-07-21,PRD-03,CC-101,87.0,3380.36,1622.72,294091.32,141176.64,152914.68,Exportacion Directa
TRX-90001894,20250721,2025-07-21,PRD-04,CC-203,148.0,5800.13,2891.2,858419.24,427897.6,430521.64,Exportacion Directa
TRX-90001895,20250721,2025-07-21,PRD-01,CC-202,125.0,7214.2,3140.69,901775.0,392586.25,509188.75,Supermercados
TRX-90001896,20250721,2025-07-21,PRD-01,CC-202,164.0,6968.0,3309.7,1142752.0,542790.8,599961.2,Supermercados
TRX-90001897,20250722,2025-07-22,PRD-01,CC-203,104.0,7392.84,3210.89,768855.36,333932.56,434922.8,Exportacion Directa
TRX-90001898,20250722,2025-07-22,PRD-05,CC-202,151.0,9034.93,4645.55,1364274.43,701478.05,662796.38,Distribuidor Mayorista
TRX-90001899,20250722,2025-07-22,PRD-05,CC-202,166.0,9241.92,4595.98,1534158.72,762932.68,771226.04,Distribuidor Mayorista
TRX-90001900,20250722,2025-07-22,PRD-03,CC-202,189.0,3270.9,1568.64,618200.1,296472.96,321727.14,Canal Horeca
TRX-90001901,20250722,2025-07-22,PRD-04,CC-202,132.0,6329.26,2702.01,835462.32,356665.32,478797.0,Supermercados
TRX-90001902,20250723,2025-07-23,PRD-02,CC-202,129.0,7132.47,3348.17,920088.63,431913.93,488174.7,Canal Horeca
TRX-90001903,20250723,2025-07-23,PRD-01,CC-202,222.0,6928.12,3306.47,1538042.64,734036.34,804006.3,Supermercados
TRX-90001904,20250724,2025-07-24,PRD-02,CC-202,35.0,6927.64,3587.51,242467.4,125562.85,116904.55,Canal Horeca
TRX-90001905,20250724,2025-07-24,PRD-04,CC-203,101.0,6317.5,2918.44,638067.5,294762.44,343305.06,Exportacion Directa
TRX-90001906,20250724,2025-07-24,PRD-01,CC-202,193.0,6865.4,3236.36,1325022.2,624617.48,700404.72,Supermercados
TRX-90001907,20250724,2025-07-24,PRD-04,CC-203,257.0,5862.97,2903.81,1506783.29,746279.17,760504.12,Exportacion Directa
TRX-90001908,20250725,2025-07-25,PRD-02,CC-202,153.0,7703.7,3377.43,1178666.1,516746.79,661919.31,Distribuidor Mayorista
TRX-90001909,20250725,2025-07-25,PRD-02,CC-202,116.0,7806.97,3490.6,905608.52,404909.6,500698.92,Supermercados
TRX-90001910,20250726,2025-07-26,PRD-05,CC-202,208.0,9621.42,4607.08,2001255.36,958272.64,1042982.72,Distribuidor Mayorista
TRX-90001911,20250726,2025-07-26,PRD-02,CC-202,187.0,7317.95,3484.77,1368456.65,651651.99,716804.66,Canal Horeca
TRX-90001912,20250726,2025-07-26,PRD-03,CC-202,98.0,2974.76,1667.96,291526.48,163460.08,128066.4,Distribuidor Mayorista
TRX-90001913,20250727,2025-07-27,PRD-03,CC-202,205.0,2955.19,1584.17,605813.95,324754.85,281059.1,Supermercados
TRX-90001914,20250727,2025-07-27,PRD-01,CC-203,80.0,6938.92,3081.06,555113.6,246484.8,308628.8,Exportacion Directa
TRX-90001915,20250727,2025-07-27,PRD-01,CC-202,226.0,6746.66,3300.15,1524745.16,745833.9,778911.26,Supermercados
TRX-90001916,20250727,2025-07-27,PRD-05,CC-202,140.0,8802.42,4391.77,1232338.8,614847.8,617491.0,Supermercados
TRX-90001917,20250728,2025-07-28,PRD-05,CC-202,152.0,9505.01,4744.14,1444761.52,721109.28,723652.24,Supermercados
TRX-90001918,20250728,2025-07-28,PRD-01,CC-202,214.0,7290.41,3291.24,1560147.74,704325.36,855822.38,Canal Horeca
TRX-90001919,20250728,2025-07-28,PRD-03,CC-202,215.0,3079.47,1585.57,662086.05,340897.55,321188.5,Canal Horeca
TRX-90001920,20250728,2025-07-28,PRD-05,CC-202,75.0,9193.76,4434.7,689532.0,332602.5,356929.5,Distribuidor Mayorista
TRX-90001921,20250728,2025-07-28,PRD-03,CC-202,172.0,3330.07,1570.57,572772.04,270138.04,302634.0,Distribuidor Mayorista
TRX-90001922,20250728,2025-07-28,PRD-03,CC-202,152.0,3096.94,1592.71,470734.88,242091.92,228642.96,Supermercados
TRX-90001923,20250729,2025-07-29,PRD-04,CC-203,58.0,5810.13,2777.21,336987.54,161078.18,175909.36,Exportacion Directa
TRX-90001924,20250729,2025-07-29,PRD-04,CC-202,25.0,6094.73,2828.88,152368.25,70722.0,81646.25,Canal Horeca
TRX-90001925,20250729,2025-07-29,PRD-01,CC-203,188.0,7335.99,3288.62,1379166.12,618260.56,760905.56,Exportacion Directa
TRX-90001926,20250730,2025-07-30,PRD-02,CC-203,234.0,7338.79,3404.94,1717276.86,796755.96,920520.9,Exportacion Directa
TRX-90001927,20250730,2025-07-30,PRD-04,CC-203,220.0,5746.92,2876.62,1264322.4,632856.4,631466.0,Exportacion Directa
TRX-90001928,20250730,2025-07-30,PRD-04,CC-203,179.0,6219.15,2752.29,1113227.85,492659.91,620567.94,Exportacion Directa
TRX-90001929,20250730,2025-07-30,PRD-04,CC-202,64.0,5751.28,2688.56,368081.92,172067.84,196014.08,Supermercados
TRX-90001930,20250730,2025-07-30,PRD-01,CC-202,248.0,7207.05,3236.78,1787348.4,802721.44,984626.96,Supermercados
TRX-90001931,20250731,2025-07-31,PRD-05,CC-203,52.0,8915.88,4506.39,463625.76,234332.28,229293.48,Exportacion Directa
TRX-90001932,20250731,2025-07-31,PRD-03,CC-202,189.0,3354.97,1555.44,634089.33,293978.16,340111.17,Canal Horeca
TRX-90001933,20250731,2025-07-31,PRD-02,CC-203,134.0,7080.15,3440.54,948740.1,461032.36,487707.74,Exportacion Directa
TRX-90001934,20250731,2025-07-31,PRD-01,CC-202,30.0,6710.26,3090.47,201307.8,92714.1,108593.7,Supermercados
TRX-90001935,20250731,2025-07-31,PRD-03,CC-202,137.0,3047.09,1689.58,417451.33,231472.46,185978.87,Canal Horeca
TRX-90001936,20250731,2025-07-31,PRD-05,CC-202,126.0,9198.43,4507.1,1159002.18,567894.6,591107.58,Supermercados
TRX-90001937,20250731,2025-07-31,PRD-03,CC-202,38.0,3260.72,1601.9,123907.36,60872.2,63035.16,Canal Horeca
TRX-90001938,20250801,2025-08-01,PRD-05,CC-202,176.0,9122.65,4505.38,1605586.4,792946.88,812639.52,Supermercados
TRX-90001939,20250801,2025-08-01,PRD-01,CC-202,181.0,6482.58,3374.44,1173346.98,610773.64,562573.34,Distribuidor Mayorista
TRX-90001940,20250802,2025-08-02,PRD-04,CC-202,83.0,6430.82,2810.95,533758.06,233308.85,300449.21,Canal Horeca
TRX-90001941,20250802,2025-08-02,PRD-04,CC-202,45.0,6058.37,2720.0,272626.65,122400.0,150226.65,Supermercados
TRX-90001942,20250803,2025-08-03,PRD-05,CC-202,214.0,8727.76,4548.51,1867740.64,973381.14,894359.5,Supermercados
TRX-90001943,20250803,2025-08-03,PRD-02,CC-202,81.0,7696.18,3287.48,623390.58,266285.88,357104.7,Distribuidor Mayorista
TRX-90001944,20250804,2025-08-04,PRD-04,CC-202,136.0,5801.38,2888.1,788987.68,392781.6,396206.08,Canal Horeca
TRX-90001945,20250804,2025-08-04,PRD-01,CC-101,44.0,7205.94,3295.13,317061.36,144985.72,172075.64,Canal Horeca
TRX-90001946,20250804,2025-08-04,PRD-01,CC-202,112.0,7297.82,3341.86,817355.84,374288.32,443067.52,Canal Horeca
TRX-90001947,20250804,2025-08-04,PRD-03,CC-202,198.0,3077.76,1621.05,609396.48,320967.9,288428.58,Canal Horeca
TRX-90001948,20250804,2025-08-04,PRD-03,CC-202,102.0,3326.58,1600.73,339311.16,163274.46,176036.7,Distribuidor Mayorista
TRX-90001949,20250804,2025-08-04,PRD-05,CC-202,150.0,8472.85,4504.38,1270927.5,675657.0,595270.5,Distribuidor Mayorista
TRX-90001950,20250805,2025-08-05,PRD-01,CC-203,198.0,6746.5,3138.55,1335807.0,621432.9,714374.1,Exportacion Directa
TRX-90001951,20250805,2025-08-05,PRD-02,CC-203,41.0,7357.6,3325.79,301661.6,136357.39,165304.21,Exportacion Directa
TRX-90001952,20250805,2025-08-05,PRD-01,CC-202,55.0,7324.89,3246.59,402868.95,178562.45,224306.5,Canal Horeca
TRX-90001953,20250806,2025-08-06,PRD-05,CC-202,101.0,8956.25,4681.72,904581.25,472853.72,431727.53,Canal Horeca
TRX-90001954,20250806,2025-08-06,PRD-04,CC-202,39.0,6487.51,2844.54,253012.89,110937.06,142075.83,Supermercados
TRX-90001955,20250806,2025-08-06,PRD-03,CC-202,86.0,3047.35,1592.08,262072.1,136918.88,125153.22,Distribuidor Mayorista
TRX-90001956,20250806,2025-08-06,PRD-02,CC-203,78.0,7603.17,3391.32,593047.26,264522.96,328524.3,Exportacion Directa
TRX-90001957,20250806,2025-08-06,PRD-01,CC-203,141.0,6816.94,3369.37,961188.54,475081.17,486107.37,Exportacion Directa
TRX-90001958,20250806,2025-08-06,PRD-01,CC-202,254.0,7308.0,3341.54,1856232.0,848751.16,1007480.84,Distribuidor Mayorista
TRX-90001959,20250807,2025-08-07,PRD-02,CC-203,178.0,7708.85,3526.76,1372175.3,627763.28,744412.02,Exportacion Directa
TRX-90001960,20250807,2025-08-07,PRD-04,CC-203,67.0,5663.82,2902.62,379475.94,194475.54,185000.4,Exportacion Directa
TRX-90001961,20250807,2025-08-07,PRD-02,CC-202,131.0,7651.89,3537.02,1002397.59,463349.62,539047.97,Canal Horeca
TRX-90001962,20250807,2025-08-07,PRD-01,CC-101,118.0,7144.58,3270.55,843060.44,385924.9,457135.54,Canal Horeca
TRX-90001963,20250807,2025-08-07,PRD-04,CC-202,78.0,5755.34,2742.59,448916.52,213922.02,234994.5,Supermercados
TRX-90001964,20250808,2025-08-08,PRD-05,CC-203,176.0,8666.84,4436.2,1525363.84,780771.2,744592.64,Exportacion Directa
TRX-90001965,20250808,2025-08-08,PRD-05,CC-202,150.0,9033.27,4668.44,1354990.5,700266.0,654724.5,Canal Horeca
TRX-90001966,20250808,2025-08-08,PRD-01,CC-203,248.0,7012.48,3314.65,1739095.04,822033.2,917061.84,Exportacion Directa
TRX-90001967,20250808,2025-08-08,PRD-02,CC-202,189.0,7288.17,3506.34,1377464.13,662698.26,714765.87,Supermercados
TRX-90001968,20250808,2025-08-08,PRD-02,CC-203,27.0,7475.59,3327.03,201840.93,89829.81,112011.12,Exportacion Directa
TRX-90001969,20250808,2025-08-08,PRD-05,CC-203,206.0,9605.12,4710.89,1978654.72,970443.34,1008211.38,Exportacion Directa
TRX-90001970,20250808,2025-08-08,PRD-03,CC-203,63.0,3291.78,1625.27,207382.14,102392.01,104990.13,Exportacion Directa
TRX-90001971,20250809,2025-08-09,PRD-01,CC-202,197.0,6850.45,3334.99,1349538.65,656993.03,692545.62,Canal Horeca
TRX-90001972,20250809,2025-08-09,PRD-03,CC-202,81.0,3315.25,1579.51,268535.25,127940.31,140594.94,Canal Horeca
TRX-90001973,20250809,2025-08-09,PRD-02,CC-202,258.0,7527.7,3518.4,1942146.6,907747.2,1034399.4,Distribuidor Mayorista
TRX-90001974,20250810,2025-08-10,PRD-03,CC-101,192.0,3329.05,1610.1,639177.6,309139.2,330038.4,Supermercados
TRX-90001975,20250810,2025-08-10,PRD-05,CC-203,32.0,9329.04,4690.7,298529.28,150102.4,148426.88,Exportacion Directa
TRX-90001976,20250810,2025-08-10,PRD-04,CC-203,250.0,6292.46,2918.06,1573115.0,729515.0,843600.0,Exportacion Directa
TRX-90001977,20250810,2025-08-10,PRD-01,CC-202,42.0,7462.97,3323.75,313444.74,139597.5,173847.24,Supermercados
TRX-90001978,20250810,2025-08-10,PRD-05,CC-202,103.0,8946.74,4514.56,921514.22,464999.68,456514.54,Supermercados
TRX-90001979,20250810,2025-08-10,PRD-05,CC-202,184.0,8801.53,4335.15,1619481.52,797667.6,821813.92,Supermercados
TRX-90001980,20250810,2025-08-10,PRD-05,CC-202,115.0,8779.93,4570.8,1009691.95,525642.0,484049.95,Canal Horeca
TRX-90001981,20250811,2025-08-11,PRD-04,CC-202,195.0,5890.88,2939.42,1148721.6,573186.9,575534.7,Supermercados
TRX-90001982,20250811,2025-08-11,PRD-04,CC-202,176.0,5991.23,2874.7,1054456.48,505947.2,548509.28,Supermercados
TRX-90001983,20250811,2025-08-11,PRD-05,CC-202,21.0,9453.59,4685.72,198525.39,98400.12,100125.27,Canal Horeca
TRX-90001984,20250812,2025-08-12,PRD-02,CC-202,39.0,7815.34,3581.41,304798.26,139674.99,165123.27,Supermercados
TRX-90001985,20250812,2025-08-12,PRD-05,CC-202,243.0,9355.14,4322.57,2273299.02,1050384.51,1222914.51,Distribuidor Mayorista
TRX-90001986,20250812,2025-08-12,PRD-03,CC-203,182.0,3210.59,1584.64,584327.38,288404.48,295922.9,Exportacion Directa
TRX-90001987,20250812,2025-08-12,PRD-04,CC-202,132.0,6455.63,2937.68,852143.16,387773.76,464369.4,Supermercados
TRX-90001988,20250813,2025-08-13,PRD-02,CC-202,201.0,7451.48,3370.34,1497747.48,677438.34,820309.14,Distribuidor Mayorista
TRX-90001989,20250813,2025-08-13,PRD-04,CC-203,54.0,5618.93,2692.8,303422.22,145411.2,158011.02,Exportacion Directa
TRX-90001990,20250813,2025-08-13,PRD-02,CC-202,133.0,7602.65,3369.05,1011152.45,448083.65,563068.8,Supermercados
TRX-90001991,20250813,2025-08-13,PRD-04,CC-202,254.0,5609.73,2950.76,1424871.42,749493.04,675378.38,Canal Horeca
TRX-90001992,20250814,2025-08-14,PRD-01,CC-202,144.0,7058.68,3257.9,1016449.92,469137.6,547312.32,Supermercados
TRX-90001993,20250814,2025-08-14,PRD-02,CC-202,146.0,7631.64,3493.88,1114219.44,510106.48,604112.96,Canal Horeca
TRX-90001994,20250814,2025-08-14,PRD-04,CC-202,172.0,5807.55,2855.12,998898.6,491080.64,507817.96,Distribuidor Mayorista
TRX-90001995,20250814,2025-08-14,PRD-02,CC-202,158.0,7843.47,3380.25,1239268.26,534079.5,705188.76,Distribuidor Mayorista
TRX-90001996,20250814,2025-08-14,PRD-04,CC-202,210.0,5792.3,2966.78,1216383.0,623023.8,593359.2,Supermercados
TRX-90001997,20250814,2025-08-14,PRD-01,CC-203,69.0,7122.5,3329.41,491452.5,229729.29,261723.21,Exportacion Directa
TRX-90001998,20250815,2025-08-15,PRD-03,CC-202,172.0,3179.36,1687.87,546849.92,290313.64,256536.28,Supermercados
TRX-90001999,20250815,2025-08-15,PRD-01,CC-202,174.0,7151.08,3191.4,1244287.92,555303.6,688984.32,Supermercados
TRX-90002000,20250815,2025-08-15,PRD-01,CC-202,94.0,6630.7,3232.12,623285.8,303819.28,319466.52,Distribuidor Mayorista
TRX-90002001,20250815,2025-08-15,PRD-03,CC-202,78.0,3269.17,1639.78,254995.26,127902.84,127092.42,Canal Horeca
TRX-90002002,20250815,2025-08-15,PRD-04,CC-203,169.0,5743.24,2866.06,970607.56,484364.14,486243.42,Exportacion Directa
TRX-90002003,20250815,2025-08-15,PRD-04,CC-202,212.0,5763.73,2885.44,1221910.76,611713.28,610197.48,Supermercados
TRX-90002004,20250815,2025-08-15,PRD-03,CC-202,194.0,3155.6,1687.8,612186.4,327433.2,284753.2,Canal Horeca
TRX-90002005,20250816,2025-08-16,PRD-04,CC-202,131.0,5627.1,2736.0,737150.1,358416.0,378734.1,Canal Horeca
TRX-90002006,20250816,2025-08-16,PRD-02,CC-203,31.0,7331.26,3497.14,227269.06,108411.34,118857.72,Exportacion Directa
TRX-90002007,20250816,2025-08-16,PRD-02,CC-202,150.0,7530.15,3588.2,1129522.5,538230.0,591292.5,Distribuidor Mayorista
TRX-90002008,20250817,2025-08-17,PRD-04,CC-202,85.0,6111.76,2765.56,519499.6,235072.6,284427.0,Distribuidor Mayorista
TRX-90002009,20250817,2025-08-17,PRD-02,CC-203,201.0,7469.85,3465.57,1501439.85,696579.57,804860.28,Exportacion Directa
TRX-90002010,20250817,2025-08-17,PRD-01,CC-202,62.0,6513.03,3082.16,403807.86,191093.92,212713.94,Distribuidor Mayorista
TRX-90002011,20250817,2025-08-17,PRD-01,CC-203,237.0,6546.26,3266.19,1551463.62,774087.03,777376.59,Exportacion Directa
TRX-90002012,20250817,2025-08-17,PRD-02,CC-202,193.0,7551.77,3335.82,1457491.61,643813.26,813678.35,Canal Horeca
TRX-90002013,20250817,2025-08-17,PRD-04,CC-202,206.0,6389.19,2743.06,1316173.14,565070.36,751102.78,Distribuidor Mayorista
TRX-90002014,20250818,2025-08-18,PRD-03,CC-203,182.0,3038.26,1570.6,552963.32,285849.2,267114.12,Exportacion Directa
TRX-90002015,20250818,2025-08-18,PRD-02,CC-202,258.0,7491.28,3474.46,1932750.24,896410.68,1036339.56,Distribuidor Mayorista
TRX-90002016,20250819,2025-08-19,PRD-03,CC-203,241.0,3004.49,1591.6,724082.09,383575.6,340506.49,Exportacion Directa
TRX-90002017,20250819,2025-08-19,PRD-01,CC-203,196.0,7142.69,3357.41,1399967.24,658052.36,741914.88,Exportacion Directa
TRX-90002018,20250819,2025-08-19,PRD-04,CC-202,166.0,6093.41,2909.03,1011506.06,482898.98,528607.08,Supermercados
TRX-90002019,20250819,2025-08-19,PRD-04,CC-202,127.0,5753.78,2820.99,730730.06,358265.73,372464.33,Canal Horeca
TRX-90002020,20250819,2025-08-19,PRD-03,CC-202,235.0,2991.95,1562.8,703108.25,367258.0,335850.25,Canal Horeca
TRX-90002021,20250819,2025-08-19,PRD-04,CC-202,103.0,6466.17,2900.6,666015.51,298761.8,367253.71,Canal Horeca
TRX-90002022,20250820,2025-08-20,PRD-03,CC-202,75.0,3017.34,1569.16,226300.5,117687.0,108613.5,Distribuidor Mayorista
TRX-90002023,20250820,2025-08-20,PRD-04,CC-202,112.0,5810.77,2724.31,650806.24,305122.72,345683.52,Supermercados
TRX-90002024,20250820,2025-08-20,PRD-04,CC-202,47.0,5919.46,2876.72,278214.62,135205.84,143008.78,Supermercados
TRX-90002025,20250820,2025-08-20,PRD-01,CC-202,55.0,6674.72,3330.89,367109.6,183198.95,183910.65,Distribuidor Mayorista
TRX-90002026,20250820,2025-08-20,PRD-03,CC-203,101.0,3104.33,1674.35,313537.33,169109.35,144427.98,Exportacion Directa
TRX-90002027,20250821,2025-08-21,PRD-04,CC-203,149.0,6338.94,2885.87,944502.06,429994.63,514507.43,Exportacion Directa
TRX-90002028,20250821,2025-08-21,PRD-01,CC-202,115.0,6619.1,3225.12,761196.5,370888.8,390307.7,Canal Horeca
TRX-90002029,20250821,2025-08-21,PRD-05,CC-202,187.0,8860.34,4460.26,1656883.58,834068.62,822814.96,Distribuidor Mayorista
TRX-90002030,20250821,2025-08-21,PRD-04,CC-202,131.0,5759.21,2933.11,754456.51,384237.41,370219.1,Distribuidor Mayorista
TRX-90002031,20250821,2025-08-21,PRD-03,CC-203,242.0,3087.51,1667.58,747177.42,403554.36,343623.06,Exportacion Directa
TRX-90002032,20250821,2025-08-21,PRD-02,CC-202,200.0,7292.1,3419.87,1458420.0,683974.0,774446.0,Canal Horeca
TRX-90002033,20250821,2025-08-21,PRD-05,CC-202,108.0,9221.67,4620.25,995940.36,498987.0,496953.36,Supermercados
TRX-90002034,20250822,2025-08-22,PRD-05,CC-202,162.0,8720.99,4340.23,1412800.38,703117.26,709683.12,Distribuidor Mayorista
TRX-90002035,20250822,2025-08-22,PRD-01,CC-203,32.0,7469.24,3356.65,239015.68,107412.8,131602.88,Exportacion Directa
TRX-90002036,20250823,2025-08-23,PRD-01,CC-202,238.0,6993.22,3222.68,1664386.36,766997.84,897388.52,Distribuidor Mayorista
TRX-90002037,20250823,2025-08-23,PRD-01,CC-203,210.0,7030.77,3291.85,1476461.7,691288.5,785173.2,Exportacion Directa
TRX-90002038,20250823,2025-08-23,PRD-03,CC-202,246.0,3316.87,1555.72,815950.02,382707.12,433242.9,Supermercados
TRX-90002039,20250824,2025-08-24,PRD-03,CC-203,206.0,3299.54,1556.16,679705.24,320568.96,359136.28,Exportacion Directa
TRX-90002040,20250824,2025-08-24,PRD-04,CC-202,128.0,6447.03,2737.14,825219.84,350353.92,474865.92,Canal Horeca
TRX-90002041,20250824,2025-08-24,PRD-02,CC-202,96.0,7465.66,3430.47,716703.36,329325.12,387378.24,Canal Horeca
TRX-90002042,20250824,2025-08-24,PRD-03,CC-202,73.0,3051.87,1624.43,222786.51,118583.39,104203.12,Distribuidor Mayorista
TRX-90002043,20250824,2025-08-24,PRD-03,CC-202,96.0,3252.68,1558.6,312257.28,149625.6,162631.68,Canal Horeca
TRX-90002044,20250825,2025-08-25,PRD-04,CC-203,72.0,5851.6,2749.24,421315.2,197945.28,223369.92,Exportacion Directa
TRX-90002045,20250825,2025-08-25,PRD-05,CC-202,245.0,9660.76,4591.73,2366886.2,1124973.85,1241912.35,Canal Horeca
TRX-90002046,20250825,2025-08-25,PRD-04,CC-202,219.0,6099.51,2791.93,1335792.69,611432.67,724360.02,Canal Horeca
TRX-90002047,20250825,2025-08-25,PRD-04,CC-202,225.0,5828.73,2950.89,1311464.25,663950.25,647514.0,Supermercados
TRX-90002048,20250825,2025-08-25,PRD-02,CC-202,196.0,7627.82,3458.9,1495052.72,677944.4,817108.32,Supermercados
TRX-90002049,20250826,2025-08-26,PRD-01,CC-202,71.0,7146.22,3142.56,507381.62,223121.76,284259.86,Canal Horeca
TRX-90002050,20250826,2025-08-26,PRD-05,CC-202,103.0,8788.31,4438.46,905195.93,457161.38,448034.55,Supermercados
TRX-90002051,20250826,2025-08-26,PRD-03,CC-202,64.0,3349.86,1662.82,214391.04,106420.48,107970.56,Distribuidor Mayorista
TRX-90002052,20250826,2025-08-26,PRD-02,CC-202,224.0,7090.62,3354.23,1588298.88,751347.52,836951.36,Distribuidor Mayorista
TRX-90002053,20250826,2025-08-26,PRD-04,CC-202,162.0,5781.56,2770.31,936612.72,448790.22,487822.5,Distribuidor Mayorista
TRX-90002054,20250826,2025-08-26,PRD-01,CC-202,238.0,6500.86,3165.27,1547204.68,753334.26,793870.42,Distribuidor Mayorista
TRX-90002055,20250826,2025-08-26,PRD-04,CC-203,78.0,5815.76,2942.36,453629.28,229504.08,224125.2,Exportacion Directa
TRX-90002056,20250827,2025-08-27,PRD-01,CC-202,175.0,7235.79,3121.44,1266263.25,546252.0,720011.25,Canal Horeca
TRX-90002057,20250827,2025-08-27,PRD-04,CC-202,229.0,6058.94,2885.14,1387497.26,660697.06,726800.2,Supermercados
TRX-90002058,20250827,2025-08-27,PRD-02,CC-202,115.0,7245.87,3504.76,833275.05,403047.4,430227.65,Canal Horeca
TRX-90002059,20250827,2025-08-27,PRD-04,CC-203,32.0,6201.84,2901.61,198458.88,92851.52,105607.36,Exportacion Directa
TRX-90002060,20250827,2025-08-27,PRD-01,CC-202,74.0,7119.53,3144.56,526845.22,232697.44,294147.78,Supermercados
TRX-90002061,20250827,2025-08-27,PRD-05,CC-203,220.0,9080.22,4668.1,1997648.4,1026982.0,970666.4,Exportacion Directa
TRX-90002062,20250828,2025-08-28,PRD-03,CC-202,177.0,3201.29,1606.11,566628.33,284281.47,282346.86,Distribuidor Mayorista
TRX-90002063,20250828,2025-08-28,PRD-02,CC-202,20.0,7699.69,3520.27,153993.8,70405.4,83588.4,Distribuidor Mayorista
TRX-90002064,20250828,2025-08-28,PRD-03,CC-202,28.0,3101.24,1610.51,86834.72,45094.28,41740.44,Distribuidor Mayorista
TRX-90002065,20250828,2025-08-28,PRD-03,CC-101,225.0,3370.46,1566.26,758353.5,352408.5,405945.0,Distribuidor Mayorista
TRX-90002066,20250828,2025-08-28,PRD-03,CC-202,209.0,3268.47,1633.72,683110.23,341447.48,341662.75,Canal Horeca
TRX-90002067,20250829,2025-08-29,PRD-04,CC-202,134.0,6269.43,2723.14,840103.62,364900.76,475202.86,Supermercados
TRX-90002068,20250829,2025-08-29,PRD-02,CC-202,244.0,7095.89,3494.31,1731397.16,852611.64,878785.52,Canal Horeca
TRX-90002069,20250829,2025-08-29,PRD-01,CC-202,187.0,7407.73,3195.94,1385245.51,597640.78,787604.73,Canal Horeca
TRX-90002070,20250829,2025-08-29,PRD-02,CC-202,184.0,7649.38,3410.58,1407485.92,627546.72,779939.2,Distribuidor Mayorista
TRX-90002071,20250829,2025-08-29,PRD-04,CC-203,252.0,5855.28,2805.2,1475530.56,706910.4,768620.16,Exportacion Directa
TRX-90002072,20250829,2025-08-29,PRD-03,CC-202,68.0,3099.48,1583.0,210764.64,107644.0,103120.64,Canal Horeca
TRX-90002073,20250829,2025-08-29,PRD-02,CC-202,102.0,7528.06,3467.08,767862.12,353642.16,414219.96,Supermercados
TRX-90002074,20250830,2025-08-30,PRD-03,CC-202,203.0,3092.66,1671.7,627809.98,339355.1,288454.88,Supermercados
TRX-90002075,20250830,2025-08-30,PRD-02,CC-203,134.0,7386.84,3383.14,989836.56,453340.76,536495.8,Exportacion Directa
TRX-90002076,20250830,2025-08-30,PRD-01,CC-202,62.0,6806.57,3217.8,422007.34,199503.6,222503.74,Distribuidor Mayorista
TRX-90002077,20250830,2025-08-30,PRD-01,CC-202,228.0,7180.37,3271.26,1637124.36,745847.28,891277.08,Supermercados
TRX-90002078,20250831,2025-08-31,PRD-01,CC-202,205.0,6743.69,3117.52,1382456.45,639091.6,743364.85,Canal Horeca
TRX-90002079,20250831,2025-08-31,PRD-04,CC-202,148.0,5683.76,2965.67,841196.48,438919.16,402277.32,Supermercados
TRX-90002080,20250831,2025-08-31,PRD-05,CC-202,210.0,9769.77,4742.55,2051651.7,995935.5,1055716.2,Distribuidor Mayorista
TRX-90002081,20250831,2025-08-31,PRD-03,CC-202,185.0,2973.74,1550.78,550141.9,286894.3,263247.6,Distribuidor Mayorista
TRX-90002082,20250901,2025-09-01,PRD-04,CC-202,50.0,5738.17,2959.06,286908.5,147953.0,138955.5,Supermercados
TRX-90002083,20250901,2025-09-01,PRD-02,CC-202,53.0,7044.54,3265.71,373360.62,173082.63,200277.99,Canal Horeca
TRX-90002084,20250901,2025-09-01,PRD-04,CC-202,92.0,6269.79,2899.08,576820.68,266715.36,310105.32,Canal Horeca
TRX-90002085,20250901,2025-09-01,PRD-01,CC-101,230.0,7382.45,3333.57,1697963.5,766721.1,931242.4,Canal Horeca
TRX-90002086,20250901,2025-09-01,PRD-02,CC-202,227.0,7686.94,3421.21,1744935.38,776614.67,968320.71,Distribuidor Mayorista
TRX-90002087,20250902,2025-09-02,PRD-04,CC-202,63.0,5968.91,2800.67,376041.33,176442.21,199599.12,Distribuidor Mayorista
TRX-90002088,20250902,2025-09-02,PRD-04,CC-202,197.0,6397.57,2942.57,1260321.29,579686.29,680635.0,Distribuidor Mayorista
TRX-90002089,20250902,2025-09-02,PRD-04,CC-203,195.0,6216.58,2764.06,1212233.1,538991.7,673241.4,Exportacion Directa
TRX-90002090,20250902,2025-09-02,PRD-05,CC-203,85.0,8701.48,4473.95,739625.8,380285.75,359340.05,Exportacion Directa
TRX-90002091,20250902,2025-09-02,PRD-04,CC-202,103.0,6340.39,2721.57,653060.17,280321.71,372738.46,Distribuidor Mayorista
TRX-90002092,20250902,2025-09-02,PRD-02,CC-101,135.0,7150.98,3431.56,965382.3,463260.6,502121.7,Canal Horeca
TRX-90002093,20250903,2025-09-03,PRD-05,CC-202,226.0,9034.18,4393.98,2041724.68,993039.48,1048685.2,Canal Horeca
TRX-90002094,20250903,2025-09-03,PRD-01,CC-202,89.0,7380.46,3182.07,656860.94,283204.23,373656.71,Distribuidor Mayorista
TRX-90002095,20250903,2025-09-03,PRD-04,CC-101,234.0,6187.92,2948.84,1447973.28,690028.56,757944.72,Distribuidor Mayorista
TRX-90002096,20250903,2025-09-03,PRD-03,CC-202,246.0,3208.47,1641.12,789283.62,403715.52,385568.1,Distribuidor Mayorista
TRX-90002097,20250903,2025-09-03,PRD-01,CC-203,59.0,6867.51,3176.57,405183.09,187417.63,217765.46,Exportacion Directa
TRX-90002098,20250904,2025-09-04,PRD-04,CC-202,80.0,6295.29,2715.65,503623.2,217252.0,286371.2,Distribuidor Mayorista
TRX-90002099,20250904,2025-09-04,PRD-04,CC-202,75.0,5686.57,2851.82,426492.75,213886.5,212606.25,Supermercados
TRX-90002100,20250904,2025-09-04,PRD-02,CC-202,92.0,7807.35,3530.39,718276.2,324795.88,393480.32,Supermercados
TRX-90002101,20250904,2025-09-04,PRD-01,CC-202,207.0,7089.28,3348.31,1467480.96,693100.17,774380.79,Canal Horeca
TRX-90002102,20250905,2025-09-05,PRD-05,CC-202,186.0,8685.32,4575.59,1615469.52,851059.74,764409.78,Distribuidor Mayorista
TRX-90002103,20250905,2025-09-05,PRD-04,CC-202,141.0,6307.31,2696.9,889330.71,380262.9,509067.81,Canal Horeca
TRX-90002104,20250905,2025-09-05,PRD-03,CC-202,203.0,3106.6,1544.06,630639.8,313444.18,317195.62,Distribuidor Mayorista
TRX-90002105,20250905,2025-09-05,PRD-05,CC-202,95.0,9153.99,4418.22,869629.05,419730.9,449898.15,Supermercados
TRX-90002106,20250905,2025-09-05,PRD-03,CC-202,130.0,3212.11,1558.06,417574.3,202547.8,215026.5,Distribuidor Mayorista
TRX-90002107,20250906,2025-09-06,PRD-01,CC-202,189.0,7300.02,3334.62,1379703.78,630243.18,749460.6,Canal Horeca
TRX-90002108,20250906,2025-09-06,PRD-02,CC-203,118.0,7218.88,3387.27,851827.84,399697.86,452129.98,Exportacion Directa
TRX-90002109,20250906,2025-09-06,PRD-02,CC-202,36.0,7194.43,3335.08,258999.48,120062.88,138936.6,Canal Horeca
TRX-90002110,20250906,2025-09-06,PRD-04,CC-202,185.0,6018.02,2823.0,1113333.7,522255.0,591078.7,Supermercados
TRX-90002111,20250906,2025-09-06,PRD-02,CC-202,182.0,7078.94,3393.54,1288367.08,617624.28,670742.8,Distribuidor Mayorista
TRX-90002112,20250906,2025-09-06,PRD-03,CC-202,73.0,3299.28,1661.04,240847.44,121255.92,119591.52,Supermercados
TRX-90002113,20250906,2025-09-06,PRD-02,CC-202,182.0,6858.1,3494.93,1248174.2,636077.26,612096.94,Supermercados
TRX-90002114,20250907,2025-09-07,PRD-03,CC-203,181.0,2960.19,1612.1,535794.39,291790.1,244004.29,Exportacion Directa
TRX-90002115,20250907,2025-09-07,PRD-03,CC-202,153.0,3019.97,1641.03,462055.41,251077.59,210977.82,Distribuidor Mayorista
TRX-90002116,20250908,2025-09-08,PRD-01,CC-203,36.0,7406.66,3342.36,266639.76,120324.96,146314.8,Exportacion Directa
TRX-90002117,20250908,2025-09-08,PRD-01,CC-203,147.0,6703.93,3235.94,985477.71,475683.18,509794.53,Exportacion Directa
TRX-90002118,20250908,2025-09-08,PRD-02,CC-202,258.0,7554.72,3290.11,1949117.76,848848.38,1100269.38,Supermercados
TRX-90002119,20250908,2025-09-08,PRD-01,CC-202,167.0,7021.68,3201.03,1172620.56,534572.01,638048.55,Canal Horeca
TRX-90002120,20250908,2025-09-08,PRD-02,CC-202,63.0,7719.84,3472.02,486349.92,218737.26,267612.66,Supermercados
TRX-90002121,20250909,2025-09-09,PRD-03,CC-202,69.0,2994.23,1592.78,206601.87,109901.82,96700.05,Supermercados
TRX-90002122,20250909,2025-09-09,PRD-02,CC-203,217.0,7569.89,3487.77,1642666.13,756846.09,885820.04,Exportacion Directa
TRX-90002123,20250909,2025-09-09,PRD-04,CC-203,226.0,5954.8,2738.9,1345784.8,618991.4,726793.4,Exportacion Directa
TRX-90002124,20250909,2025-09-09,PRD-05,CC-203,239.0,9666.18,4390.33,2310217.02,1049288.87,1260928.15,Exportacion Directa
TRX-90002125,20250910,2025-09-10,PRD-04,CC-202,115.0,6383.21,2843.97,734069.15,327056.55,407012.6,Canal Horeca
TRX-90002126,20250910,2025-09-10,PRD-02,CC-202,43.0,7886.17,3353.2,339105.31,144187.6,194917.71,Supermercados
TRX-90002127,20250910,2025-09-10,PRD-02,CC-203,64.0,7743.42,3281.07,495578.88,209988.48,285590.4,Exportacion Directa
TRX-90002128,20250910,2025-09-10,PRD-05,CC-202,134.0,8961.79,4462.46,1200879.86,597969.64,602910.22,Canal Horeca
TRX-90002129,20250910,2025-09-10,PRD-05,CC-203,246.0,8576.98,4461.67,2109937.08,1097570.82,1012366.26,Exportacion Directa
TRX-90002130,20250911,2025-09-11,PRD-01,CC-202,240.0,6866.19,3214.05,1647885.6,771372.0,876513.6,Distribuidor Mayorista
TRX-90002131,20250911,2025-09-11,PRD-05,CC-202,170.0,9566.96,4563.13,1626383.2,775732.1,850651.1,Distribuidor Mayorista
TRX-90002132,20250911,2025-09-11,PRD-05,CC-202,127.0,8961.02,4731.78,1138049.54,600936.06,537113.48,Canal Horeca
TRX-90002133,20250911,2025-09-11,PRD-03,CC-203,125.0,3337.56,1613.44,417195.0,201680.0,215515.0,Exportacion Directa
TRX-90002134,20250911,2025-09-11,PRD-05,CC-202,220.0,8866.81,4577.87,1950698.2,1007131.4,943566.8,Distribuidor Mayorista
TRX-90002135,20250911,2025-09-11,PRD-01,CC-202,139.0,6500.05,3159.04,903506.95,439106.56,464400.39,Distribuidor Mayorista
TRX-90002136,20250912,2025-09-12,PRD-04,CC-202,164.0,6221.58,2778.82,1020339.12,455726.48,564612.64,Distribuidor Mayorista
TRX-90002137,20250912,2025-09-12,PRD-01,CC-203,60.0,6675.1,3346.3,400506.0,200778.0,199728.0,Exportacion Directa
TRX-90002138,20250912,2025-09-12,PRD-03,CC-202,54.0,3385.24,1600.03,182802.96,86401.62,96401.34,Canal Horeca
TRX-90002139,20250912,2025-09-12,PRD-05,CC-202,30.0,9061.63,4671.09,271848.9,140132.7,131716.2,Canal Horeca
TRX-90002140,20250913,2025-09-13,PRD-05,CC-202,95.0,9335.44,4629.62,886866.8,439813.9,447052.9,Canal Horeca
TRX-90002141,20250913,2025-09-13,PRD-02,CC-203,252.0,7053.94,3286.34,1777592.88,828157.68,949435.2,Exportacion Directa
TRX-90002142,20250913,2025-09-13,PRD-01,CC-202,88.0,6773.36,3246.87,596055.68,285724.56,310331.12,Canal Horeca
TRX-90002143,20250913,2025-09-13,PRD-02,CC-202,44.0,7013.04,3322.12,308573.76,146173.28,162400.48,Canal Horeca
TRX-90002144,20250913,2025-09-13,PRD-03,CC-203,258.0,3297.14,1679.67,850662.12,433354.86,417307.26,Exportacion Directa
TRX-90002145,20250914,2025-09-14,PRD-05,CC-202,113.0,8588.83,4327.47,970537.79,489004.11,481533.68,Distribuidor Mayorista
TRX-90002146,20250914,2025-09-14,PRD-03,CC-203,118.0,3225.14,1562.08,380566.52,184325.44,196241.08,Exportacion Directa
TRX-90002147,20250914,2025-09-14,PRD-01,CC-202,222.0,6484.18,3339.18,1439487.96,741297.96,698190.0,Supermercados
TRX-90002148,20250915,2025-09-15,PRD-03,CC-202,211.0,3075.15,1580.44,648856.65,333472.84,315383.81,Distribuidor Mayorista
TRX-90002149,20250915,2025-09-15,PRD-01,CC-202,229.0,6511.63,3084.61,1491163.27,706375.69,784787.58,Distribuidor Mayorista
TRX-90002150,20250916,2025-09-16,PRD-04,CC-202,37.0,6364.29,2892.72,235478.73,107030.64,128448.09,Distribuidor Mayorista
TRX-90002151,20250916,2025-09-16,PRD-03,CC-203,25.0,3308.45,1586.19,82711.25,39654.75,43056.5,Exportacion Directa
TRX-90002152,20250916,2025-09-16,PRD-05,CC-202,67.0,9386.45,4483.85,628892.15,300417.95,328474.2,Supermercados
TRX-90002153,20250916,2025-09-16,PRD-01,CC-202,250.0,6466.38,3091.8,1616595.0,772950.0,843645.0,Distribuidor Mayorista
TRX-90002154,20250917,2025-09-17,PRD-05,CC-202,98.0,8817.44,4726.91,864109.12,463237.18,400871.94,Distribuidor Mayorista
TRX-90002155,20250917,2025-09-17,PRD-02,CC-202,138.0,7433.86,3281.19,1025872.68,452804.22,573068.46,Distribuidor Mayorista
TRX-90002156,20250917,2025-09-17,PRD-01,CC-202,160.0,7309.01,3329.81,1169441.6,532769.6,636672.0,Canal Horeca
TRX-90002157,20250917,2025-09-17,PRD-02,CC-202,139.0,7120.14,3293.78,989699.46,457835.42,531864.04,Supermercados
TRX-90002158,20250918,2025-09-18,PRD-03,CC-202,47.0,2968.51,1636.23,139519.97,76902.81,62617.16,Distribuidor Mayorista
TRX-90002159,20250918,2025-09-18,PRD-02,CC-202,177.0,7142.13,3376.88,1264157.01,597707.76,666449.25,Canal Horeca
TRX-90002160,20250918,2025-09-18,PRD-04,CC-202,256.0,6375.51,2900.54,1632130.56,742538.24,889592.32,Supermercados
TRX-90002161,20250918,2025-09-18,PRD-02,CC-203,214.0,7363.14,3499.89,1575711.96,748976.46,826735.5,Exportacion Directa
TRX-90002162,20250918,2025-09-18,PRD-02,CC-202,224.0,7457.76,3537.85,1670538.24,792478.4,878059.84,Distribuidor Mayorista
TRX-90002163,20250919,2025-09-19,PRD-02,CC-202,48.0,7001.19,3355.18,336057.12,161048.64,175008.48,Distribuidor Mayorista
TRX-90002164,20250919,2025-09-19,PRD-01,CC-202,149.0,6876.62,3289.5,1024616.38,490135.5,534480.88,Distribuidor Mayorista
TRX-90002165,20250919,2025-09-19,PRD-01,CC-202,201.0,6495.37,3197.41,1305569.37,642679.41,662889.96,Canal Horeca
TRX-90002166,20250919,2025-09-19,PRD-04,CC-203,53.0,5776.19,2867.62,306138.07,151983.86,154154.21,Exportacion Directa
TRX-90002167,20250919,2025-09-19,PRD-04,CC-202,119.0,6389.19,2938.79,760313.61,349716.01,410597.6,Supermercados
TRX-90002168,20250920,2025-09-20,PRD-02,CC-202,250.0,6960.03,3484.36,1740007.5,871090.0,868917.5,Distribuidor Mayorista
TRX-90002169,20250920,2025-09-20,PRD-04,CC-202,98.0,6336.07,2876.47,620934.86,281894.06,339040.8,Distribuidor Mayorista
TRX-90002170,20250921,2025-09-21,PRD-01,CC-101,101.0,6506.2,3282.04,657126.2,331486.04,325640.16,Exportacion Directa
TRX-90002171,20250921,2025-09-21,PRD-04,CC-203,184.0,5677.59,2697.78,1044676.56,496391.52,548285.04,Exportacion Directa
TRX-90002172,20250921,2025-09-21,PRD-04,CC-202,53.0,5631.57,2812.47,298473.21,149060.91,149412.3,Distribuidor Mayorista
TRX-90002173,20250922,2025-09-22,PRD-03,CC-202,166.0,3023.61,1592.29,501919.26,264320.14,237599.12,Canal Horeca
TRX-90002174,20250922,2025-09-22,PRD-03,CC-202,204.0,3180.79,1638.06,648881.16,334164.24,314716.92,Distribuidor Mayorista
TRX-90002175,20250922,2025-09-22,PRD-02,CC-202,200.0,7669.45,3411.68,1533890.0,682336.0,851554.0,Distribuidor Mayorista
TRX-90002176,20250922,2025-09-22,PRD-01,CC-202,149.0,7091.15,3284.92,1056581.35,489453.08,567128.27,Supermercados
TRX-90002177,20250922,2025-09-22,PRD-05,CC-203,163.0,9315.89,4330.59,1518490.07,705886.17,812603.9,Exportacion Directa
TRX-90002178,20250923,2025-09-23,PRD-02,CC-202,107.0,7729.14,3453.1,827017.98,369481.7,457536.28,Distribuidor Mayorista
TRX-90002179,20250923,2025-09-23,PRD-04,CC-202,90.0,5619.34,2917.15,505740.6,262543.5,243197.1,Canal Horeca
TRX-90002180,20250923,2025-09-23,PRD-02,CC-203,228.0,7801.11,3601.27,1778653.08,821089.56,957563.52,Exportacion Directa
TRX-90002181,20250923,2025-09-23,PRD-05,CC-202,66.0,8735.78,4664.41,576561.48,307851.06,268710.42,Supermercados
TRX-90002182,20250924,2025-09-24,PRD-03,CC-203,43.0,3182.91,1545.76,136865.13,66467.68,70397.45,Exportacion Directa
TRX-90002183,20250924,2025-09-24,PRD-03,CC-202,59.0,2988.37,1690.21,176313.83,99722.39,76591.44,Canal Horeca
TRX-90002184,20250924,2025-09-24,PRD-02,CC-203,31.0,7003.92,3566.46,217121.52,110560.26,106561.26,Exportacion Directa
TRX-90002185,20250925,2025-09-25,PRD-02,CC-202,163.0,6845.84,3264.46,1115871.92,532106.98,583764.94,Canal Horeca
TRX-90002186,20250925,2025-09-25,PRD-01,CC-202,185.0,6606.26,3077.88,1222158.1,569407.8,652750.3,Canal Horeca
TRX-90002187,20250926,2025-09-26,PRD-01,CC-202,61.0,6698.0,3272.11,408578.0,199598.71,208979.29,Distribuidor Mayorista
TRX-90002188,20250926,2025-09-26,PRD-03,CC-101,137.0,3046.7,1545.59,417397.9,211745.83,205652.07,Canal Horeca
TRX-90002189,20250926,2025-09-26,PRD-04,CC-202,256.0,6141.31,2925.84,1572175.36,749015.04,823160.32,Distribuidor Mayorista
TRX-90002190,20250926,2025-09-26,PRD-04,CC-203,46.0,6254.72,2783.57,287717.12,128044.22,159672.9,Exportacion Directa
TRX-90002191,20250926,2025-09-26,PRD-03,CC-203,108.0,3376.92,1589.12,364707.36,171624.96,193082.4,Exportacion Directa
TRX-90002192,20250927,2025-09-27,PRD-05,CC-202,220.0,9286.35,4683.04,2042997.0,1030268.8,1012728.2,Supermercados
TRX-90002193,20250927,2025-09-27,PRD-05,CC-202,39.0,9099.42,4669.85,354877.38,182124.15,172753.23,Supermercados
TRX-90002194,20250927,2025-09-27,PRD-01,CC-203,171.0,6962.45,3274.69,1190578.95,559971.99,630606.96,Exportacion Directa
TRX-90002195,20250928,2025-09-28,PRD-05,CC-203,48.0,9530.98,4586.41,457487.04,220147.68,237339.36,Exportacion Directa
TRX-90002196,20250928,2025-09-28,PRD-04,CC-202,144.0,5626.85,2789.57,810266.4,401698.08,408568.32,Canal Horeca
TRX-90002197,20250928,2025-09-28,PRD-03,CC-202,97.0,3335.52,1556.4,323545.44,150970.8,172574.64,Supermercados
TRX-90002198,20250929,2025-09-29,PRD-04,CC-202,95.0,5738.36,2926.45,545144.2,278012.75,267131.45,Canal Horeca
TRX-90002199,20250929,2025-09-29,PRD-05,CC-203,183.0,9425.33,4673.15,1724835.39,855186.45,869648.94,Exportacion Directa
TRX-90002200,20250929,2025-09-29,PRD-01,CC-203,203.0,7268.04,3288.44,1475412.12,667553.32,807858.8,Exportacion Directa
TRX-90002201,20250930,2025-09-30,PRD-01,CC-202,37.0,7052.82,3153.16,260954.34,116666.92,144287.42,Supermercados
TRX-90002202,20250930,2025-09-30,PRD-04,CC-202,142.0,5677.28,2946.8,806173.76,418445.6,387728.16,Canal Horeca
TRX-90002203,20250930,2025-09-30,PRD-02,CC-202,123.0,6978.0,3414.4,858294.0,419971.2,438322.8,Supermercados
TRX-90002204,20250930,2025-09-30,PRD-05,CC-202,217.0,9368.98,4726.22,2033068.66,1025589.74,1007478.92,Distribuidor Mayorista
TRX-90002205,20250930,2025-09-30,PRD-01,CC-202,161.0,6589.92,3112.41,1060977.12,501098.01,559879.11,Distribuidor Mayorista
TRX-90002206,20251001,2025-10-01,PRD-05,CC-203,164.0,9565.08,4733.28,1568673.12,776257.92,792415.2,Exportacion Directa
TRX-90002207,20251001,2025-10-01,PRD-04,CC-203,24.0,5696.54,2800.57,136716.96,67213.68,69503.28,Exportacion Directa
TRX-90002208,20251001,2025-10-01,PRD-02,CC-202,142.0,7162.69,3567.01,1017101.98,506515.42,510586.56,Supermercados
TRX-90002209,20251001,2025-10-01,PRD-04,CC-202,118.0,5920.59,2759.25,698629.62,325591.5,373038.12,Canal Horeca
TRX-90002210,20251001,2025-10-01,PRD-02,CC-202,51.0,7759.24,3589.59,395721.24,183069.09,212652.15,Distribuidor Mayorista
TRX-90002211,20251002,2025-10-02,PRD-03,CC-202,220.0,3202.2,1665.96,704484.0,366511.2,337972.8,Distribuidor Mayorista
TRX-90002212,20251002,2025-10-02,PRD-01,CC-101,41.0,7139.59,3388.43,292723.19,138925.63,153797.56,Distribuidor Mayorista
TRX-90002213,20251002,2025-10-02,PRD-01,CC-202,108.0,6857.7,3225.62,740631.6,348366.96,392264.64,Distribuidor Mayorista
TRX-90002214,20251002,2025-10-02,PRD-05,CC-202,106.0,8563.19,4693.38,907698.14,497498.28,410199.86,Canal Horeca
TRX-90002215,20251002,2025-10-02,PRD-01,CC-202,222.0,7002.51,3351.56,1554557.22,744046.32,810510.9,Distribuidor Mayorista
TRX-90002216,20251002,2025-10-02,PRD-04,CC-202,39.0,6120.7,2915.49,238707.3,113704.11,125003.19,Supermercados
TRX-90002217,20251003,2025-10-03,PRD-01,CC-202,100.0,6958.82,3347.06,695882.0,334706.0,361176.0,Canal Horeca
TRX-90002218,20251003,2025-10-03,PRD-05,CC-202,48.0,9382.36,4484.1,450353.28,215236.8,235116.48,Canal Horeca
TRX-90002219,20251004,2025-10-04,PRD-02,CC-202,238.0,6969.13,3458.7,1658652.94,823170.6,835482.34,Distribuidor Mayorista
TRX-90002220,20251004,2025-10-04,PRD-04,CC-101,92.0,6316.62,2807.26,581129.04,258267.92,322861.12,Distribuidor Mayorista
TRX-90002221,20251004,2025-10-04,PRD-03,CC-101,121.0,2988.01,1660.86,361549.21,200964.06,160585.15,Supermercados
TRX-90002222,20251004,2025-10-04,PRD-03,CC-202,207.0,3301.89,1585.2,683491.23,328136.4,355354.83,Distribuidor Mayorista
TRX-90002223,20251004,2025-10-04,PRD-02,CC-203,200.0,7700.23,3343.06,1540046.0,668612.0,871434.0,Exportacion Directa
TRX-90002224,20251004,2025-10-04,PRD-01,CC-202,219.0,7442.75,3106.57,1629962.25,680338.83,949623.42,Canal Horeca
TRX-90002225,20251005,2025-10-05,PRD-02,CC-202,96.0,7424.68,3293.25,712769.28,316152.0,396617.28,Canal Horeca
TRX-90002226,20251005,2025-10-05,PRD-02,CC-202,259.0,6953.92,3463.1,1801065.28,896942.9,904122.38,Canal Horeca
TRX-90002227,20251005,2025-10-05,PRD-02,CC-202,202.0,7092.44,3480.84,1432672.88,703129.68,729543.2,Distribuidor Mayorista
TRX-90002228,20251005,2025-10-05,PRD-03,CC-202,30.0,2964.33,1615.7,88929.9,48471.0,40458.9,Canal Horeca
TRX-90002229,20251006,2025-10-06,PRD-04,CC-203,135.0,5877.38,2859.82,793446.3,386075.7,407370.6,Exportacion Directa
TRX-90002230,20251006,2025-10-06,PRD-04,CC-202,118.0,6321.78,2851.28,745970.04,336451.04,409519.0,Canal Horeca
TRX-90002231,20251006,2025-10-06,PRD-05,CC-202,139.0,8554.64,4728.48,1189094.96,657258.72,531836.24,Supermercados
TRX-90002232,20251006,2025-10-06,PRD-01,CC-202,172.0,7174.44,3318.54,1234003.68,570788.88,663214.8,Distribuidor Mayorista
TRX-90002233,20251006,2025-10-06,PRD-01,CC-202,190.0,7420.41,3241.51,1409877.9,615886.9,793991.0,Supermercados
TRX-90002234,20251006,2025-10-06,PRD-04,CC-202,227.0,5655.34,2902.63,1283762.18,658897.01,624865.17,Supermercados
TRX-90002235,20251006,2025-10-06,PRD-01,CC-202,94.0,7409.26,3288.35,696470.44,309104.9,387365.54,Distribuidor Mayorista
TRX-90002236,20251007,2025-10-07,PRD-05,CC-202,201.0,9189.88,4675.51,1847165.88,939777.51,907388.37,Supermercados
TRX-90002237,20251007,2025-10-07,PRD-02,CC-202,254.0,7886.87,3392.47,2003264.98,861687.38,1141577.6,Canal Horeca
TRX-90002238,20251007,2025-10-07,PRD-02,CC-203,230.0,6922.86,3320.46,1592257.8,763705.8,828552.0,Exportacion Directa
TRX-90002239,20251007,2025-10-07,PRD-05,CC-202,49.0,9121.57,4367.85,446956.93,214024.65,232932.28,Distribuidor Mayorista
TRX-90002240,20251007,2025-10-07,PRD-04,CC-202,177.0,6437.83,2932.34,1139495.91,519024.18,620471.73,Canal Horeca
TRX-90002241,20251008,2025-10-08,PRD-02,CC-202,198.0,6840.2,3472.75,1354359.6,687604.5,666755.1,Supermercados
TRX-90002242,20251008,2025-10-08,PRD-05,CC-203,83.0,9541.32,4743.23,791929.56,393688.09,398241.47,Exportacion Directa
TRX-90002243,20251009,2025-10-09,PRD-05,CC-202,229.0,8718.85,4401.23,1996616.65,1007881.67,988734.98,Distribuidor Mayorista
TRX-90002244,20251009,2025-10-09,PRD-01,CC-203,259.0,7053.37,3200.47,1826822.83,828921.73,997901.1,Exportacion Directa
TRX-90002245,20251010,2025-10-10,PRD-05,CC-202,255.0,8977.98,4393.2,2289384.9,1120266.0,1169118.9,Supermercados
TRX-90002246,20251010,2025-10-10,PRD-02,CC-202,151.0,7065.54,3283.91,1066896.54,495870.41,571026.13,Distribuidor Mayorista
TRX-90002247,20251011,2025-10-11,PRD-02,CC-202,197.0,7781.67,3460.17,1532988.99,681653.49,851335.5,Canal Horeca
TRX-90002248,20251011,2025-10-11,PRD-04,CC-202,230.0,5866.49,2836.39,1349292.7,652369.7,696923.0,Canal Horeca
TRX-90002249,20251011,2025-10-11,PRD-01,CC-202,46.0,7064.63,3119.48,324972.98,143496.08,181476.9,Canal Horeca
TRX-90002250,20251011,2025-10-11,PRD-04,CC-101,176.0,5731.97,2730.4,1008826.72,480550.4,528276.32,Canal Horeca
TRX-90002251,20251011,2025-10-11,PRD-01,CC-202,23.0,7086.69,3239.57,162993.87,74510.11,88483.76,Canal Horeca
TRX-90002252,20251011,2025-10-11,PRD-04,CC-202,237.0,6020.88,2828.7,1426948.56,670401.9,756546.66,Supermercados
TRX-90002253,20251011,2025-10-11,PRD-03,CC-202,177.0,3091.48,1662.63,547191.96,294285.51,252906.45,Supermercados
TRX-90002254,20251012,2025-10-12,PRD-03,CC-202,55.0,3309.31,1580.33,182012.05,86918.15,95093.9,Canal Horeca
TRX-90002255,20251012,2025-10-12,PRD-01,CC-202,20.0,6789.56,3388.08,135791.2,67761.6,68029.6,Canal Horeca
TRX-90002256,20251012,2025-10-12,PRD-03,CC-101,256.0,3128.27,1632.53,800837.12,417927.68,382909.44,Exportacion Directa
TRX-90002257,20251012,2025-10-12,PRD-01,CC-202,105.0,6938.91,3207.25,728585.55,336761.25,391824.3,Canal Horeca
TRX-90002258,20251012,2025-10-12,PRD-05,CC-203,49.0,9352.45,4536.58,458270.05,222292.42,235977.63,Exportacion Directa
TRX-90002259,20251012,2025-10-12,PRD-01,CC-202,31.0,7429.54,3079.06,230315.74,95450.86,134864.88,Supermercados
TRX-90002260,20251012,2025-10-12,PRD-02,CC-202,168.0,6853.94,3341.07,1151461.92,561299.76,590162.16,Canal Horeca
TRX-90002261,20251013,2025-10-13,PRD-02,CC-202,136.0,7315.04,3482.95,994845.44,473681.2,521164.24,Canal Horeca
TRX-90002262,20251013,2025-10-13,PRD-01,CC-203,201.0,6589.64,3132.57,1324517.64,629646.57,694871.07,Exportacion Directa
TRX-90002263,20251013,2025-10-13,PRD-04,CC-202,255.0,6270.63,2941.55,1599010.65,750095.25,848915.4,Distribuidor Mayorista
TRX-90002264,20251013,2025-10-13,PRD-02,CC-203,206.0,7052.64,3413.99,1452843.84,703281.94,749561.9,Exportacion Directa
TRX-90002265,20251013,2025-10-13,PRD-03,CC-203,215.0,3109.19,1663.97,668475.85,357753.55,310722.3,Exportacion Directa
TRX-90002266,20251013,2025-10-13,PRD-02,CC-202,213.0,7732.01,3478.7,1646918.13,740963.1,905955.03,Supermercados
TRX-90002267,20251013,2025-10-13,PRD-03,CC-202,204.0,2951.77,1575.58,602161.08,321418.32,280742.76,Distribuidor Mayorista
TRX-90002268,20251014,2025-10-14,PRD-02,CC-203,186.0,7493.5,3338.97,1393791.0,621048.42,772742.58,Exportacion Directa
TRX-90002269,20251014,2025-10-14,PRD-05,CC-202,28.0,8483.06,4688.82,237525.68,131286.96,106238.72,Distribuidor Mayorista
TRX-90002270,20251014,2025-10-14,PRD-02,CC-202,234.0,7690.76,3360.34,1799637.84,786319.56,1013318.28,Distribuidor Mayorista
TRX-90002271,20251014,2025-10-14,PRD-03,CC-202,58.0,3118.82,1636.05,180891.56,94890.9,86000.66,Supermercados
TRX-90002272,20251014,2025-10-14,PRD-02,CC-202,150.0,7039.22,3332.78,1055883.0,499917.0,555966.0,Supermercados
TRX-90002273,20251014,2025-10-14,PRD-02,CC-202,54.0,6895.24,3399.25,372342.96,183559.5,188783.46,Supermercados
TRX-90002274,20251014,2025-10-14,PRD-02,CC-202,112.0,7361.96,3394.15,824539.52,380144.8,444394.72,Distribuidor Mayorista
TRX-90002275,20251015,2025-10-15,PRD-04,CC-202,198.0,5659.91,2707.92,1120662.18,536168.16,584494.02,Supermercados
TRX-90002276,20251015,2025-10-15,PRD-05,CC-202,35.0,9210.63,4715.12,322372.05,165029.2,157342.85,Supermercados
TRX-90002277,20251015,2025-10-15,PRD-04,CC-202,96.0,5705.48,2944.91,547726.08,282711.36,265014.72,Supermercados
TRX-90002278,20251015,2025-10-15,PRD-01,CC-202,121.0,7298.79,3360.88,883153.59,406666.48,476487.11,Supermercados
TRX-90002279,20251015,2025-10-15,PRD-04,CC-202,248.0,6004.31,2780.51,1489068.88,689566.48,799502.4,Distribuidor Mayorista
TRX-90002280,20251016,2025-10-16,PRD-02,CC-202,219.0,7160.34,3290.24,1568114.46,720562.56,847551.9,Canal Horeca
TRX-90002281,20251016,2025-10-16,PRD-04,CC-202,108.0,5717.35,2722.52,617473.8,294032.16,323441.64,Distribuidor Mayorista
TRX-90002282,20251016,2025-10-16,PRD-02,CC-202,97.0,7105.52,3385.77,689235.44,328419.69,360815.75,Canal Horeca
TRX-90002283,20251016,2025-10-16,PRD-04,CC-202,153.0,6210.62,2953.71,950224.86,451917.63,498307.23,Canal Horeca
TRX-90002284,20251016,2025-10-16,PRD-04,CC-203,209.0,5943.19,2843.32,1242126.71,594253.88,647872.83,Exportacion Directa
TRX-90002285,20251016,2025-10-16,PRD-03,CC-202,78.0,2946.95,1643.27,229862.1,128175.06,101687.04,Canal Horeca
TRX-90002286,20251016,2025-10-16,PRD-01,CC-203,179.0,6959.44,3204.94,1245739.76,573684.26,672055.5,Exportacion Directa
TRX-90002287,20251017,2025-10-17,PRD-04,CC-203,244.0,5624.66,2964.79,1372417.04,723408.76,649008.28,Exportacion Directa
TRX-90002288,20251017,2025-10-17,PRD-01,CC-202,86.0,7447.16,3247.96,640455.76,279324.56,361131.2,Distribuidor Mayorista
TRX-90002289,20251017,2025-10-17,PRD-01,CC-202,195.0,6577.05,3228.93,1282524.75,629641.35,652883.4,Canal Horeca
TRX-90002290,20251017,2025-10-17,PRD-02,CC-202,44.0,6895.05,3473.96,303382.2,152854.24,150527.96,Distribuidor Mayorista
TRX-90002291,20251017,2025-10-17,PRD-02,CC-202,85.0,7474.71,3302.2,635350.35,280687.0,354663.35,Distribuidor Mayorista
TRX-90002292,20251018,2025-10-18,PRD-01,CC-202,258.0,6905.79,3272.88,1781693.82,844403.04,937290.78,Canal Horeca
TRX-90002293,20251018,2025-10-18,PRD-01,CC-202,166.0,7472.36,3149.01,1240411.76,522735.66,717676.1,Supermercados
TRX-90002294,20251018,2025-10-18,PRD-05,CC-202,33.0,9563.88,4421.1,315608.04,145896.3,169711.74,Distribuidor Mayorista
TRX-90002295,20251018,2025-10-18,PRD-05,CC-101,212.0,9001.91,4760.2,1908404.92,1009162.4,899242.52,Distribuidor Mayorista
TRX-90002296,20251018,2025-10-18,PRD-02,CC-202,203.0,7703.09,3377.63,1563727.27,685658.89,878068.38,Supermercados
TRX-90002297,20251019,2025-10-19,PRD-05,CC-202,207.0,9227.11,4694.68,1910011.77,971798.76,938213.01,Supermercados
TRX-90002298,20251019,2025-10-19,PRD-03,CC-202,56.0,3266.8,1558.4,182940.8,87270.4,95670.4,Distribuidor Mayorista
TRX-90002299,20251019,2025-10-19,PRD-04,CC-202,187.0,6090.5,2800.77,1138923.5,523743.99,615179.51,Distribuidor Mayorista
TRX-90002300,20251019,2025-10-19,PRD-03,CC-202,73.0,2972.52,1637.25,216993.96,119519.25,97474.71,Distribuidor Mayorista
TRX-90002301,20251019,2025-10-19,PRD-04,CC-202,207.0,6484.76,2691.1,1342345.32,557057.7,785287.62,Distribuidor Mayorista
TRX-90002302,20251020,2025-10-20,PRD-05,CC-202,45.0,9665.9,4766.19,434965.5,214478.55,220486.95,Canal Horeca
TRX-90002303,20251020,2025-10-20,PRD-03,CC-202,153.0,3110.28,1643.08,475872.84,251391.24,224481.6,Distribuidor Mayorista
TRX-90002304,20251020,2025-10-20,PRD-04,CC-202,126.0,5975.27,2788.19,752884.02,351311.94,401572.08,Canal Horeca
TRX-90002305,20251020,2025-10-20,PRD-01,CC-202,165.0,7047.11,3123.67,1162773.15,515405.55,647367.6,Supermercados
TRX-90002306,20251020,2025-10-20,PRD-01,CC-202,170.0,6781.31,3143.87,1152822.7,534457.9,618364.8,Supermercados
TRX-90002307,20251020,2025-10-20,PRD-04,CC-202,134.0,6337.34,2759.27,849203.56,369742.18,479461.38,Distribuidor Mayorista
TRX-90002308,20251021,2025-10-21,PRD-02,CC-202,195.0,7449.0,3352.8,1452555.0,653796.0,798759.0,Supermercados
TRX-90002309,20251021,2025-10-21,PRD-05,CC-203,128.0,9005.56,4408.09,1152711.68,564235.52,588476.16,Exportacion Directa
TRX-90002310,20251021,2025-10-21,PRD-03,CC-202,131.0,3005.68,1606.49,393744.08,210450.19,183293.89,Distribuidor Mayorista
TRX-90002311,20251022,2025-10-22,PRD-03,CC-202,136.0,2973.33,1647.04,404372.88,223997.44,180375.44,Canal Horeca
TRX-90002312,20251022,2025-10-22,PRD-01,CC-203,44.0,6785.43,3204.96,298558.92,141018.24,157540.68,Exportacion Directa
TRX-90002313,20251022,2025-10-22,PRD-05,CC-203,57.0,8576.9,4463.41,488883.3,254414.37,234468.93,Exportacion Directa
TRX-90002314,20251022,2025-10-22,PRD-04,CC-202,187.0,5718.81,2848.68,1069417.47,532703.16,536714.31,Distribuidor Mayorista
TRX-90002315,20251022,2025-10-22,PRD-02,CC-202,171.0,6873.41,3506.9,1175353.11,599679.9,575673.21,Canal Horeca
TRX-90002316,20251022,2025-10-22,PRD-02,CC-202,256.0,7113.9,3482.31,1821158.4,891471.36,929687.04,Supermercados
TRX-90002317,20251023,2025-10-23,PRD-04,CC-202,196.0,6367.57,2849.59,1248043.72,558519.64,689524.08,Distribuidor Mayorista
TRX-90002318,20251023,2025-10-23,PRD-05,CC-202,163.0,9251.92,4684.57,1508062.96,763584.91,744478.05,Supermercados
TRX-90002319,20251023,2025-10-23,PRD-02,CC-202,44.0,7649.85,3574.43,336593.4,157274.92,179318.48,Canal Horeca
TRX-90002320,20251023,2025-10-23,PRD-03,CC-101,61.0,3029.07,1579.01,184773.27,96319.61,88453.66,Exportacion Directa
TRX-90002321,20251023,2025-10-23,PRD-04,CC-202,123.0,5823.47,2773.8,716286.81,341177.4,375109.41,Canal Horeca
TRX-90002322,20251023,2025-10-23,PRD-04,CC-203,153.0,6126.84,2706.87,937406.52,414151.11,523255.41,Exportacion Directa
TRX-90002323,20251024,2025-10-24,PRD-04,CC-202,58.0,6244.92,2904.35,362205.36,168452.3,193753.06,Supermercados
TRX-90002324,20251024,2025-10-24,PRD-01,CC-203,207.0,6474.9,3187.32,1340304.3,659775.24,680529.06,Exportacion Directa
TRX-90002325,20251024,2025-10-24,PRD-02,CC-202,34.0,7258.45,3557.58,246787.3,120957.72,125829.58,Distribuidor Mayorista
TRX-90002326,20251024,2025-10-24,PRD-03,CC-202,156.0,3081.49,1578.56,480712.44,246255.36,234457.08,Distribuidor Mayorista
TRX-90002327,20251025,2025-10-25,PRD-01,CC-203,140.0,7363.89,3218.73,1030944.6,450622.2,580322.4,Exportacion Directa
TRX-90002328,20251025,2025-10-25,PRD-04,CC-203,98.0,6191.78,2878.14,606794.44,282057.72,324736.72,Exportacion Directa
TRX-90002329,20251025,2025-10-25,PRD-02,CC-202,23.0,7916.71,3508.85,182084.33,80703.55,101380.78,Canal Horeca
TRX-90002330,20251025,2025-10-25,PRD-04,CC-202,124.0,6383.58,2701.78,791563.92,335020.72,456543.2,Canal Horeca
TRX-90002331,20251026,2025-10-26,PRD-02,CC-202,241.0,7116.69,3339.02,1715122.29,804703.82,910418.47,Distribuidor Mayorista
TRX-90002332,20251026,2025-10-26,PRD-01,CC-202,160.0,6673.64,3205.2,1067782.4,512832.0,554950.4,Distribuidor Mayorista
TRX-90002333,20251027,2025-10-27,PRD-05,CC-202,92.0,9469.61,4460.67,871204.12,410381.64,460822.48,Distribuidor Mayorista
TRX-90002334,20251027,2025-10-27,PRD-02,CC-202,122.0,7894.69,3483.5,963152.18,424987.0,538165.18,Distribuidor Mayorista
TRX-90002335,20251027,2025-10-27,PRD-04,CC-202,176.0,5873.5,2906.93,1033736.0,511619.68,522116.32,Distribuidor Mayorista
TRX-90002336,20251028,2025-10-28,PRD-05,CC-202,50.0,9744.13,4497.1,487206.5,224855.0,262351.5,Distribuidor Mayorista
TRX-90002337,20251028,2025-10-28,PRD-01,CC-202,256.0,7145.14,3305.38,1829155.84,846177.28,982978.56,Canal Horeca
TRX-90002338,20251029,2025-10-29,PRD-02,CC-202,125.0,7624.2,3388.77,953025.0,423596.25,529428.75,Canal Horeca
TRX-90002339,20251029,2025-10-29,PRD-02,CC-203,101.0,7063.11,3370.51,713374.11,340421.51,372952.6,Exportacion Directa
TRX-90002340,20251029,2025-10-29,PRD-04,CC-202,230.0,5957.48,2689.91,1370220.4,618679.3,751541.1,Supermercados
TRX-90002341,20251029,2025-10-29,PRD-05,CC-202,81.0,9500.82,4729.16,769566.42,383061.96,386504.46,Supermercados
TRX-90002342,20251029,2025-10-29,PRD-02,CC-202,34.0,7651.38,3568.98,260146.92,121345.32,138801.6,Distribuidor Mayorista
TRX-90002343,20251030,2025-10-30,PRD-02,CC-202,230.0,7872.8,3392.07,1810744.0,780176.1,1030567.9,Canal Horeca
TRX-90002344,20251030,2025-10-30,PRD-02,CC-202,68.0,6907.43,3429.3,469705.24,233192.4,236512.84,Canal Horeca
TRX-90002345,20251031,2025-10-31,PRD-02,CC-202,91.0,6929.0,3467.99,630539.0,315587.09,314951.91,Distribuidor Mayorista
TRX-90002346,20251031,2025-10-31,PRD-05,CC-202,61.0,9183.81,4736.79,560212.41,288944.19,271268.22,Supermercados
TRX-90002347,20251031,2025-10-31,PRD-04,CC-202,174.0,6299.8,2764.64,1096165.2,481047.36,615117.84,Canal Horeca
TRX-90002348,20251031,2025-10-31,PRD-01,CC-202,171.0,6559.46,3345.07,1121667.66,572006.97,549660.69,Canal Horeca
TRX-90002349,20251101,2025-11-01,PRD-04,CC-202,193.0,6176.47,2830.96,1192058.71,546375.28,645683.43,Canal Horeca
TRX-90002350,20251101,2025-11-01,PRD-04,CC-202,47.0,6315.12,2929.2,296810.64,137672.4,159138.24,Supermercados
TRX-90002351,20251102,2025-11-02,PRD-05,CC-203,109.0,8567.48,4627.19,933855.32,504363.71,429491.61,Exportacion Directa
TRX-90002352,20251102,2025-11-02,PRD-03,CC-202,241.0,3383.76,1675.4,815486.16,403771.4,411714.76,Canal Horeca
TRX-90002353,20251102,2025-11-02,PRD-03,CC-202,243.0,3309.2,1664.52,804135.6,404478.36,399657.24,Distribuidor Mayorista
TRX-90002354,20251102,2025-11-02,PRD-02,CC-202,148.0,7485.67,3291.87,1107879.16,487196.76,620682.4,Canal Horeca
TRX-90002355,20251103,2025-11-03,PRD-03,CC-202,142.0,3241.83,1585.14,460339.86,225089.88,235249.98,Supermercados
TRX-90002356,20251103,2025-11-03,PRD-01,CC-202,46.0,7438.66,3141.67,342178.36,144516.82,197661.54,Supermercados
TRX-90002357,20251103,2025-11-03,PRD-05,CC-202,191.0,8714.7,4689.25,1664507.7,895646.75,768860.95,Canal Horeca
TRX-90002358,20251103,2025-11-03,PRD-05,CC-202,136.0,9304.12,4500.81,1265360.32,612110.16,653250.16,Distribuidor Mayorista
TRX-90002359,20251104,2025-11-04,PRD-02,CC-202,206.0,7492.66,3420.71,1543487.96,704666.26,838821.7,Distribuidor Mayorista
TRX-90002360,20251104,2025-11-04,PRD-01,CC-202,67.0,7306.15,3299.0,489512.05,221033.0,268479.05,Distribuidor Mayorista
TRX-90002361,20251105,2025-11-05,PRD-02,CC-202,33.0,7564.69,3500.99,249634.77,115532.67,134102.1,Canal Horeca
TRX-90002362,20251105,2025-11-05,PRD-01,CC-202,114.0,7356.87,3304.12,838683.18,376669.68,462013.5,Canal Horeca
TRX-90002363,20251105,2025-11-05,PRD-01,CC-202,101.0,6875.93,3355.64,694468.93,338919.64,355549.29,Distribuidor Mayorista
TRX-90002364,20251105,2025-11-05,PRD-04,CC-202,98.0,6455.85,2878.17,632673.3,282060.66,350612.64,Canal Horeca
TRX-90002365,20251105,2025-11-05,PRD-02,CC-202,27.0,7590.8,3478.07,204951.6,93907.89,111043.71,Canal Horeca
TRX-90002366,20251106,2025-11-06,PRD-01,CC-202,117.0,7251.02,3197.8,848369.34,374142.6,474226.74,Supermercados
TRX-90002367,20251106,2025-11-06,PRD-04,CC-203,241.0,6411.69,2750.02,1545217.29,662754.82,882462.47,Exportacion Directa
TRX-90002368,20251107,2025-11-07,PRD-01,CC-202,98.0,6824.34,3182.11,668785.32,311846.78,356938.54,Supermercados
TRX-90002369,20251107,2025-11-07,PRD-01,CC-202,101.0,6909.48,3353.57,697857.48,338710.57,359146.91,Supermercados
TRX-90002370,20251107,2025-11-07,PRD-02,CC-202,211.0,7388.38,3311.05,1558948.18,698631.55,860316.63,Distribuidor Mayorista
TRX-90002371,20251107,2025-11-07,PRD-02,CC-202,110.0,7109.97,3288.94,782096.7,361783.4,420313.3,Canal Horeca
TRX-90002372,20251107,2025-11-07,PRD-03,CC-202,108.0,3221.85,1602.42,347959.8,173061.36,174898.44,Supermercados
TRX-90002373,20251107,2025-11-07,PRD-05,CC-202,208.0,9503.06,4408.07,1976636.48,916878.56,1059757.92,Distribuidor Mayorista
TRX-90002374,20251107,2025-11-07,PRD-02,CC-202,69.0,7540.65,3406.45,520304.85,235045.05,285259.8,Supermercados
TRX-90002375,20251108,2025-11-08,PRD-03,CC-202,149.0,3377.83,1641.73,503296.67,244617.77,258678.9,Canal Horeca
TRX-90002376,20251108,2025-11-08,PRD-03,CC-203,153.0,3089.88,1671.3,472751.64,255708.9,217042.74,Exportacion Directa
TRX-90002377,20251108,2025-11-08,PRD-01,CC-203,167.0,6461.68,3192.45,1079100.56,533139.15,545961.41,Exportacion Directa
TRX-90002378,20251109,2025-11-09,PRD-02,CC-202,216.0,7771.04,3299.84,1678544.64,712765.44,965779.2,Supermercados
TRX-90002379,20251109,2025-11-09,PRD-05,CC-202,119.0,9139.83,4446.63,1087639.77,529148.97,558490.8,Distribuidor Mayorista
TRX-90002380,20251110,2025-11-10,PRD-05,CC-203,185.0,9433.37,4714.29,1745173.45,872143.65,873029.8,Exportacion Directa
TRX-90002381,20251110,2025-11-10,PRD-05,CC-101,212.0,8764.51,4637.5,1858076.12,983150.0,874926.12,Distribuidor Mayorista
TRX-90002382,20251110,2025-11-10,PRD-03,CC-203,23.0,3057.61,1547.68,70325.03,35596.64,34728.39,Exportacion Directa
TRX-90002383,20251110,2025-11-10,PRD-03,CC-202,180.0,3279.2,1553.7,590256.0,279666.0,310590.0,Supermercados
TRX-90002384,20251110,2025-11-10,PRD-02,CC-202,207.0,7913.88,3343.13,1638173.16,692027.91,946145.25,Distribuidor Mayorista
TRX-90002385,20251110,2025-11-10,PRD-04,CC-203,133.0,5773.04,2698.91,767814.32,358955.03,408859.29,Exportacion Directa
TRX-90002386,20251111,2025-11-11,PRD-04,CC-202,201.0,5907.0,2812.37,1187307.0,565286.37,622020.63,Distribuidor Mayorista
TRX-90002387,20251111,2025-11-11,PRD-01,CC-203,208.0,6979.07,3347.66,1451646.56,696313.28,755333.28,Exportacion Directa
TRX-90002388,20251111,2025-11-11,PRD-05,CC-203,201.0,8468.23,4670.12,1702114.23,938694.12,763420.11,Exportacion Directa
TRX-90002389,20251112,2025-11-12,PRD-03,CC-202,90.0,3169.7,1693.9,285273.0,152451.0,132822.0,Distribuidor Mayorista
TRX-90002390,20251112,2025-11-12,PRD-05,CC-202,89.0,8786.89,4562.28,782033.21,406042.92,375990.29,Canal Horeca
TRX-90002391,20251112,2025-11-12,PRD-05,CC-202,68.0,9599.8,4363.82,652786.4,296739.76,356046.64,Supermercados
TRX-90002392,20251112,2025-11-12,PRD-05,CC-202,237.0,8916.35,4323.14,2113174.95,1024584.18,1088590.77,Distribuidor Mayorista
TRX-90002393,20251113,2025-11-13,PRD-02,CC-202,198.0,6971.63,3270.21,1380382.74,647501.58,732881.16,Canal Horeca
TRX-90002394,20251113,2025-11-13,PRD-04,CC-202,235.0,5665.75,2965.73,1331451.25,696946.55,634504.7,Canal Horeca
TRX-90002395,20251113,2025-11-13,PRD-01,CC-101,132.0,6698.24,3093.82,884167.68,408384.24,475783.44,Supermercados
TRX-90002396,20251114,2025-11-14,PRD-02,CC-202,82.0,6906.34,3340.13,566319.88,273890.66,292429.22,Canal Horeca
TRX-90002397,20251114,2025-11-14,PRD-02,CC-202,240.0,7785.98,3571.8,1868635.2,857232.0,1011403.2,Distribuidor Mayorista
TRX-90002398,20251114,2025-11-14,PRD-01,CC-101,188.0,7007.78,3340.8,1317462.64,628070.4,689392.24,Canal Horeca
TRX-90002399,20251114,2025-11-14,PRD-01,CC-202,131.0,7183.08,3390.01,940983.48,444091.31,496892.17,Canal Horeca
TRX-90002400,20251114,2025-11-14,PRD-03,CC-202,161.0,3258.42,1671.09,524605.62,269045.49,255560.13,Supermercados
TRX-90002401,20251114,2025-11-14,PRD-05,CC-202,214.0,9302.6,4375.73,1990756.4,936406.22,1054350.18,Distribuidor Mayorista
TRX-90002402,20251114,2025-11-14,PRD-03,CC-202,245.0,3367.88,1566.42,825130.6,383772.9,441357.7,Distribuidor Mayorista
TRX-90002403,20251115,2025-11-15,PRD-02,CC-202,217.0,6924.09,3588.85,1502527.53,778780.45,723747.08,Distribuidor Mayorista
TRX-90002404,20251115,2025-11-15,PRD-04,CC-202,40.0,6365.79,2735.27,254631.6,109410.8,145220.8,Supermercados
TRX-90002405,20251115,2025-11-15,PRD-04,CC-202,45.0,6057.93,2903.44,272606.85,130654.8,141952.05,Distribuidor Mayorista
TRX-90002406,20251115,2025-11-15,PRD-01,CC-202,211.0,7387.39,3334.28,1558739.29,703533.08,855206.21,Distribuidor Mayorista
TRX-90002407,20251115,2025-11-15,PRD-04,CC-203,154.0,5781.31,2767.57,890321.74,426205.78,464115.96,Exportacion Directa
TRX-90002408,20251115,2025-11-15,PRD-05,CC-202,181.0,8958.37,4496.99,1621464.97,813955.19,807509.78,Supermercados
TRX-90002409,20251116,2025-11-16,PRD-03,CC-202,21.0,3022.92,1585.65,63481.32,33298.65,30182.67,Supermercados
TRX-90002410,20251116,2025-11-16,PRD-05,CC-202,159.0,9518.25,4652.76,1513401.75,739788.84,773612.91,Canal Horeca
TRX-90002411,20251116,2025-11-16,PRD-04,CC-202,148.0,5742.86,2841.17,849943.28,420493.16,429450.12,Supermercados
TRX-90002412,20251116,2025-11-16,PRD-01,CC-202,230.0,6844.91,3204.33,1574329.3,736995.9,837333.4,Canal Horeca
TRX-90002413,20251117,2025-11-17,PRD-02,CC-202,224.0,7872.1,3588.24,1763350.4,803765.76,959584.64,Supermercados
TRX-90002414,20251117,2025-11-17,PRD-04,CC-202,116.0,5643.14,2738.15,654604.24,317625.4,336978.84,Canal Horeca
TRX-90002415,20251117,2025-11-17,PRD-01,CC-202,204.0,7180.08,3233.18,1464736.32,659568.72,805167.6,Distribuidor Mayorista
TRX-90002416,20251118,2025-11-18,PRD-02,CC-202,138.0,7355.96,3426.57,1015122.48,472866.66,542255.82,Supermercados
TRX-90002417,20251118,2025-11-18,PRD-04,CC-202,98.0,6161.28,2865.31,603805.44,280800.38,323005.06,Supermercados
TRX-90002418,20251118,2025-11-18,PRD-02,CC-202,188.0,7413.6,3517.54,1393756.8,661297.52,732459.28,Canal Horeca
TRX-90002419,20251118,2025-11-18,PRD-04,CC-202,50.0,6320.32,2707.33,316016.0,135366.5,180649.5,Distribuidor Mayorista
TRX-90002420,20251118,2025-11-18,PRD-03,CC-202,80.0,3090.87,1637.7,247269.6,131016.0,116253.6,Distribuidor Mayorista
TRX-90002421,20251118,2025-11-18,PRD-01,CC-203,29.0,6611.48,3262.87,191732.92,94623.23,97109.69,Exportacion Directa
TRX-90002422,20251118,2025-11-18,PRD-02,CC-202,168.0,7252.69,3308.97,1218451.92,555906.96,662544.96,Canal Horeca
TRX-90002423,20251119,2025-11-19,PRD-02,CC-202,210.0,7550.39,3455.89,1585581.9,725736.9,859845.0,Supermercados
TRX-90002424,20251119,2025-11-19,PRD-04,CC-203,75.0,6124.06,2835.3,459304.5,212647.5,246657.0,Exportacion Directa
TRX-90002425,20251119,2025-11-19,PRD-01,CC-202,47.0,6668.17,3222.09,313403.99,151438.23,161965.76,Distribuidor Mayorista
TRX-90002426,20251119,2025-11-19,PRD-01,CC-203,146.0,6572.06,3354.78,959520.76,489797.88,469722.88,Exportacion Directa
TRX-90002427,20251120,2025-11-20,PRD-03,CC-202,234.0,3136.75,1547.56,733999.5,362129.04,371870.46,Canal Horeca
TRX-90002428,20251120,2025-11-20,PRD-05,CC-202,244.0,9594.63,4646.38,2341089.72,1133716.72,1207373.0,Canal Horeca
TRX-90002429,20251121,2025-11-21,PRD-05,CC-202,136.0,8971.39,4356.26,1220109.04,592451.36,627657.68,Distribuidor Mayorista
TRX-90002430,20251121,2025-11-21,PRD-03,CC-202,129.0,3083.56,1550.36,397779.24,199996.44,197782.8,Canal Horeca
TRX-90002431,20251121,2025-11-21,PRD-04,CC-203,76.0,5610.35,2823.48,426386.6,214584.48,211802.12,Exportacion Directa
TRX-90002432,20251121,2025-11-21,PRD-01,CC-203,156.0,6809.7,3107.68,1062313.2,484798.08,577515.12,Exportacion Directa
TRX-90002433,20251122,2025-11-22,PRD-05,CC-203,187.0,9409.12,4428.1,1759505.44,828054.7,931450.74,Exportacion Directa
TRX-90002434,20251122,2025-11-22,PRD-05,CC-202,202.0,8831.96,4356.43,1784055.92,879998.86,904057.06,Canal Horeca
TRX-90002435,20251122,2025-11-22,PRD-05,CC-202,37.0,9428.04,4455.66,348837.48,164859.42,183978.06,Canal Horeca
TRX-90002436,20251122,2025-11-22,PRD-04,CC-202,101.0,5783.12,2937.27,584095.12,296664.27,287430.85,Canal Horeca
TRX-90002437,20251122,2025-11-22,PRD-05,CC-202,242.0,8460.12,4545.9,2047349.04,1100107.8,947241.24,Canal Horeca
TRX-90002438,20251122,2025-11-22,PRD-04,CC-202,126.0,5653.24,2775.93,712308.24,349767.18,362541.06,Canal Horeca
TRX-90002439,20251122,2025-11-22,PRD-03,CC-203,34.0,3045.71,1675.62,103554.14,56971.08,46583.06,Exportacion Directa
TRX-90002440,20251123,2025-11-23,PRD-01,CC-202,45.0,6892.25,3181.48,310151.25,143166.6,166984.65,Canal Horeca
TRX-90002441,20251123,2025-11-23,PRD-03,CC-203,196.0,3151.86,1614.25,617764.56,316393.0,301371.56,Exportacion Directa
TRX-90002442,20251123,2025-11-23,PRD-01,CC-203,244.0,7387.74,3254.07,1802608.56,793993.08,1008615.48,Exportacion Directa
TRX-90002443,20251123,2025-11-23,PRD-04,CC-202,95.0,6323.45,2783.72,600727.75,264453.4,336274.35,Distribuidor Mayorista
TRX-90002444,20251123,2025-11-23,PRD-05,CC-203,68.0,9587.71,4483.46,651964.28,304875.28,347089.0,Exportacion Directa
TRX-90002445,20251124,2025-11-24,PRD-03,CC-202,137.0,3234.79,1654.66,443166.23,226688.42,216477.81,Canal Horeca
TRX-90002446,20251124,2025-11-24,PRD-01,CC-202,171.0,7321.94,3198.42,1252051.74,546929.82,705121.92,Canal Horeca
TRX-90002447,20251124,2025-11-24,PRD-04,CC-202,44.0,5960.66,2876.65,262269.04,126572.6,135696.44,Distribuidor Mayorista
TRX-90002448,20251124,2025-11-24,PRD-04,CC-202,176.0,6015.82,2861.38,1058784.32,503602.88,555181.44,Canal Horeca
TRX-90002449,20251124,2025-11-24,PRD-01,CC-202,99.0,7134.94,3142.12,706359.06,311069.88,395289.18,Canal Horeca
TRX-90002450,20251124,2025-11-24,PRD-01,CC-202,109.0,7068.36,3227.1,770451.24,351753.9,418697.34,Supermercados
TRX-90002451,20251125,2025-11-25,PRD-04,CC-203,82.0,5698.92,2836.78,467311.44,232615.96,234695.48,Exportacion Directa
TRX-90002452,20251125,2025-11-25,PRD-04,CC-203,222.0,6147.64,2913.57,1364776.08,646812.54,717963.54,Exportacion Directa
TRX-90002453,20251125,2025-11-25,PRD-02,CC-202,159.0,7879.07,3446.12,1252772.13,547933.08,704839.05,Canal Horeca
TRX-90002454,20251125,2025-11-25,PRD-02,CC-202,235.0,7575.13,3490.69,1780155.55,820312.15,959843.4,Supermercados
TRX-90002455,20251125,2025-11-25,PRD-05,CC-202,175.0,9027.4,4344.2,1579795.0,760235.0,819560.0,Distribuidor Mayorista
TRX-90002456,20251126,2025-11-26,PRD-03,CC-202,106.0,3057.69,1642.13,324115.14,174065.78,150049.36,Distribuidor Mayorista
TRX-90002457,20251126,2025-11-26,PRD-04,CC-202,143.0,6258.28,2927.95,894934.04,418696.85,476237.19,Canal Horeca
TRX-90002458,20251127,2025-11-27,PRD-04,CC-203,202.0,6252.16,2903.53,1262936.32,586513.06,676423.26,Exportacion Directa
TRX-90002459,20251127,2025-11-27,PRD-04,CC-202,97.0,6112.6,2783.66,592922.2,270015.02,322907.18,Supermercados
TRX-90002460,20251127,2025-11-27,PRD-04,CC-202,153.0,6045.07,2737.96,924895.71,418907.88,505987.83,Supermercados
TRX-90002461,20251127,2025-11-27,PRD-02,CC-202,31.0,7749.48,3472.81,240233.88,107657.11,132576.77,Supermercados
TRX-90002462,20251128,2025-11-28,PRD-01,CC-202,25.0,6671.13,3344.45,166778.25,83611.25,83167.0,Supermercados
TRX-90002463,20251128,2025-11-28,PRD-04,CC-202,67.0,5920.14,2878.51,396649.38,192860.17,203789.21,Canal Horeca
TRX-90002464,20251128,2025-11-28,PRD-02,CC-202,211.0,7733.89,3515.56,1631850.79,741783.16,890067.63,Distribuidor Mayorista
TRX-90002465,20251128,2025-11-28,PRD-01,CC-202,28.0,7108.03,3134.88,199024.84,87776.64,111248.2,Canal Horeca
TRX-90002466,20251129,2025-11-29,PRD-02,CC-202,168.0,7647.86,3548.42,1284840.48,596134.56,688705.92,Canal Horeca
TRX-90002467,20251129,2025-11-29,PRD-05,CC-202,91.0,9694.68,4652.43,882215.88,423371.13,458844.75,Canal Horeca
TRX-90002468,20251129,2025-11-29,PRD-03,CC-202,33.0,3268.73,1566.86,107868.09,51706.38,56161.71,Distribuidor Mayorista
TRX-90002469,20251130,2025-11-30,PRD-04,CC-202,188.0,6332.15,2716.39,1190444.2,510681.32,679762.88,Canal Horeca
TRX-90002470,20251130,2025-11-30,PRD-05,CC-202,209.0,9538.45,4537.02,1993536.05,948237.18,1045298.87,Supermercados
TRX-90002471,20251130,2025-11-30,PRD-04,CC-202,23.0,5759.51,2886.08,132468.73,66379.84,66088.89,Distribuidor Mayorista
TRX-90002472,20251201,2025-12-01,PRD-03,CC-202,140.0,3395.97,1652.42,475435.8,231338.8,244097.0,Canal Horeca
TRX-90002473,20251201,2025-12-01,PRD-03,CC-202,31.0,3299.43,1630.67,102282.33,50550.77,51731.56,Supermercados
TRX-90002474,20251201,2025-12-01,PRD-04,CC-203,144.0,6195.02,2862.55,892082.88,412207.2,479875.68,Exportacion Directa
TRX-90002475,20251201,2025-12-01,PRD-05,CC-202,92.0,8999.53,4445.84,827956.76,409017.28,418939.48,Canal Horeca
TRX-90002476,20251201,2025-12-01,PRD-04,CC-202,29.0,6324.64,2760.09,183414.56,80042.61,103371.95,Distribuidor Mayorista
TRX-90002477,20251201,2025-12-01,PRD-01,CC-202,240.0,6853.26,3234.14,1644782.4,776193.6,868588.8,Canal Horeca
TRX-90002478,20251201,2025-12-01,PRD-05,CC-202,201.0,9456.19,4682.3,1900694.19,941142.3,959551.89,Supermercados
TRX-90002479,20251202,2025-12-02,PRD-02,CC-202,241.0,7847.5,3577.7,1891247.5,862225.7,1029021.8,Distribuidor Mayorista
TRX-90002480,20251202,2025-12-02,PRD-04,CC-202,156.0,5895.18,2894.4,919648.08,451526.4,468121.68,Distribuidor Mayorista
TRX-90002481,20251202,2025-12-02,PRD-04,CC-202,105.0,5902.65,2945.75,619778.25,309303.75,310474.5,Canal Horeca
TRX-90002482,20251203,2025-12-03,PRD-02,CC-202,70.0,7639.92,3428.91,534794.4,240023.7,294770.7,Canal Horeca
TRX-90002483,20251203,2025-12-03,PRD-02,CC-203,139.0,7890.26,3440.12,1096746.14,478176.68,618569.46,Exportacion Directa
TRX-90002484,20251204,2025-12-04,PRD-05,CC-202,145.0,9065.86,4533.92,1314549.7,657418.4,657131.3,Supermercados
TRX-90002485,20251204,2025-12-04,PRD-05,CC-202,203.0,9456.45,4525.57,1919659.35,918690.71,1000968.64,Distribuidor Mayorista
TRX-90002486,20251205,2025-12-05,PRD-04,CC-202,46.0,5830.99,2919.83,268225.54,134312.18,133913.36,Canal Horeca
TRX-90002487,20251205,2025-12-05,PRD-05,CC-202,51.0,9764.88,4529.81,498008.88,231020.31,266988.57,Distribuidor Mayorista
TRX-90002488,20251205,2025-12-05,PRD-02,CC-203,245.0,7274.49,3408.48,1782250.05,835077.6,947172.45,Exportacion Directa
TRX-90002489,20251206,2025-12-06,PRD-03,CC-202,50.0,2966.0,1606.06,148300.0,80303.0,67997.0,Canal Horeca
TRX-90002490,20251206,2025-12-06,PRD-02,CC-203,21.0,7123.4,3407.38,149591.4,71554.98,78036.42,Exportacion Directa
TRX-90002491,20251206,2025-12-06,PRD-03,CC-202,103.0,3153.82,1628.42,324843.46,167727.26,157116.2,Canal Horeca
TRX-90002492,20251206,2025-12-06,PRD-02,CC-202,129.0,7218.21,3473.85,931149.09,448126.65,483022.44,Distribuidor Mayorista
TRX-90002493,20251206,2025-12-06,PRD-01,CC-202,191.0,6695.98,3201.36,1278932.18,611459.76,667472.42,Distribuidor Mayorista
TRX-90002494,20251206,2025-12-06,PRD-05,CC-202,158.0,9614.52,4574.09,1519094.16,722706.22,796387.94,Distribuidor Mayorista
TRX-90002495,20251207,2025-12-07,PRD-05,CC-203,59.0,9145.47,4701.68,539582.73,277399.12,262183.61,Exportacion Directa
TRX-90002496,20251207,2025-12-07,PRD-04,CC-202,248.0,5861.69,2744.41,1453699.12,680613.68,773085.44,Distribuidor Mayorista
TRX-90002497,20251207,2025-12-07,PRD-01,CC-202,84.0,6557.55,3206.12,550834.2,269314.08,281520.12,Distribuidor Mayorista
TRX-90002498,20251207,2025-12-07,PRD-02,CC-202,37.0,7825.82,3471.52,289555.34,128446.24,161109.1,Supermercados
TRX-90002499,20251207,2025-12-07,PRD-04,CC-101,201.0,5826.02,2784.12,1171030.02,559608.12,611421.9,Canal Horeca
TRX-90002500,20251207,2025-12-07,PRD-01,CC-202,123.0,7030.4,3236.72,864739.2,398116.56,466622.64,Canal Horeca
TRX-90002501,20251208,2025-12-08,PRD-02,CC-202,222.0,7642.91,3445.16,1696726.02,764825.52,931900.5,Canal Horeca
TRX-90002502,20251208,2025-12-08,PRD-02,CC-202,233.0,7590.51,3267.59,1768588.83,761348.47,1007240.36,Distribuidor Mayorista
TRX-90002503,20251208,2025-12-08,PRD-04,CC-202,45.0,6358.09,2784.84,286114.05,125317.8,160796.25,Supermercados
TRX-90002504,20251209,2025-12-09,PRD-04,CC-202,207.0,6314.8,2732.97,1307163.6,565724.79,741438.81,Supermercados
TRX-90002505,20251209,2025-12-09,PRD-01,CC-202,24.0,6655.79,3302.16,159738.96,79251.84,80487.12,Canal Horeca
TRX-90002506,20251209,2025-12-09,PRD-03,CC-202,200.0,3092.04,1671.2,618408.0,334240.0,284168.0,Canal Horeca
TRX-90002507,20251209,2025-12-09,PRD-02,CC-202,59.0,7274.56,3365.32,429199.04,198553.88,230645.16,Distribuidor Mayorista
TRX-90002508,20251209,2025-12-09,PRD-05,CC-202,259.0,8661.73,4487.85,2243388.07,1162353.15,1081034.92,Distribuidor Mayorista
TRX-90002509,20251209,2025-12-09,PRD-05,CC-202,30.0,9383.89,4744.89,281516.7,142346.7,139170.0,Supermercados
TRX-90002510,20251209,2025-12-09,PRD-05,CC-203,240.0,9056.12,4433.64,2173468.8,1064073.6,1109395.2,Exportacion Directa
TRX-90002511,20251210,2025-12-10,PRD-03,CC-202,250.0,3042.23,1556.86,760557.5,389215.0,371342.5,Canal Horeca
TRX-90002512,20251210,2025-12-10,PRD-05,CC-202,241.0,9481.7,4511.48,2285089.7,1087266.68,1197823.02,Distribuidor Mayorista
TRX-90002513,20251210,2025-12-10,PRD-04,CC-202,178.0,5623.59,2697.64,1000999.02,480179.92,520819.1,Distribuidor Mayorista
TRX-90002514,20251210,2025-12-10,PRD-01,CC-202,109.0,7292.99,3355.28,794935.91,365725.52,429210.39,Supermercados
TRX-90002515,20251211,2025-12-11,PRD-02,CC-202,31.0,7275.27,3479.75,225533.37,107872.25,117661.12,Supermercados
TRX-90002516,20251211,2025-12-11,PRD-01,CC-202,75.0,6583.16,3384.63,493737.0,253847.25,239889.75,Distribuidor Mayorista
TRX-90002517,20251212,2025-12-12,PRD-03,CC-202,122.0,3382.72,1644.26,412691.84,200599.72,212092.12,Canal Horeca
TRX-90002518,20251212,2025-12-12,PRD-04,CC-202,94.0,6435.29,2765.16,604917.26,259925.04,344992.22,Canal Horeca
TRX-90002519,20251212,2025-12-12,PRD-05,CC-202,90.0,9390.58,4664.39,845152.2,419795.1,425357.1,Supermercados
TRX-90002520,20251212,2025-12-12,PRD-03,CC-203,190.0,3316.07,1654.17,630053.3,314292.3,315761.0,Exportacion Directa
TRX-90002521,20251212,2025-12-12,PRD-05,CC-203,240.0,8971.94,4447.24,2153265.6,1067337.6,1085928.0,Exportacion Directa
TRX-90002522,20251212,2025-12-12,PRD-03,CC-202,23.0,3372.11,1543.52,77558.53,35500.96,42057.57,Supermercados
TRX-90002523,20251213,2025-12-13,PRD-04,CC-202,234.0,5938.82,2912.52,1389683.88,681529.68,708154.2,Canal Horeca
TRX-90002524,20251213,2025-12-13,PRD-02,CC-202,28.0,7779.1,3325.42,217814.8,93111.76,124703.04,Supermercados
TRX-90002525,20251214,2025-12-14,PRD-01,CC-202,82.0,7126.66,3159.68,584386.12,259093.76,325292.36,Distribuidor Mayorista
TRX-90002526,20251214,2025-12-14,PRD-01,CC-202,23.0,6959.01,3114.67,160057.23,71637.41,88419.82,Canal Horeca
TRX-90002527,20251214,2025-12-14,PRD-03,CC-203,47.0,3051.17,1545.35,143404.99,72631.45,70773.54,Exportacion Directa
TRX-90002528,20251214,2025-12-14,PRD-02,CC-202,117.0,7352.25,3321.13,860213.25,388572.21,471641.04,Distribuidor Mayorista
TRX-90002529,20251214,2025-12-14,PRD-03,CC-202,36.0,3130.99,1545.18,112715.64,55626.48,57089.16,Canal Horeca
TRX-90002530,20251214,2025-12-14,PRD-01,CC-202,193.0,7362.03,3120.56,1420871.79,602268.08,818603.71,Canal Horeca
TRX-90002531,20251214,2025-12-14,PRD-05,CC-203,209.0,9342.43,4508.7,1952567.87,942318.3,1010249.57,Exportacion Directa
TRX-90002532,20251215,2025-12-15,PRD-04,CC-202,220.0,6122.99,2759.8,1347057.8,607156.0,739901.8,Distribuidor Mayorista
TRX-90002533,20251215,2025-12-15,PRD-05,CC-203,235.0,8629.96,4678.83,2028040.6,1099525.05,928515.55,Exportacion Directa
TRX-90002534,20251215,2025-12-15,PRD-02,CC-202,178.0,7650.36,3369.64,1361764.08,599795.92,761968.16,Distribuidor Mayorista
TRX-90002535,20251215,2025-12-15,PRD-03,CC-203,117.0,3343.43,1610.7,391181.31,188451.9,202729.41,Exportacion Directa
TRX-90002536,20251216,2025-12-16,PRD-02,CC-101,130.0,7614.75,3414.81,989917.5,443925.3,545992.2,Supermercados
TRX-90002537,20251216,2025-12-16,PRD-01,CC-203,211.0,6760.84,3224.15,1426537.24,680295.65,746241.59,Exportacion Directa
TRX-90002538,20251217,2025-12-17,PRD-04,CC-202,132.0,5678.65,2929.63,749581.8,386711.16,362870.64,Canal Horeca
TRX-90002539,20251217,2025-12-17,PRD-03,CC-203,95.0,3200.62,1602.75,304058.9,152261.25,151797.65,Exportacion Directa
TRX-90002540,20251217,2025-12-17,PRD-03,CC-202,63.0,3039.86,1668.23,191511.18,105098.49,86412.69,Supermercados
TRX-90002541,20251217,2025-12-17,PRD-04,CC-203,226.0,6333.09,2775.19,1431278.34,627192.94,804085.4,Exportacion Directa
TRX-90002542,20251217,2025-12-17,PRD-02,CC-202,226.0,7382.97,3549.41,1668551.22,802166.66,866384.56,Supermercados
TRX-90002543,20251217,2025-12-17,PRD-02,CC-202,177.0,7504.27,3323.73,1328255.79,588300.21,739955.58,Canal Horeca
TRX-90002544,20251217,2025-12-17,PRD-02,CC-202,119.0,7612.61,3594.91,905900.59,427794.29,478106.3,Canal Horeca
TRX-90002545,20251218,2025-12-18,PRD-04,CC-202,191.0,5671.64,2793.24,1083283.24,533508.84,549774.4,Canal Horeca
TRX-90002546,20251218,2025-12-18,PRD-04,CC-202,88.0,5611.32,2815.88,493796.16,247797.44,245998.72,Canal Horeca
TRX-90002547,20251219,2025-12-19,PRD-02,CC-202,250.0,7802.43,3420.52,1950607.5,855130.0,1095477.5,Distribuidor Mayorista
TRX-90002548,20251219,2025-12-19,PRD-02,CC-203,238.0,7902.41,3281.06,1880773.58,780892.28,1099881.3,Exportacion Directa
TRX-90002549,20251219,2025-12-19,PRD-01,CC-202,212.0,7194.87,3162.18,1525312.44,670382.16,854930.28,Canal Horeca
TRX-90002550,20251219,2025-12-19,PRD-05,CC-202,49.0,8507.55,4329.83,416869.95,212161.67,204708.28,Canal Horeca
TRX-90002551,20251219,2025-12-19,PRD-02,CC-203,77.0,6985.19,3423.03,537859.63,263573.31,274286.32,Exportacion Directa
TRX-90002552,20251219,2025-12-19,PRD-01,CC-203,185.0,6926.2,3164.88,1281347.0,585502.8,695844.2,Exportacion Directa
TRX-90002553,20251220,2025-12-20,PRD-05,CC-202,97.0,9268.69,4575.79,899062.93,443851.63,455211.3,Canal Horeca
TRX-90002554,20251220,2025-12-20,PRD-01,CC-202,196.0,7466.42,3152.28,1463418.32,617846.88,845571.44,Supermercados
TRX-90002555,20251220,2025-12-20,PRD-02,CC-202,25.0,7821.57,3530.96,195539.25,88274.0,107265.25,Canal Horeca
TRX-90002556,20251220,2025-12-20,PRD-04,CC-202,40.0,6441.65,2704.03,257666.0,108161.2,149504.8,Canal Horeca
TRX-90002557,20251220,2025-12-20,PRD-01,CC-202,234.0,6511.52,3247.14,1523695.68,759830.76,763864.92,Supermercados
TRX-90002558,20251220,2025-12-20,PRD-02,CC-202,175.0,7123.74,3424.56,1246654.5,599298.0,647356.5,Supermercados
TRX-90002559,20251221,2025-12-21,PRD-04,CC-202,76.0,5851.92,2801.39,444745.92,212905.64,231840.28,Canal Horeca
TRX-90002560,20251221,2025-12-21,PRD-05,CC-202,256.0,8528.38,4580.34,2183265.28,1172567.04,1010698.24,Canal Horeca
TRX-90002561,20251221,2025-12-21,PRD-01,CC-203,59.0,6617.61,3212.66,390438.99,189546.94,200892.05,Exportacion Directa
TRX-90002562,20251221,2025-12-21,PRD-02,CC-202,256.0,7119.5,3371.6,1822592.0,863129.6,959462.4,Canal Horeca
TRX-90002563,20251221,2025-12-21,PRD-01,CC-203,117.0,6769.28,3381.3,792005.76,395612.1,396393.66,Exportacion Directa
TRX-90002564,20251221,2025-12-21,PRD-04,CC-202,217.0,5901.37,2847.84,1280597.29,617981.28,662616.01,Distribuidor Mayorista
TRX-90002565,20251221,2025-12-21,PRD-03,CC-202,220.0,2947.88,1665.71,648533.6,366456.2,282077.4,Supermercados
TRX-90002566,20251222,2025-12-22,PRD-01,CC-202,210.0,7082.4,3373.56,1487304.0,708447.6,778856.4,Canal Horeca
TRX-90002567,20251222,2025-12-22,PRD-01,CC-202,36.0,6484.52,3242.92,233442.72,116745.12,116697.6,Canal Horeca
TRX-90002568,20251222,2025-12-22,PRD-03,CC-202,38.0,3285.92,1695.27,124864.96,64420.26,60444.7,Supermercados
TRX-90002569,20251222,2025-12-22,PRD-02,CC-203,100.0,7793.22,3296.97,779322.0,329697.0,449625.0,Exportacion Directa
TRX-90002570,20251222,2025-12-22,PRD-01,CC-202,249.0,6591.81,3090.48,1641360.69,769529.52,871831.17,Distribuidor Mayorista
TRX-90002571,20251222,2025-12-22,PRD-04,CC-202,235.0,5657.26,2764.07,1329456.1,649556.45,679899.65,Supermercados
TRX-90002572,20251222,2025-12-22,PRD-03,CC-202,33.0,3082.37,1550.49,101718.21,51166.17,50552.04,Canal Horeca
TRX-90002573,20251223,2025-12-23,PRD-03,CC-202,229.0,3117.5,1659.54,713907.5,380034.66,333872.84,Distribuidor Mayorista
TRX-90002574,20251223,2025-12-23,PRD-05,CC-202,42.0,8968.33,4476.13,376669.86,187997.46,188672.4,Canal Horeca
TRX-90002575,20251223,2025-12-23,PRD-04,CC-202,34.0,5633.66,2782.04,191544.44,94589.36,96955.08,Canal Horeca
TRX-90002576,20251223,2025-12-23,PRD-03,CC-202,233.0,3315.44,1590.08,772497.52,370488.64,402008.88,Canal Horeca
TRX-90002577,20251223,2025-12-23,PRD-04,CC-202,84.0,5770.94,2898.17,484758.96,243446.28,241312.68,Canal Horeca
TRX-90002578,20251224,2025-12-24,PRD-03,CC-202,78.0,3031.22,1565.13,236435.16,122080.14,114355.02,Supermercados
TRX-90002579,20251224,2025-12-24,PRD-03,CC-202,165.0,3337.83,1548.74,550741.95,255542.1,295199.85,Distribuidor Mayorista
TRX-90002580,20251224,2025-12-24,PRD-04,CC-202,37.0,6184.1,2932.31,228811.7,108495.47,120316.23,Canal Horeca
TRX-90002581,20251224,2025-12-24,PRD-05,CC-203,191.0,9055.9,4736.62,1729676.9,904694.42,824982.48,Exportacion Directa
TRX-90002582,20251225,2025-12-25,PRD-04,CC-202,165.0,5721.3,2761.5,944014.5,455647.5,488367.0,Distribuidor Mayorista
TRX-90002583,20251225,2025-12-25,PRD-01,CC-202,220.0,6708.88,3381.35,1475953.6,743897.0,732056.6,Supermercados
TRX-90002584,20251225,2025-12-25,PRD-03,CC-202,101.0,3060.15,1591.69,309075.15,160760.69,148314.46,Canal Horeca
TRX-90002585,20251225,2025-12-25,PRD-02,CC-203,186.0,7883.95,3414.77,1466414.7,635147.22,831267.48,Exportacion Directa
TRX-90002586,20251225,2025-12-25,PRD-03,CC-202,213.0,3189.63,1646.04,679391.19,350606.52,328784.67,Distribuidor Mayorista
TRX-90002587,20251226,2025-12-26,PRD-01,CC-202,144.0,6512.69,3087.77,937827.36,444638.88,493188.48,Distribuidor Mayorista
TRX-90002588,20251226,2025-12-26,PRD-02,CC-101,236.0,7221.75,3371.32,1704333.0,795631.52,908701.48,Distribuidor Mayorista
TRX-90002589,20251226,2025-12-26,PRD-01,CC-203,125.0,6787.15,3133.52,848393.75,391690.0,456703.75,Exportacion Directa
TRX-90002590,20251226,2025-12-26,PRD-01,CC-202,143.0,7454.4,3203.56,1065979.2,458109.08,607870.12,Supermercados
TRX-90002591,20251226,2025-12-26,PRD-05,CC-202,226.0,9224.69,4762.5,2084779.94,1076325.0,1008454.94,Supermercados
TRX-90002592,20251227,2025-12-27,PRD-02,CC-202,60.0,7613.26,3470.49,456795.6,208229.4,248566.2,Supermercados
TRX-90002593,20251227,2025-12-27,PRD-04,CC-202,138.0,5611.87,2825.79,774438.06,389959.02,384479.04,Distribuidor Mayorista
TRX-90002594,20251227,2025-12-27,PRD-03,CC-202,77.0,3074.39,1599.27,236728.03,123143.79,113584.24,Supermercados
TRX-90002595,20251227,2025-12-27,PRD-03,CC-202,97.0,3323.88,1602.78,322416.36,155469.66,166946.7,Canal Horeca
TRX-90002596,20251227,2025-12-27,PRD-02,CC-202,214.0,7852.85,3494.23,1680509.9,747765.22,932744.68,Canal Horeca
TRX-90002597,20251227,2025-12-27,PRD-01,CC-203,95.0,6953.22,3142.43,660555.9,298530.85,362025.05,Exportacion Directa
TRX-90002598,20251227,2025-12-27,PRD-05,CC-203,139.0,9626.72,4360.3,1338114.08,606081.7,732032.38,Exportacion Directa
TRX-90002599,20251228,2025-12-28,PRD-02,CC-202,71.0,7070.63,3403.79,502014.73,241669.09,260345.64,Distribuidor Mayorista
TRX-90002600,20251228,2025-12-28,PRD-01,CC-203,156.0,6681.8,3189.34,1042360.8,497537.04,544823.76,Exportacion Directa
TRX-90002601,20251229,2025-12-29,PRD-05,CC-202,23.0,9618.57,4508.26,221227.11,103689.98,117537.13,Canal Horeca
TRX-90002602,20251229,2025-12-29,PRD-04,CC-202,120.0,5665.21,2776.73,679825.2,333207.6,346617.6,Distribuidor Mayorista
TRX-90002603,20251229,2025-12-29,PRD-05,CC-202,75.0,9130.41,4669.98,684780.75,350248.5,334532.25,Supermercados
TRX-90002604,20251229,2025-12-29,PRD-04,CC-202,65.0,6352.7,2788.71,412925.5,181266.15,231659.35,Distribuidor Mayorista
TRX-90002605,20251229,2025-12-29,PRD-04,CC-202,183.0,5881.86,2705.05,1076380.38,495024.15,581356.23,Distribuidor Mayorista
TRX-90002606,20251229,2025-12-29,PRD-01,CC-202,21.0,6470.02,3202.94,135870.42,67261.74,68608.68,Canal Horeca
TRX-90002607,20251229,2025-12-29,PRD-01,CC-203,190.0,7343.56,3214.14,1395276.4,610686.6,784589.8,Exportacion Directa
TRX-90002608,20251230,2025-12-30,PRD-03,CC-202,246.0,3324.48,1693.43,817822.08,416583.78,401238.3,Supermercados
TRX-90002609,20251230,2025-12-30,PRD-01,CC-202,103.0,7328.83,3088.82,754869.49,318148.46,436721.03,Supermercados
TRX-90002610,20251230,2025-12-30,PRD-03,CC-202,31.0,3192.14,1609.27,98956.34,49887.37,49068.97,Distribuidor Mayorista
TRX-90002611,20251230,2025-12-30,PRD-02,CC-202,137.0,7453.73,3357.39,1021161.01,459962.43,561198.58,Supermercados
TRX-90002612,20251231,2025-12-31,PRD-05,CC-202,237.0,9228.38,4720.05,2187126.06,1118651.85,1068474.21,Supermercados
TRX-90002613,20251231,2025-12-31,PRD-04,CC-202,125.0,6237.3,2812.5,779662.5,351562.5,428100.0,Canal Horeca
TRX-90002614,20251231,2025-12-31,PRD-03,CC-203,94.0,3153.91,1583.43,296467.54,148842.42,147625.12,Exportacion Directa
TRX-90002615,20251231,2025-12-31,PRD-01,CC-203,60.0,6587.11,3280.79,395226.6,196847.4,198379.2,Exportacion Directa
TRX-90002616,20251231,2025-12-31,PRD-03,CC-202,197.0,3152.47,1624.64,621036.59,320054.08,300982.51,Distribuidor Mayorista
TRX-90002617,20251231,2025-12-31,PRD-03,CC-202,164.0,3156.61,1562.17,517684.04,256195.88,261488.16,Canal Horeca
TRX-9999901,20250615,2025-06-15,PRD-03,CC-202,50.0,5000.0,2400.0,250000.0,120000.0,130000.0,Supermercados
TRX-9999902,20250715,2025-07-15,PRD-01,CC-202,40.0,7000.0,3250.0,280000.0,130000.0,150000.0,Canal Horeca
TRX-9999903,20250820,2025-08-20,PRD-03,CC-202,100.0,3100.0,1600.0,310000.0,160000.0,150000.0,Distribuidor Mayorista
