date,value
2002-03-04,2.0083
2002-03-05,1.9917
2002-03-06,2.0508
2002-03-07,2.1375
2002-03-08,2.2033
2002-03-11,2.2525
2002-03-12,2.365
2002-03-13,2.3317
2002-03-14,2.365
2002-03-15,2.3408
2002-03-18,2.3175
2002-03-19,2.3783
2002-03-20,2.432
2002-03-21,2.3883
2002-03-22,2.5683
2002-03-25,3.205
2002-03-26,2.9917
2002-03-27,2.8517
2002-04-02,2.8875
2002-04-03,2.9033
2002-04-04,2.8
2002-04-05,2.6733
2002-04-08,2.7042
2002-04-09,2.7467
2002-04-10,2.7708
2002-04-11,2.7883
2002-04-12,2.8592
2002-04-15,2.9233
2002-04-16,2.8533
2002-04-17,2.805
2002-04-18,2.9117
2002-04-19,3.1167
2002-04-29,3.0217
2002-04-30,2.9167
2002-05-02,3.0358
2002-05-03,3.16
2002-05-06,3.1633
2002-05-07,3.1717
2002-05-08,3.1863
2002-05-09,3.18
2002-05-10,3.1767
2002-05-13,3.2667
2002-05-14,3.2557
2002-05-15,3.225
2002-05-16,3.2228
2002-05-17,3.33
2002-05-20,3.5167
2002-05-21,3.4933
2002-05-22,3.4208
2002-05-23,3.3883
2002-05-24,3.4283
2002-05-27,3.4483
2002-05-28,3.4517
2002-05-29,3.5433
2002-05-30,3.5917
2002-05-31,3.575
2002-06-03,3.5942
2002-06-04,3.6083
2002-06-05,3.6267
2002-06-06,3.6367
2002-06-07,3.63
2002-06-10,3.5325
2002-06-11,3.4558
2002-06-12,3.445
2002-06-13,3.4717
2002-06-14,3.5043
2002-06-18,3.5078
2002-06-19,3.5362
2002-06-20,3.5833
2002-06-21,3.636
2002-06-24,3.7058
2002-06-25,3.85
2002-06-26,3.8675
2002-06-27,3.8092
2002-06-28,3.8037
2002-07-01,3.7912
2002-07-02,3.69
2002-07-03,3.5767
2002-07-04,3.5558
2002-07-05,3.5667
2002-07-08,3.5317
2002-07-10,3.5303
2002-07-11,3.555
2002-07-12,3.5875
2002-07-15,3.5933
2002-07-16,3.5907
2002-07-17,3.4967
2002-07-18,3.5417
2002-07-19,3.5845
2002-07-22,3.5978
2002-07-23,3.6383
2002-07-24,3.645
2002-07-25,3.6267
2002-07-26,3.6558
2002-07-29,3.65
2002-07-30,3.6508
2002-07-31,3.7008
2002-08-01,3.6333
2002-08-02,3.615
2002-08-05,3.6163
2002-08-06,3.6208
2002-08-07,3.6278
2002-08-08,3.6408
2002-08-09,3.6367
2002-08-12,3.62
2002-08-13,3.6108
2002-08-14,3.6325
2002-08-15,3.6417
2002-08-16,3.6392
2002-08-20,3.63
2002-08-21,3.5983
2002-08-22,3.5817
2002-08-23,3.6042
2002-08-26,3.6183
2002-08-27,3.6258
2002-08-28,3.605
2002-08-29,3.6117
2002-08-30,3.625
2002-09-02,3.628
2002-09-03,3.633
2002-09-04,3.6368
2002-09-05,3.6247
2002-09-06,3.6092
2002-09-09,3.6092
2002-09-10,3.6183
2002-09-11,3.61
2002-09-12,3.6237
2002-09-13,3.6297
2002-09-16,3.6393
2002-09-17,3.6342
2002-09-18,3.6317
2002-09-19,3.6508
2002-09-20,3.658
2002-09-23,3.6492
2002-09-24,3.6583
2002-09-25,3.665
2002-09-26,3.6678
2002-09-27,3.701
2002-09-30,3.7267
2002-10-01,3.7417
2002-10-02,3.7608
2002-10-03,3.7508
2002-10-04,3.7397
2002-10-07,3.756
2002-10-08,3.7422
2002-10-09,3.715
2002-10-10,3.6907
2002-10-11,3.7052
2002-10-15,3.6792
2002-10-16,3.612
2002-10-17,3.5742
2002-10-18,3.5938
2002-10-21,3.61
2002-10-22,3.615
2002-10-23,3.6002
2002-10-24,3.6033
2002-10-25,3.606
2002-10-28,3.59
2002-10-29,3.5792
2002-10-30,3.5532
2002-10-31,3.5232
2002-11-01,3.5182
2002-11-04,3.541
2002-11-05,3.5367
2002-11-07,3.5395
2002-11-08,3.5343
2002-11-11,3.5422
2002-11-12,3.5292
2002-11-13,3.5303
2002-11-14,3.5358
2002-11-15,3.5317
2002-11-18,3.527
2002-11-19,3.5127
2002-11-20,3.5123
2002-11-21,3.5067
2002-11-22,3.5023
2002-11-25,3.5047
2002-11-26,3.4795
2002-11-27,3.4882
2002-11-28,3.5425
2002-11-29,3.5962
2002-12-02,3.5875
2002-12-03,3.5372
2002-12-04,3.5285
2002-12-05,3.5188
2002-12-06,3.5307
2002-12-09,3.5333
2002-12-10,3.5268
2002-12-11,3.5065
2002-12-12,3.4975
2002-12-13,3.5088
2002-12-16,3.5365
2002-12-17,3.538
2002-12-18,3.5118
2002-12-19,3.4792
2002-12-20,3.4748
2002-12-23,3.47
2002-12-24,3.4467
2002-12-26,3.4128
2002-12-27,3.3967
2002-12-30,3.3885
2002-12-31,3.363
2003-01-02,3.3625
2003-01-03,3.3328
2003-01-06,3.329
2003-01-07,3.2888
2003-01-08,3.2935
2003-01-09,3.3143
2003-01-10,3.3533
2003-01-13,3.345
2003-01-14,3.3037
2003-01-15,3.2275
2003-01-16,3.2438
2003-01-17,3.244
2003-01-20,3.1933
2003-01-21,3.1328
2003-01-22,3.0633
2003-01-23,3.12
2003-01-24,3.1733
2003-01-27,3.2592
2003-01-28,3.3433
2003-01-29,3.335
2003-01-30,3.24
2003-01-31,3.1817
2003-02-03,3.1983
2003-02-04,3.1567
2003-02-05,3.1533
2003-02-06,3.1458
2003-02-07,3.1517
2003-02-10,3.1458
2003-02-11,3.1017
2003-02-12,3.0848
2003-02-13,3.1167
2003-02-14,3.1908
2003-02-17,3.1617
2003-02-18,3.1585
2003-02-19,3.1843
2003-02-20,3.2317
2003-02-21,3.2025
2003-02-24,3.1838
2003-02-25,3.15
2003-02-26,3.1622
2003-02-27,3.1817
2003-02-28,3.2013
2003-03-03,3.2187
2003-03-04,3.1962
2003-03-05,3.174
2003-03-06,3.1808
2003-03-07,3.1715
2003-03-10,3.1493
2003-03-11,3.137
2003-03-12,3.1133
2003-03-13,3.1078
2003-03-14,3.1208
2003-03-17,3.1
2003-03-18,3.0655
2003-03-19,3.0192
2003-03-20,3.0195
2003-03-21,3.0357
2003-03-24,3.0088
2003-03-25,2.9417
2003-03-26,2.9012
2003-03-27,2.871
2003-03-28,2.9625
2003-04-01,2.9792
2003-04-02,2.9243
2003-04-03,2.9
2003-04-04,2.9022
2003-04-07,2.8932
2003-04-08,2.9092
2003-04-09,2.9187
2003-04-10,2.895
2003-04-11,2.8897
2003-04-14,2.924
2003-04-15,2.959
2003-04-16,2.9377
2003-04-21,2.8953
2003-04-22,2.8552
2003-04-23,2.8378
2003-04-24,2.852
2003-04-25,2.8752
2003-04-28,2.8602
2003-04-29,2.8547
2003-04-30,2.8295
2003-05-02,2.7947
2003-05-05,2.7975
2003-05-06,2.7965
2003-05-07,2.8055
2003-05-08,2.7683
2003-05-09,2.7602
2003-05-12,2.774
2003-05-13,2.7485
2003-05-14,2.7678
2003-05-15,2.8395
2003-05-16,2.9083
2003-05-19,2.95
2003-05-20,2.8832
2003-05-21,2.853
2003-05-22,2.839
2003-05-23,2.8913
2003-05-26,2.8825
2003-05-27,2.8683
2003-05-28,2.8753
2003-05-29,2.8825
2003-05-30,2.8632
2003-06-02,2.8468
2003-06-03,2.838
2003-06-04,2.8255
2003-06-05,2.8225
2003-06-06,2.8243
2003-06-09,2.815
2003-06-10,2.811
2003-06-11,2.8112
2003-06-12,2.8383
2003-06-13,2.8265
2003-06-17,2.8043
2003-06-18,2.795
2003-06-19,2.7987
2003-06-20,2.8027
2003-06-23,2.7957
2003-06-24,2.7728
2003-06-25,2.7615
2003-06-26,2.7857
2003-06-27,2.794
2003-06-30,2.8075
2003-07-01,2.8003
2003-07-02,2.8012
2003-07-03,2.7967
2003-07-04,2.7953
2003-07-07,2.7902
2003-07-08,2.776
2003-07-10,2.7673
2003-07-11,2.7582
2003-07-14,2.7647
2003-07-15,2.7815
2003-07-16,2.7715
2003-07-17,2.7873
2003-07-18,2.799
2003-07-21,2.7973
2003-07-22,2.7863
2003-07-23,2.7757
2003-07-24,2.79
2003-07-25,2.8183
2003-07-28,2.8182
2003-07-29,2.8423
2003-07-30,2.8797
2003-07-31,2.9313
2003-08-01,2.93
2003-08-04,2.9618
2003-08-05,2.9385
2003-08-06,2.931
2003-08-07,2.9288
2003-08-08,2.9248
2003-08-11,2.9207
2003-08-12,2.9073
2003-08-13,2.8842
2003-08-14,2.896
2003-08-15,2.9
2003-08-19,2.902
2003-08-20,2.906
2003-08-21,2.9352
2003-08-22,2.97
2003-08-25,2.9298
2003-08-26,2.9217
2003-08-27,2.9572
2003-08-28,2.972
2003-08-29,2.9528
2003-09-01,2.963
2003-09-02,2.9658
2003-09-03,2.9773
2003-09-04,2.9607
2003-09-05,2.937
2003-09-08,2.9428
2003-09-09,2.9567
2003-09-10,2.9353
2003-09-11,2.9028
2003-09-12,2.8942
2003-09-15,2.8898
2003-09-16,2.8917
2003-09-17,2.9067
2003-09-18,2.9178
2003-09-19,2.9117
2003-09-22,2.9107
2003-09-23,2.8963
2003-09-24,2.8933
2003-09-25,2.89
2003-09-26,2.9007
2003-09-29,2.9055
2003-09-30,2.911
2003-10-01,2.9127
2003-10-02,2.9012
2003-10-03,2.8952
2003-10-06,2.8782
2003-10-07,2.8685
2003-10-08,2.8628
2003-10-09,2.8497
2003-10-10,2.833
2003-10-14,2.8372
2003-10-15,2.8417
2003-10-16,2.8443
2003-10-17,2.8502
2003-10-20,2.8513
2003-10-21,2.851
2003-10-22,2.8535
2003-10-23,2.846
2003-10-24,2.8428
2003-10-27,2.8383
2003-10-28,2.849
2003-10-29,2.8518
2003-10-30,2.8632
2003-10-31,2.8775
2003-11-03,2.8603
2003-11-04,2.8517
2003-11-05,2.8603
2003-11-07,2.8538
2003-11-10,2.8453
2003-11-11,2.8535
2003-11-12,2.855
2003-11-13,2.8583
2003-11-14,2.8718
2003-11-17,2.876
2003-11-18,2.8625
2003-11-19,2.869
2003-11-20,2.8795
2003-11-21,2.8873
2003-11-24,2.8918
2003-11-25,2.9157
2003-11-26,2.938
2003-11-27,2.977
2003-11-28,2.9877
2003-12-01,2.9898
2003-12-02,2.972
2003-12-03,2.98
2003-12-04,2.9707
2003-12-05,2.9693
2003-12-09,2.9547
2003-12-10,2.9377
2003-12-11,2.9473
2003-12-12,2.9563
2003-12-15,2.961
2003-12-16,2.9713
2003-12-17,2.9717
2003-12-18,2.9658
2003-12-19,2.971
2003-12-22,2.966
2003-12-23,2.9567
2003-12-24,2.9605
2003-12-26,2.9535
2003-12-29,2.9503
2003-12-30,2.9345
2003-12-31,2.933
2004-01-02,2.9243
2004-01-05,2.8922
2004-01-06,2.8573
2004-01-07,2.873
2004-01-08,2.8902
2004-01-09,2.8892
2004-01-12,2.8663
2004-01-13,2.8567
2004-01-14,2.8767
2004-01-15,2.871
2004-01-16,2.8722
2004-01-19,2.8882
2004-01-20,2.8858
2004-01-21,2.8932
2004-01-22,2.9112
2004-01-23,2.8952
2004-01-26,2.909
2004-01-27,2.905
2004-01-28,2.9175
2004-01-29,2.9428
2004-01-30,2.9327
2004-02-02,2.939
2004-02-03,2.9252
2004-02-04,2.9337
2004-02-05,2.96
2004-02-06,2.9613
2004-02-09,2.9445
2004-02-10,2.928
2004-02-11,2.9428
2004-02-12,2.9275
2004-02-13,2.9173
2004-02-16,2.9168
2004-02-17,2.9165
2004-02-18,2.9342
2004-02-19,2.9398
2004-02-20,2.9412
2004-02-23,2.9218
2004-02-24,2.9218
2004-02-25,2.9192
2004-02-26,2.9243
2004-02-27,2.9235
2004-03-01,2.9163
2004-03-02,2.9233
2004-03-03,2.9122
2004-03-04,2.9165
2004-03-05,2.9325
2004-03-08,2.9387
2004-03-09,2.925
2004-03-10,2.9042
2004-03-11,2.9182
2004-03-12,2.912
2004-03-15,2.9118
2004-03-16,2.9027
2004-03-17,2.8932
2004-03-18,2.8832
2004-03-19,2.8825
2004-03-22,2.8667
2004-03-23,2.8658
2004-03-24,2.8752
2004-03-25,2.8818
2004-03-26,2.8782
2004-03-29,2.884
2004-03-30,2.865
2004-03-31,2.855
2004-04-01,2.8522
2004-04-02,2.8457
2004-04-06,2.8445
2004-04-07,2.8108
2004-04-12,2.8037
2004-04-13,2.8162
2004-04-14,2.8167
2004-04-15,2.8142
2004-04-16,2.8195
2004-04-19,2.823
2004-04-20,2.8355
2004-04-21,2.8518
2004-04-22,2.8633
2004-04-23,2.8583
2004-04-26,2.8407
2004-04-27,2.8298
2004-04-28,2.8483
2004-04-29,2.863
2004-04-30,2.8452
2004-05-03,2.8438
2004-05-04,2.8592
2004-05-05,2.864
2004-05-06,2.8837
2004-05-07,2.9183
2004-05-10,2.9597
2004-05-11,2.9143
2004-05-12,2.9098
2004-05-13,2.9278
2004-05-14,2.9097
2004-05-17,2.9097
2004-05-18,2.9057
2004-05-19,2.9102
2004-05-20,2.9313
2004-05-21,2.9525
2004-05-24,2.9512
2004-05-26,2.9535
2004-05-27,2.9622
2004-05-28,2.9627
2004-05-31,2.9642
2004-06-01,2.9658
2004-06-02,2.9537
2004-06-03,2.9533
2004-06-04,2.969
2004-06-07,2.965
2004-06-08,2.9743
2004-06-09,2.962
2004-06-10,2.9638
2004-06-11,2.9695
2004-06-14,2.9708
2004-06-15,2.9552
2004-06-16,2.9543
2004-06-17,2.9555
2004-06-18,2.9632
2004-06-22,2.9632
2004-06-23,2.9505
2004-06-24,2.9378
2004-06-25,2.9543
2004-06-28,2.9593
2004-06-29,2.9642
2004-06-30,2.9607
2004-07-01,2.9505
2004-07-02,2.9472
2004-07-05,2.9485
2004-07-06,2.9417
2004-07-07,2.9428
2004-07-08,2.9532
2004-07-12,2.957
2004-07-13,2.9513
2004-07-14,2.9473
2004-07-15,2.9463
2004-07-16,2.9382
2004-07-19,2.9443
2004-07-20,2.9497
2004-07-21,2.9522
2004-07-22,2.955
2004-07-23,2.962
2004-07-26,2.973
2004-07-27,2.9745
2004-07-28,2.9713
2004-07-29,2.9775
2004-07-30,2.976
2004-08-02,2.9852
2004-08-03,2.9932
2004-08-04,3.0118
2004-08-05,3.04
2004-08-06,3.0718
2004-08-09,3.045
2004-08-10,3.023
2004-08-11,3.028
2004-08-12,3.0207
2004-08-13,3.0112
2004-08-17,3.0107
2004-08-18,3.018
2004-08-19,3.007
2004-08-20,3.0087
2004-08-23,3.0077
2004-08-24,3.002
2004-08-25,2.9892
2004-08-26,2.9938
2004-08-27,3.0097
2004-08-30,3.0082
2004-08-31,3.0003
2004-09-01,2.9977
2004-09-02,3.0017
2004-09-03,3.002
2004-09-06,2.9928
2004-09-07,2.9932
2004-09-08,2.9948
2004-09-09,3.0045
2004-09-10,3.0095
2004-09-13,3.0087
2004-09-14,2.9957
2004-09-15,2.9832
2004-09-16,2.9803
2004-09-17,3.0048
2004-09-20,2.9938
2004-09-21,3.0028
2004-09-22,3.001
2004-09-23,2.9925
2004-09-24,2.9983
2004-09-27,2.9948
2004-09-28,2.991
2004-09-29,2.9867
2004-09-30,2.9825
2004-10-01,2.979
2004-10-04,2.973
2004-10-05,2.9698
2004-10-06,2.972
2004-10-07,2.9743
2004-10-08,2.9657
2004-10-12,2.9663
2004-10-13,2.9735
2004-10-14,2.9752
2004-10-15,2.9718
2004-10-18,2.961
2004-10-19,2.9558
2004-10-20,2.9633
2004-10-21,2.9563
2004-10-22,2.9588
2004-10-25,2.9688
2004-10-26,2.9713
2004-10-27,2.9737
2004-10-28,2.9758
2004-10-29,2.9782
2004-11-01,2.968
2004-11-02,2.959
2004-11-03,2.9558
2004-11-04,2.9587
2004-11-05,2.9622
2004-11-08,2.9673
2004-11-09,2.9757
2004-11-10,2.969
2004-11-11,2.9678
2004-11-12,2.9638
2004-11-15,2.9553
2004-11-16,2.9517
2004-11-17,2.9427
2004-11-18,2.9343
2004-11-19,2.9443
2004-11-22,2.9543
2004-11-23,2.949
2004-11-24,2.9427
2004-11-25,2.9437
2004-11-26,2.9402
2004-11-29,2.9455
2004-11-30,2.951
2004-12-01,2.9418
2004-12-02,2.9537
2004-12-03,2.9715
2004-12-06,2.983
2004-12-07,2.9913
2004-12-09,2.9797
2004-12-10,2.9758
2004-12-13,2.9762
2004-12-14,2.9725
2004-12-15,2.9795
2004-12-16,2.9863
2004-12-17,2.9868
2004-12-20,2.9707
2004-12-21,2.9537
2004-12-22,2.9617
2004-12-23,2.9607
2004-12-24,2.955
2004-12-27,2.9583
2004-12-28,2.9682
2004-12-29,2.983
2004-12-30,2.977
2004-12-31,2.9738
2005-01-03,2.9653
2005-01-04,2.9705
2005-01-05,2.9712
2005-01-06,2.9718
2005-01-07,2.9653
2005-01-10,2.967
2005-01-11,2.9653
2005-01-12,2.9538
2005-01-13,2.9375
2005-01-14,2.9388
2005-01-17,2.9332
2005-01-18,2.9375
2005-01-19,2.9365
2005-01-20,2.9443
2005-01-21,2.9432
2005-01-24,2.9392
2005-01-25,2.9258
2005-01-26,2.9233
2005-01-27,2.9258
2005-01-28,2.926
2005-01-31,2.9253
2005-02-01,2.9202
2005-02-02,2.9243
2005-02-03,2.9213
2005-02-04,2.9177
2005-02-07,2.919
2005-02-08,2.915
2005-02-09,2.9087
2005-02-10,2.9087
2005-02-11,2.9122
2005-02-14,2.906
2005-02-15,2.9057
2005-02-16,2.8973
2005-02-17,2.8893
2005-02-18,2.905
2005-02-21,2.9105
2005-02-22,2.9155
2005-02-23,2.928
2005-02-24,2.9353
2005-02-25,2.9345
2005-02-28,2.9327
2005-03-01,2.9422
2005-03-02,2.9518
2005-03-03,2.9522
2005-03-04,2.9397
2005-03-07,2.9253
2005-03-08,2.9312
2005-03-09,2.9355
2005-03-10,2.9353
2005-03-11,2.9232
2005-03-14,2.9183
2005-03-15,2.9178
2005-03-16,2.923
2005-03-17,2.92
2005-03-18,2.9145
2005-03-21,2.9163
2005-03-22,2.9142
2005-03-23,2.9165
2005-03-28,2.9188
2005-03-29,2.9222
2005-03-30,2.9163
2005-03-31,2.9233
2005-04-01,2.9188
2005-04-04,2.9187
2005-04-05,2.9158
2005-04-06,2.9067
2005-04-07,2.8925
2005-04-08,2.8938
2005-04-11,2.8927
2005-04-12,2.8897
2005-04-13,2.8823
2005-04-14,2.8838
2005-04-15,2.8938
2005-04-18,2.9012
2005-04-19,2.8983
2005-04-20,2.9025
2005-04-21,2.9002
2005-04-22,2.9012
2005-04-25,2.9013
2005-04-26,2.9002
2005-04-27,2.8982
2005-04-28,2.9037
2005-04-29,2.9133
2005-05-02,2.904
2005-05-03,2.8968
2005-05-04,2.8963
2005-05-05,2.8957
2005-05-06,2.897
2005-05-09,2.897
2005-05-10,2.8917
2005-05-11,2.894
2005-05-12,2.8965
2005-05-13,2.8968
2005-05-16,2.8857
2005-05-17,2.885
2005-05-18,2.8873
2005-05-19,2.8843
2005-05-20,2.8875
2005-05-23,2.8862
2005-05-24,2.884
2005-05-26,2.8862
2005-05-27,2.885
2005-05-30,2.8852
2005-05-31,2.8877
2005-06-01,2.882
2005-06-02,2.8845
2005-06-03,2.8857
2005-06-06,2.8948
2005-06-07,2.8948
2005-06-08,2.8927
2005-06-09,2.8963
2005-06-10,2.893
2005-06-13,2.8902
2005-06-14,2.878
2005-06-15,2.8678
2005-06-16,2.875
2005-06-17,2.8725
2005-06-21,2.8703
2005-06-22,2.865
2005-06-23,2.8692
2005-06-24,2.879
2005-06-27,2.8845
2005-06-28,2.894
2005-06-29,2.8953
2005-06-30,2.8908
2005-07-01,2.8845
2005-07-04,2.8835
2005-07-05,2.8865
2005-07-06,2.884
2005-07-07,2.8802
2005-07-08,2.8723
2005-07-11,2.8633
2005-07-12,2.876
2005-07-13,2.8695
2005-07-14,2.8687
2005-07-15,2.862
2005-07-18,2.8682
2005-07-19,2.8622
2005-07-20,2.861
2005-07-21,2.8598
2005-07-22,2.8637
2005-07-25,2.8648
2005-07-26,2.8612
2005-07-27,2.8615
2005-07-28,2.8652
2005-07-29,2.8628
2005-08-01,2.8592
2005-08-02,2.8593
2005-08-03,2.86
2005-08-04,2.8613
2005-08-05,2.8645
2005-08-08,2.8677
2005-08-09,2.873
2005-08-10,2.8738
2005-08-11,2.8783
2005-08-12,2.882
2005-08-16,2.8865
2005-08-17,2.8928
2005-08-18,2.8957
2005-08-19,2.9072
2005-08-22,2.9065
2005-08-23,2.909
2005-08-24,2.9098
2005-08-25,2.9078
2005-08-26,2.9083
2005-08-29,2.9108
2005-08-30,2.9112
2005-08-31,2.9117
2005-09-01,2.9098
2005-09-02,2.9105
2005-09-05,2.9075
2005-09-06,2.9072
2005-09-07,2.9055
2005-09-08,2.9043
2005-09-09,2.9087
2005-09-12,2.9153
2005-09-13,2.9195
2005-09-14,2.9193
2005-09-15,2.9165
2005-09-16,2.9135
2005-09-19,2.9097
2005-09-20,2.914
2005-09-21,2.914
2005-09-22,2.9132
2005-09-23,2.9108
2005-09-26,2.9098
2005-09-27,2.9085
2005-09-28,2.9128
2005-09-29,2.9148
2005-09-30,2.9125
2005-10-03,2.9082
2005-10-04,2.9112
2005-10-05,2.9187
2005-10-06,2.9297
2005-10-07,2.9365
2005-10-11,2.9415
2005-10-12,2.9622
2005-10-13,2.9773
2005-10-14,2.9805
2005-10-17,2.968
2005-10-18,2.9667
2005-10-19,2.974
2005-10-20,2.9762
2005-10-21,2.9855
2005-10-24,2.9778
2005-10-25,2.979
2005-10-26,2.9952
2005-10-27,3.0125
2005-10-28,3.0105
2005-10-31,3.0097
2005-11-01,2.9952
2005-11-02,2.9927
2005-11-03,2.9837
2005-11-04,2.9842
2005-11-07,2.9763
2005-11-08,2.9668
2005-11-09,2.9638
2005-11-10,2.9732
2005-11-11,2.9693
2005-11-14,2.9653
2005-11-15,2.9598
2005-11-16,2.9483
2005-11-17,2.9477
2005-11-18,2.943
2005-11-21,2.9405
2005-11-22,2.9435
2005-11-23,2.9458
2005-11-24,2.9538
2005-11-25,2.9673
2005-11-28,2.9923
2005-11-29,2.9928
2005-11-30,2.9735
2005-12-01,2.97
2005-12-02,2.9765
2005-12-05,2.9885
2005-12-06,2.9983
2005-12-07,2.9878
2005-12-09,3.001
2005-12-12,3.0093
2005-12-13,3.0082
2005-12-14,2.999
2005-12-15,3.0065
2005-12-16,3.0523
2005-12-19,3.0427
2005-12-20,3.028
2005-12-21,3.0338
2005-12-22,3.031
2005-12-23,3.02
2005-12-26,3.0223
2005-12-27,3.0243
2005-12-28,3.041
2005-12-29,3.0315
2005-12-30,3.0315
2005-12-31,3.0315
2006-01-02,3.0305
2006-01-03,3.0373
2006-01-04,3.0417
2006-01-05,3.0445
2006-01-06,3.051
2006-01-09,3.0632
2006-01-10,3.0613
2006-01-11,3.0522
2006-01-12,3.0438
2006-01-13,3.0407
2006-01-16,3.0363
2006-01-17,3.039
2006-01-18,3.0477
2006-01-19,3.0465
2006-01-20,3.037
2006-01-23,3.0357
2006-01-24,3.0357
2006-01-25,3.0415
2006-01-26,3.0532
2006-01-27,3.0535
2006-01-30,3.0568
2006-01-31,3.0637
2006-02-01,3.0625
2006-02-02,3.0678
2006-02-03,3.0663
2006-02-06,3.0643
2006-02-07,3.0697
2006-02-08,3.0757
2006-02-09,3.0673
2006-02-10,3.0635
2006-02-13,3.0678
2006-02-14,3.0702
2006-02-15,3.0698
2006-02-16,3.0675
2006-02-17,3.0657
2006-02-20,3.067
2006-02-21,3.0672
2006-02-22,3.0713
2006-02-23,3.0723
2006-02-24,3.0752
2006-02-27,3.0742
2006-02-28,3.0728
2006-03-01,3.0698
2006-03-02,3.065
2006-03-03,3.068
2006-03-06,3.0758
2006-03-07,3.0792
2006-03-08,3.0823
2006-03-09,3.0797
2006-03-10,3.0815
2006-03-13,3.0817
2006-03-14,3.0773
2006-03-15,3.073
2006-03-16,3.0715
2006-03-17,3.073
2006-03-20,3.0732
2006-03-21,3.0748
2006-03-22,3.0752
2006-03-23,3.0753
2006-03-27,3.0795
2006-03-28,3.0845
2006-03-29,3.0783
2006-03-30,3.0798
2006-03-31,3.0808
2006-04-03,3.0818
2006-04-04,3.0828
2006-04-05,3.0807
2006-04-06,3.0787
2006-04-07,3.079
2006-04-10,3.08
2006-04-11,3.0788
2006-04-12,3.077
2006-04-17,3.077
2006-04-18,3.0717
2006-04-19,3.0687
2006-04-20,3.0625
2006-04-21,3.0573
2006-04-24,3.0538
2006-04-25,3.0418
2006-04-26,3.0407
2006-04-27,3.0367
2006-04-28,3.0438
2006-05-02,3.0442
2006-05-03,3.0433
2006-05-04,3.0383
2006-05-05,3.0403
2006-05-08,3.0387
2006-05-09,3.0398
2006-05-10,3.0407
2006-05-11,3.0373
2006-05-12,3.0367
2006-05-15,3.0408
2006-05-16,3.0402
2006-05-17,3.0453
2006-05-18,3.0517
2006-05-19,3.055
2006-05-22,3.0675
2006-05-23,3.0687
2006-05-24,3.0798
2006-05-26,3.0697
2006-05-29,3.0775
2006-05-30,3.0808
2006-05-31,3.0868
2006-06-01,3.0803
2006-06-02,3.076
2006-06-05,3.078
2006-06-06,3.0823
2006-06-07,3.0805
2006-06-08,3.0827
2006-06-09,3.0813
2006-06-12,3.0817
2006-06-13,3.0822
2006-06-14,3.081
2006-06-15,3.0778
2006-06-16,3.0785
2006-06-20,3.0797
2006-06-21,3.0767
2006-06-22,3.0753
2006-06-23,3.0805
2006-06-26,3.0823
2006-06-27,3.0885
2006-06-28,3.0898
2006-06-29,3.0867
2006-06-30,3.0848
2006-07-03,3.0845
2006-07-04,3.0848
2006-07-05,3.0858
2006-07-06,3.0858
2006-07-07,3.085
2006-07-10,3.0865
2006-07-11,3.0857
2006-07-12,3.0823
2006-07-13,3.0847
2006-07-14,3.0843
2006-07-17,3.0832
2006-07-18,3.0818
2006-07-19,3.0807
2006-07-20,3.0803
2006-07-21,3.0813
2006-07-24,3.0818
2006-07-25,3.0787
2006-07-26,3.076
2006-07-27,3.0752
2006-07-28,3.078
2006-07-31,3.0748
2006-08-01,3.0708
2006-08-02,3.0717
2006-08-03,3.0705
2006-08-04,3.0658
2006-08-07,3.0705
2006-08-08,3.0725
2006-08-09,3.0698
2006-08-10,3.0695
2006-08-11,3.0692
2006-08-14,3.0725
2006-08-15,3.076
2006-08-16,3.0768
2006-08-17,3.0755
2006-08-18,3.0812
2006-08-22,3.0838
2006-08-23,3.0858
2006-08-24,3.086
2006-08-25,3.0895
2006-08-28,3.0953
2006-08-29,3.093
2006-08-30,3.0945
2006-08-31,3.0972
2006-09-01,3.0943
2006-09-04,3.0948
2006-09-05,3.0953
2006-09-06,3.1003
2006-09-07,3.1023
2006-09-08,3.099
2006-09-11,3.1015
2006-09-12,3.105
2006-09-13,3.1068
2006-09-14,3.101
2006-09-15,3.0983
2006-09-18,3.0978
2006-09-19,3.0972
2006-09-20,3.0988
2006-09-21,3.0995
2006-09-22,3.0998
2006-09-25,3.0982
2006-09-26,3.1008
2006-09-27,3.1032
2006-09-28,3.1033
2006-09-29,3.1043
2006-10-02,3.1023
2006-10-03,3.1033
2006-10-04,3.1055
2006-10-05,3.1042
2006-10-06,3.1058
2006-10-09,3.1062
2006-10-10,3.106
2006-10-11,3.1072
2006-10-12,3.1052
2006-10-13,3.1028
2006-10-17,3.102
2006-10-18,3.0957
2006-10-19,3.09
2006-10-20,3.091
2006-10-23,3.0908
2006-10-24,3.0897
2006-10-25,3.092
2006-10-26,3.0907
2006-10-27,3.089
2006-10-30,3.0953
2006-10-31,3.0933
2006-11-01,3.0887
2006-11-02,3.0858
2006-11-03,3.083
2006-11-07,3.0803
2006-11-08,3.0722
2006-11-09,3.0687
2006-11-10,3.071
2006-11-13,3.076
2006-11-14,3.0753
2006-11-15,3.0692
2006-11-16,3.068
2006-11-17,3.0732
2006-11-20,3.0738
2006-11-21,3.079
2006-11-22,3.0785
2006-11-23,3.0727
2006-11-24,3.0735
2006-11-27,3.077
2006-11-28,3.079
2006-11-29,3.0763
2006-11-30,3.0693
2006-12-01,3.066
2006-12-04,3.063
2006-12-05,3.0563
2006-12-06,3.0562
2006-12-07,3.0593
2006-12-11,3.0607
2006-12-12,3.0562
2006-12-13,3.0557
2006-12-14,3.0578
2006-12-15,3.0573
2006-12-18,3.0568
2006-12-19,3.0578
2006-12-20,3.053
2006-12-21,3.0492
2006-12-22,3.0517
2006-12-26,3.0662
2006-12-27,3.0792
2006-12-28,3.0732
2006-12-29,3.0695
2007-01-02,3.0577
2007-01-03,3.0553
2007-01-04,3.07
2007-01-05,3.0772
2007-01-08,3.0802
2007-01-09,3.0832
2007-01-10,3.084
2007-01-11,3.0805
2007-01-12,3.0812
2007-01-15,3.0788
2007-01-16,3.0805
2007-01-17,3.0782
2007-01-18,3.0793
2007-01-19,3.0845
2007-01-22,3.0883
2007-01-23,3.0972
2007-01-24,3.0975
2007-01-25,3.0948
2007-01-26,3.1032
2007-01-29,3.1068
2007-01-30,3.1062
2007-01-31,3.1063
2007-02-01,3.104
2007-02-02,3.0988
2007-02-05,3.1002
2007-02-06,3.1033
2007-02-07,3.1008
2007-02-08,3.1045
2007-02-09,3.1045
2007-02-12,3.1058
2007-02-13,3.1008
2007-02-14,3.0995
2007-02-15,3.0975
2007-02-16,3.1035
2007-02-19,3.1035
2007-02-20,3.1045
2007-02-21,3.1038
2007-02-22,3.1047
2007-02-23,3.1038
2007-02-26,3.104
2007-02-27,3.104
2007-02-28,3.101
2007-03-01,3.1002
2007-03-02,3.0963
2007-03-05,3.1015
2007-03-06,3.101
2007-03-07,3.1033
2007-03-08,3.1038
2007-03-09,3.104
2007-03-12,3.1047
2007-03-13,3.1023
2007-03-14,3.0987
2007-03-15,3.0975
2007-03-16,3.097
2007-03-19,3.0995
2007-03-20,3.1
2007-03-21,3.0997
2007-03-22,3.0988
2007-03-23,3.0988
2007-03-26,3.102
2007-03-27,3.1058
2007-03-28,3.106
2007-03-29,3.1013
2007-03-30,3.1007
2007-04-03,3.1007
2007-04-04,3.1008
2007-04-09,3.0968
2007-04-10,3.0945
2007-04-11,3.0918
2007-04-12,3.0855
2007-04-13,3.089
2007-04-16,3.0885
2007-04-17,3.0835
2007-04-18,3.0808
2007-04-19,3.0865
2007-04-20,3.087
2007-04-23,3.0862
2007-04-24,3.0808
2007-04-25,3.0838
2007-04-26,3.0868
2007-04-27,3.0902
2007-04-30,3.0898
2007-05-02,3.0848
2007-05-03,3.0852
2007-05-04,3.0825
2007-05-07,3.0805
2007-05-08,3.0805
2007-05-09,3.0782
2007-05-10,3.0795
2007-05-11,3.0807
2007-05-14,3.0805
2007-05-15,3.0748
2007-05-16,3.0755
2007-05-17,3.0763
2007-05-18,3.078
2007-05-21,3.0765
2007-05-22,3.0727
2007-05-23,3.0825
2007-05-24,3.0848
2007-05-28,3.084
2007-05-29,3.0828
2007-05-30,3.0815
2007-05-31,3.0785
2007-06-01,3.0748
2007-06-04,3.0727
2007-06-05,3.073
2007-06-06,3.0765
2007-06-07,3.0773
2007-06-08,3.078
2007-06-11,3.0747
2007-06-12,3.0762
2007-06-13,3.0752
2007-06-14,3.0738
2007-06-15,3.0722
2007-06-19,3.0748
2007-06-20,3.0777
2007-06-21,3.0808
2007-06-22,3.0825
2007-06-25,3.0832
2007-06-26,3.0882
2007-06-27,3.0932
2007-06-28,3.0897
2007-06-29,3.0908
2007-07-02,3.0918
2007-07-03,3.0917
2007-07-04,3.0915
2007-07-05,3.0995
2007-07-06,3.1048
2007-07-10,3.1058
2007-07-11,3.1022
2007-07-12,3.1002
2007-07-13,3.0998
2007-07-16,3.1003
2007-07-17,3.1028
2007-07-18,3.1023
2007-07-19,3.103
2007-07-20,3.1082
2007-07-23,3.1233
2007-07-24,3.1382
2007-07-25,3.1713
2007-07-26,3.1457
2007-07-27,3.1223
2007-07-30,3.12
2007-07-31,3.1195
2007-08-01,3.1317
2007-08-02,3.1325
2007-08-03,3.1403
2007-08-06,3.1413
2007-08-07,3.1415
2007-08-08,3.1352
2007-08-09,3.1413
2007-08-10,3.148
2007-08-13,3.1427
2007-08-14,3.145
2007-08-15,3.1508
2007-08-16,3.1658
2007-08-17,3.153
2007-08-21,3.1585
2007-08-22,3.1645
2007-08-23,3.1712
2007-08-24,3.173
2007-08-27,3.1695
2007-08-28,3.1677
2007-08-29,3.1628
2007-08-30,3.1598
2007-08-31,3.1558
2007-09-03,3.1585
2007-09-04,3.1625
2007-09-05,3.1652
2007-09-06,3.1627
2007-09-07,3.1628
2007-09-10,3.1615
2007-09-11,3.1518
2007-09-12,3.1405
2007-09-13,3.1327
2007-09-14,3.1325
2007-09-17,3.1352
2007-09-18,3.1355
2007-09-19,3.1318
2007-09-20,3.1345
2007-09-21,3.1428
2007-09-24,3.1473
2007-09-25,3.1458
2007-09-26,3.1462
2007-09-27,3.1498
2007-09-28,3.1495
2007-10-01,3.1497
2007-10-02,3.147
2007-10-03,3.1497
2007-10-04,3.1545
2007-10-05,3.155
2007-10-08,3.1592
2007-10-09,3.161
2007-10-10,3.1613
2007-10-11,3.1575
2007-10-12,3.157
2007-10-16,3.1625
2007-10-17,3.1593
2007-10-18,3.1628
2007-10-19,3.164
2007-10-22,3.1682
2007-10-23,3.1708
2007-10-24,3.1778
2007-10-25,3.1797
2007-10-26,3.1743
2007-10-29,3.1613
2007-10-30,3.1495
2007-10-31,3.1477
2007-11-01,3.1395
2007-11-02,3.131
2007-11-05,3.1307
2007-11-07,3.1313
2007-11-08,3.1242
2007-11-09,3.1315
2007-11-12,3.1303
2007-11-13,3.1347
2007-11-14,3.131
2007-11-15,3.1268
2007-11-16,3.1288
2007-11-19,3.132
2007-11-20,3.129
2007-11-21,3.1373
2007-11-22,3.1407
2007-11-23,3.1438
2007-11-26,3.1438
2007-11-27,3.1462
2007-11-28,3.1482
2007-11-29,3.1492
2007-11-30,3.1442
2007-12-03,3.1407
2007-12-04,3.1372
2007-12-05,3.1318
2007-12-06,3.1335
2007-12-07,3.1343
2007-12-10,3.1398
2007-12-11,3.1393
2007-12-12,3.1388
2007-12-13,3.1408
2007-12-14,3.1445
2007-12-17,3.1447
2007-12-18,3.1385
2007-12-19,3.1353
2007-12-20,3.1345
2007-12-21,3.1373
2007-12-26,3.1442
2007-12-27,3.1475
2007-12-28,3.151
2008-01-02,3.1473
2008-01-03,3.1422
2008-01-04,3.1415
2008-01-07,3.137
2008-01-08,3.1318
2008-01-09,3.1287
2008-01-10,3.1285
2008-01-11,3.1282
2008-01-14,3.1312
2008-01-15,3.1407
2008-01-16,3.1413
2008-01-17,3.148
2008-01-18,3.1525
2008-01-21,3.1575
2008-01-22,3.1568
2008-01-23,3.157
2008-01-24,3.1538
2008-01-25,3.1465
2008-01-28,3.1507
2008-01-29,3.1473
2008-01-30,3.153
2008-01-31,3.1557
2008-02-01,3.1527
2008-02-04,3.1527
2008-02-05,3.1588
2008-02-06,3.1682
2008-02-07,3.167
2008-02-08,3.1695
2008-02-11,3.1677
2008-02-12,3.1637
2008-02-13,3.1608
2008-02-14,3.1542
2008-02-15,3.1537
2008-02-18,3.1535
2008-02-19,3.1538
2008-02-20,3.1548
2008-02-21,3.1505
2008-02-22,3.1528
2008-02-25,3.1572
2008-02-26,3.1595
2008-02-27,3.1573
2008-02-28,3.1575
2008-02-29,3.1587
2008-03-03,3.1608
2008-03-04,3.155
2008-03-05,3.1518
2008-03-06,3.1525
2008-03-07,3.1535
2008-03-10,3.1572
2008-03-11,3.153
2008-03-12,3.1527
2008-03-13,3.1502
2008-03-14,3.1448
2008-03-17,3.1503
2008-03-18,3.147
2008-03-19,3.1497
2008-03-25,3.1615
2008-03-26,3.1688
2008-03-27,3.1672
2008-03-28,3.1638
2008-03-31,3.1653
2008-04-01,3.1668
2008-04-03,3.1625
2008-04-04,3.1625
2008-04-07,3.16
2008-04-08,3.1578
2008-04-09,3.1585
2008-04-10,3.1573
2008-04-11,3.152
2008-04-14,3.1527
2008-04-15,3.1553
2008-04-16,3.1633
2008-04-17,3.1692
2008-04-18,3.1698
2008-04-21,3.1732
2008-04-22,3.1845
2008-04-23,3.1825
2008-04-24,3.1833
2008-04-25,3.1815
2008-04-28,3.1707
2008-04-29,3.1705
2008-04-30,3.1635
2008-05-02,3.1683
2008-05-05,3.1725
2008-05-06,3.1758
2008-05-07,3.1805
2008-05-08,3.1812
2008-05-09,3.1752
2008-05-12,3.1773
2008-05-13,3.174
2008-05-14,3.1615
2008-05-15,3.1608
2008-05-16,3.1577
2008-05-19,3.1443
2008-05-20,3.1438
2008-05-21,3.1342
2008-05-22,3.1327
2008-05-23,3.135
2008-05-26,3.139
2008-05-27,3.1335
2008-05-28,3.1175
2008-05-29,3.1105
2008-05-30,3.0978
2008-06-02,3.0932
2008-06-03,3.0725
2008-06-04,3.06
2008-06-05,3.0612
2008-06-06,3.0565
2008-06-09,3.0588
2008-06-10,3.0635
2008-06-11,3.0612
2008-06-12,3.0527
2008-06-13,3.0523
2008-06-17,3.0343
2008-06-18,3.0305
2008-06-19,3.0272
2008-06-20,3.024
2008-06-23,3.0202
2008-06-24,3.0128
2008-06-25,3.015
2008-06-26,3.0222
2008-06-27,3.0247
2008-06-30,3.0242
2008-07-01,3.0242
2008-07-02,3.0198
2008-07-03,3.0267
2008-07-04,3.0288
2008-07-07,3.0195
2008-07-08,3.0143
2008-07-10,3.0158
2008-07-11,3.0212
2008-07-14,3.0255
2008-07-15,3.0227
2008-07-16,3.0255
2008-07-17,3.022
2008-07-18,3.0238
2008-07-21,3.0238
2008-07-22,3.0252
2008-07-23,3.0222
2008-07-24,3.0153
2008-07-25,3.0173
2008-07-28,3.0185
2008-07-29,3.0232
2008-07-30,3.0258
2008-07-31,3.0305
2008-08-01,3.04
2008-08-04,3.0378
2008-08-05,3.0395
2008-08-06,3.0432
2008-08-07,3.0462
2008-08-08,3.0522
2008-08-11,3.0435
2008-08-12,3.0338
2008-08-13,3.0353
2008-08-14,3.0285
2008-08-15,3.0285
2008-08-19,3.029
2008-08-20,3.027
2008-08-21,3.0253
2008-08-22,3.0228
2008-08-25,3.0238
2008-08-26,3.026
2008-08-27,3.0278
2008-08-28,3.0265
2008-08-29,3.0288
2008-09-01,3.0305
2008-09-02,3.0317
2008-09-03,3.0462
2008-09-04,3.0392
2008-09-05,3.0388
2008-09-08,3.0415
2008-09-09,3.0548
2008-09-10,3.068
2008-09-11,3.0867
2008-09-12,3.0802
2008-09-15,3.0877
2008-09-16,3.0945
2008-09-17,3.0997
2008-09-18,3.113
2008-09-19,3.1058
2008-09-22,3.1135
2008-09-23,3.1027
2008-09-24,3.1022
2008-09-25,3.1095
2008-09-26,3.1158
2008-09-29,3.1198
2008-09-30,3.1302
2008-10-01,3.135
2008-10-02,3.1395
2008-10-03,3.1615
2008-10-06,3.195
2008-10-07,3.2115
2008-10-08,3.2222
2008-10-09,3.2268
2008-10-10,3.2552
2008-10-14,3.2062
2008-10-15,3.2013
2008-10-16,3.2037
2008-10-17,3.207
2008-10-20,3.2178
2008-10-21,3.2235
2008-10-22,3.2163
2008-10-23,3.2425
2008-10-24,3.2645
2008-10-27,3.2878
2008-10-28,3.3088
2008-10-29,3.3797
2008-10-30,3.3627
2008-10-31,3.379
2008-11-03,3.38
2008-11-04,3.3687
2008-11-05,3.3042
2008-11-07,3.3093
2008-11-10,3.3033
2008-11-11,3.2993
2008-11-12,3.302
2008-11-13,3.3083
2008-11-14,3.3107
2008-11-17,3.3177
2008-11-18,3.3175
2008-11-19,3.3268
2008-11-20,3.3282
2008-11-21,3.3328
2008-11-24,3.3368
2008-11-25,3.339
2008-11-26,3.3455
2008-11-27,3.3552
2008-11-28,3.369
2008-12-01,3.3763
2008-12-02,3.392
2008-12-03,3.4042
2008-12-04,3.4277
2008-12-05,3.4488
2008-12-09,3.4417
2008-12-10,3.4202
2008-12-11,3.4132
2008-12-12,3.4165
2008-12-15,3.4307
2008-12-16,3.4183
2008-12-17,3.3998
2008-12-18,3.409
2008-12-19,3.4062
2008-12-22,3.4182
2008-12-23,3.4292
2008-12-24,3.4363
2008-12-26,3.442
2008-12-29,3.4415
2008-12-30,3.4498
2008-12-31,3.4537
2009-01-02,3.4543
2009-01-05,3.4603
2009-01-06,3.4502
2009-01-07,3.4568
2009-01-08,3.4547
2009-01-09,3.4497
2009-01-12,3.45
2009-01-13,3.4505
2009-01-14,3.451
2009-01-15,3.4525
2009-01-16,3.4548
2009-01-19,3.4572
2009-01-20,3.4585
2009-01-21,3.4653
2009-01-22,3.4735
2009-01-23,3.478
2009-01-26,3.4842
2009-01-27,3.4823
2009-01-28,3.4855
2009-01-29,3.4875
2009-01-30,3.4875
2009-02-02,3.4888
2009-02-03,3.496
2009-02-04,3.4957
2009-02-05,3.487
2009-02-06,3.486
2009-02-09,3.4877
2009-02-10,3.488
2009-02-11,3.4868
2009-02-12,3.493
2009-02-13,3.493
2009-02-16,3.4972
2009-02-17,3.5002
2009-02-18,3.5077
2009-02-19,3.5218
2009-02-20,3.5378
2009-02-23,3.5443
2009-02-24,3.5518
2009-02-25,3.553
2009-02-26,3.555
2009-02-27,3.5595
2009-03-02,3.5905
2009-03-03,3.6138
2009-03-04,3.6143
2009-03-05,3.6245
2009-03-06,3.6283
2009-03-09,3.6377
2009-03-10,3.6388
2009-03-11,3.64
2009-03-12,3.647
2009-03-13,3.6495
2009-03-16,3.6497
2009-03-17,3.6467
2009-03-18,3.6527
2009-03-19,3.6555
2009-03-20,3.6547
2009-03-23,3.6717
2009-03-25,3.6858
2009-03-26,3.6917
2009-03-27,3.7103
2009-03-30,3.7167
2009-03-31,3.7135
2009-04-01,3.7185
2009-04-03,3.7017
2009-04-06,3.6848
2009-04-07,3.6738
2009-04-08,3.678
2009-04-13,3.6777
2009-04-14,3.6823
2009-04-15,3.6772
2009-04-16,3.676
2009-04-17,3.6798
2009-04-20,3.6868
2009-04-21,3.6925
2009-04-22,3.6967
2009-04-23,3.698
2009-04-24,3.6967
2009-04-27,3.7012
2009-04-28,3.7118
2009-04-29,3.7208
2009-04-30,3.7198
2009-05-04,3.6928
2009-05-05,3.6945
2009-05-06,3.7022
2009-05-07,3.7152
2009-05-08,3.7198
2009-05-11,3.7187
2009-05-12,3.72
2009-05-13,3.7225
2009-05-14,3.7263
2009-05-15,3.729
2009-05-18,3.7288
2009-05-19,3.7268
2009-05-20,3.73
2009-05-21,3.7348
2009-05-22,3.7378
2009-05-26,3.7398
2009-05-27,3.7392
2009-05-28,3.7403
2009-05-29,3.7465
2009-06-01,3.7468
2009-06-02,3.7432
2009-06-03,3.7427
2009-06-04,3.7432
2009-06-05,3.7473
2009-06-08,3.757
2009-06-09,3.7595
2009-06-10,3.7587
2009-06-11,3.7615
2009-06-12,3.763
2009-06-16,3.7672
2009-06-17,3.7667
2009-06-18,3.7678
2009-06-19,3.7708
2009-06-22,3.7792
2009-06-23,3.7857
2009-06-24,3.7893
2009-06-25,3.7955
2009-06-26,3.8008
2009-06-29,3.7897
2009-06-30,3.7952
2009-07-01,3.7983
2009-07-02,3.7998
2009-07-03,3.8015
2009-07-06,3.8055
2009-07-07,3.804
2009-07-08,3.809
2009-07-13,3.811
2009-07-14,3.807
2009-07-15,3.8062
2009-07-16,3.8077
2009-07-17,3.8075
2009-07-20,3.8078
2009-07-21,3.8083
2009-07-22,3.8078
2009-07-23,3.8088
2009-07-24,3.809
2009-07-27,3.8103
2009-07-28,3.8132
2009-07-29,3.8207
2009-07-30,3.8305
2009-07-31,3.8305
2009-08-03,3.8272
2009-08-04,3.8223
2009-08-05,3.8245
2009-08-06,3.8247
2009-08-07,3.826
2009-08-10,3.8277
2009-08-11,3.8303
2009-08-12,3.8325
2009-08-13,3.8358
2009-08-14,3.8398
2009-08-18,3.8445
2009-08-19,3.8478
2009-08-20,3.8492
2009-08-21,3.8503
2009-08-24,3.8508
2009-08-25,3.8512
2009-08-26,3.8498
2009-08-27,3.8488
2009-08-28,3.8478
2009-08-31,3.8525
2009-09-01,3.847
2009-09-02,3.8455
2009-09-03,3.8462
2009-09-04,3.8468
2009-09-07,3.849
2009-09-08,3.8497
2009-09-09,3.8533
2009-09-10,3.8542
2009-09-11,3.8545
2009-09-14,3.8523
2009-09-15,3.8322
2009-09-16,3.8275
2009-09-17,3.8292
2009-09-18,3.836
2009-09-21,3.8378
2009-09-22,3.8338
2009-09-23,3.8377
2009-09-24,3.8352
2009-09-25,3.8385
2009-09-28,3.8398
2009-09-29,3.8432
2009-09-30,3.8427
2009-10-01,3.8417
2009-10-02,3.8452
2009-10-05,3.8405
2009-10-06,3.8345
2009-10-07,3.8343
2009-10-08,3.8333
2009-10-09,3.8298
2009-10-13,3.824
2009-10-14,3.8222
2009-10-15,3.82
2009-10-16,3.8193
2009-10-19,3.8212
2009-10-20,3.821
2009-10-21,3.8203
2009-10-22,3.822
2009-10-23,3.8202
2009-10-26,3.8198
2009-10-27,3.8208
2009-10-28,3.8205
2009-10-29,3.8208
2009-10-30,3.819
2009-11-02,3.8192
2009-11-03,3.8192
2009-11-04,3.8172
2009-11-05,3.8175
2009-11-09,3.8165
2009-11-10,3.8155
2009-11-11,3.8135
2009-11-12,3.8123
2009-11-13,3.8142
2009-11-16,3.8145
2009-11-17,3.8155
2009-11-18,3.8122
2009-11-19,3.8052
2009-11-20,3.8013
2009-11-23,3.7988
2009-11-24,3.7995
2009-11-25,3.8033
2009-11-26,3.8052
2009-11-27,3.8082
2009-11-30,3.8102
2009-12-01,3.8108
2009-12-02,3.8123
2009-12-03,3.8107
2009-12-04,3.8072
2009-12-07,3.8065
2009-12-09,3.8008
2009-12-10,3.8015
2009-12-11,3.8002
2009-12-14,3.8068
2009-12-15,3.8153
2009-12-16,3.8108
2009-12-17,3.813
2009-12-18,3.8205
2009-12-21,3.8127
2009-12-22,3.8063
2009-12-23,3.7957
2009-12-24,3.7937
2009-12-28,3.792
2009-12-29,3.8157
2009-12-30,3.8182
2009-12-31,3.7967
2010-01-04,3.7975
2010-01-05,3.7978
2010-01-06,3.8105
2010-01-07,3.803
2010-01-08,3.8013
2010-01-11,3.7968
2010-01-12,3.7942
2010-01-13,3.797
2010-01-14,3.7965
2010-01-15,3.7988
2010-01-18,3.7975
2010-01-19,3.8008
2010-01-20,3.8013
2010-01-21,3.8062
2010-01-22,3.811
2010-01-25,3.8058
2010-01-26,3.8098
2010-01-27,3.817
2010-01-28,3.8173
2010-01-29,3.823
2010-02-01,3.8407
2010-02-02,3.831
2010-02-03,3.8332
2010-02-04,3.841
2010-02-05,3.8447
2010-02-08,3.8407
2010-02-09,3.8427
2010-02-10,3.8458
2010-02-11,3.8502
2010-02-12,3.8537
2010-02-15,3.8577
2010-02-16,3.8612
2010-02-17,3.8557
2010-02-18,3.8582
2010-02-19,3.8587
2010-02-22,3.8608
2010-02-23,3.8677
2010-02-24,3.8595
2010-02-25,3.8617
2010-02-26,3.8598
2010-03-01,3.8597
2010-03-02,3.8578
2010-03-03,3.8543
2010-03-04,3.8563
2010-03-05,3.8573
2010-03-08,3.8595
2010-03-09,3.8618
2010-03-10,3.8615
2010-03-11,3.8588
2010-03-12,3.8597
2010-03-15,3.8618
2010-03-16,3.8628
2010-03-17,3.8613
2010-03-18,3.8622
2010-03-19,3.8628
2010-03-22,3.8638
2010-03-23,3.8635
2010-03-25,3.8658
2010-03-26,3.8672
2010-03-29,3.8713
2010-03-30,3.8748
2010-03-31,3.8763
2010-04-05,3.8768
2010-04-06,3.8788
2010-04-07,3.8798
2010-04-08,3.8758
2010-04-09,3.8745
2010-04-12,3.8775
2010-04-13,3.8808
2010-04-14,3.879
2010-04-15,3.8748
2010-04-16,3.8717
2010-04-19,3.8682
2010-04-20,3.8715
2010-04-21,3.8717
2010-04-22,3.8713
2010-04-23,3.8722
2010-04-26,3.8722
2010-04-27,3.8765
2010-04-28,3.8803
2010-04-29,3.8818
2010-04-30,3.8862
2010-05-03,3.886
2010-05-04,3.8898
2010-05-05,3.901
2010-05-06,3.8975
2010-05-07,3.8952
2010-05-10,3.8947
2010-05-11,3.8958
2010-05-12,3.8955
2010-05-13,3.8958
2010-05-14,3.8958
2010-05-17,3.8998
2010-05-18,3.9062
2010-05-19,3.9098
2010-05-20,3.9068
2010-05-21,3.9062
2010-05-26,3.9088
2010-05-27,3.9115
2010-05-28,3.9145
2010-05-31,3.9268
2010-06-01,3.9308
2010-06-02,3.9288
2010-06-03,3.923
2010-06-04,3.923
2010-06-07,3.9252
2010-06-08,3.9215
2010-06-09,3.916
2010-06-10,3.9175
2010-06-11,3.9222
2010-06-14,3.9268
2010-06-15,3.9257
2010-06-16,3.9258
2010-06-17,3.9262
2010-06-18,3.9265
2010-06-22,3.9288
2010-06-23,3.9295
2010-06-24,3.9283
2010-06-25,3.9323
2010-06-28,3.9332
2010-06-29,3.9333
2010-06-30,3.9318
2010-07-01,3.9325
2010-07-02,3.9342
2010-07-05,3.9355
2010-07-06,3.9345
2010-07-07,3.9358
2010-07-08,3.9367
2010-07-12,3.9375
2010-07-13,3.9358
2010-07-14,3.9347
2010-07-15,3.9348
2010-07-16,3.9357
2010-07-19,3.9345
2010-07-20,3.9353
2010-07-21,3.9348
2010-07-22,3.9335
2010-07-23,3.9318
2010-07-26,3.9322
2010-07-27,3.9315
2010-07-28,3.9338
2010-07-29,3.9367
2010-07-30,3.9395
2010-08-02,3.9388
2010-08-03,3.9352
2010-08-04,3.9325
2010-08-05,3.9347
2010-08-06,3.9325
2010-08-09,3.9308
2010-08-10,3.9328
2010-08-11,3.9345
2010-08-12,3.9338
2010-08-13,3.9328
2010-08-17,3.9333
2010-08-18,3.9338
2010-08-19,3.9368
2010-08-20,3.9382
2010-08-23,3.9395
2010-08-24,3.9415
2010-08-25,3.9455
2010-08-26,3.9448
2010-08-27,3.9438
2010-08-30,3.9445
2010-08-31,3.9497
2010-09-01,3.9488
2010-09-02,3.9488
2010-09-03,3.9442
2010-09-06,3.9455
2010-09-07,3.9462
2010-09-08,3.9468
2010-09-09,3.9452
2010-09-10,3.946
2010-09-13,3.9468
2010-09-14,3.9492
2010-09-15,3.9503
2010-09-16,3.9495
2010-09-17,3.9495
2010-09-20,3.9512
2010-09-21,3.9512
2010-09-22,3.9523
2010-09-23,3.9522
2010-09-24,3.9552
2010-09-27,3.9607
2010-09-28,3.9715
2010-09-29,3.9698
2010-09-30,3.9607
2010-10-01,3.9612
2010-10-04,3.9612
2010-10-05,3.959
2010-10-06,3.9587
2010-10-07,3.9595
2010-10-08,3.9573
2010-10-12,3.9558
2010-10-13,3.9532
2010-10-14,3.9513
2010-10-15,3.9503
2010-10-18,3.955
2010-10-19,3.9557
2010-10-20,3.9585
2010-10-21,3.9602
2010-10-22,3.9577
2010-10-25,3.9565
2010-10-26,3.9558
2010-10-28,3.9588
2010-10-29,3.957
2010-11-01,3.958
2010-11-02,3.9585
2010-11-03,3.9567
2010-11-04,3.9572
2010-11-05,3.9578
2010-11-08,3.9595
2010-11-09,3.9612
2010-11-10,3.9623
2010-11-11,3.9633
2010-11-12,3.9632
2010-11-15,3.9662
2010-11-16,3.9695
2010-11-17,3.976
2010-11-18,3.9725
2010-11-19,3.9735
2010-11-23,3.9742
2010-11-24,3.9732
2010-11-25,3.9735
2010-11-26,3.9768
2010-11-29,3.9825
2010-11-30,3.984
2010-12-01,3.9855
2010-12-02,3.9802
2010-12-03,3.9795
2010-12-06,3.9772
2010-12-07,3.9782
2010-12-09,3.9775
2010-12-10,3.9762
2010-12-13,3.974
2010-12-14,3.9732
2010-12-15,3.9738
2010-12-16,3.9755
2010-12-17,3.9755
2010-12-20,3.9748
2010-12-21,3.9745
2010-12-22,3.9738
2010-12-23,3.9753
2010-12-27,3.9845
2010-12-28,3.9857
2010-12-29,3.9818
2010-12-30,3.9758
2011-01-03,3.9738
2011-01-04,3.973
2011-01-05,3.9725
2011-01-06,3.9715
2011-01-07,3.9738
2011-01-10,3.9788
2011-01-11,3.977
2011-01-12,3.9765
2011-01-13,3.975
2011-01-14,3.9777
2011-01-17,3.9787
2011-01-18,3.9803
2011-01-19,3.9828
2011-01-20,3.9823
2011-01-21,3.9832
2011-01-24,3.9845
2011-01-25,3.9872
2011-01-26,3.9888
2011-01-27,3.9913
2011-01-28,3.998
2011-01-31,4.0008
2011-02-01,4.0088
2011-02-02,4.0107
2011-02-03,4.0143
2011-02-04,4.0172
2011-02-07,4.0187
2011-02-08,4.0192
2011-02-09,4.0167
2011-02-10,4.0183
2011-02-11,4.022
2011-02-14,4.0235
2011-02-15,4.0248
2011-02-16,4.0245
2011-02-17,4.024
2011-02-18,4.0248
2011-02-21,4.0273
2011-02-22,4.0282
2011-02-23,4.0288
2011-02-24,4.0282
2011-02-25,4.0287
2011-02-28,4.0305
2011-03-01,4.0308
2011-03-02,4.0315
2011-03-03,4.0298
2011-03-04,4.0298
2011-03-09,4.0325
2011-03-10,4.032
2011-03-11,4.0307
2011-03-14,4.0288
2011-03-15,4.0325
2011-03-16,4.0365
2011-03-17,4.0398
2011-03-18,4.0393
2011-03-21,4.0408
2011-03-22,4.0408
2011-03-23,4.0415
2011-03-28,4.0438
2011-03-29,4.0453
2011-03-30,4.0492
2011-03-31,4.052
2011-04-01,4.0542
2011-04-04,4.0522
2011-04-05,4.0525
2011-04-06,4.0535
2011-04-07,4.0535
2011-04-08,4.0502
2011-04-11,4.0495
2011-04-12,4.0498
2011-04-13,4.0553
2011-04-14,4.0652
2011-04-15,4.0688
2011-04-18,4.0733
2011-04-19,4.0752
2011-04-20,4.0782
2011-04-25,4.0828
2011-04-26,4.0822
2011-04-27,4.0835
2011-04-28,4.0837
2011-04-29,4.0805
2011-05-02,4.0805
2011-05-03,4.0788
2011-05-04,4.0795
2011-05-05,4.0812
2011-05-06,4.0805
2011-05-09,4.0822
2011-05-10,4.0818
2011-05-11,4.0822
2011-05-12,4.0833
2011-05-13,4.0828
2011-05-16,4.0845
2011-05-17,4.0852
2011-05-18,4.0858
2011-05-19,4.0855
2011-05-20,4.0865
2011-05-23,4.0862
2011-05-24,4.0865
2011-05-26,4.0865
2011-05-27,4.0857
2011-05-30,4.0877
2011-05-31,4.0887
2011-06-01,4.089
2011-06-02,4.0898
2011-06-03,4.0905
2011-06-06,4.0908
2011-06-07,4.0925
2011-06-08,4.0925
2011-06-09,4.0925
2011-06-10,4.0928
2011-06-13,4.0935
2011-06-14,4.0925
2011-06-15,4.0932
2011-06-16,4.0945
2011-06-17,4.0945
2011-06-21,4.097
2011-06-22,4.0982
2011-06-23,4.0992
2011-06-24,4.0998
2011-06-27,4.102
2011-06-28,4.1032
2011-06-29,4.107
2011-06-30,4.111
2011-07-01,4.1105
2011-07-04,4.114
2011-07-05,4.1162
2011-07-06,4.1175
2011-07-07,4.1198
2011-07-08,4.123
2011-07-11,4.1227
2011-07-12,4.1225
2011-07-13,4.1218
2011-07-14,4.1225
2011-07-15,4.123
2011-07-18,4.1263
2011-07-19,4.1297
2011-07-20,4.1363
2011-07-21,4.1378
2011-07-22,4.1395
2011-07-25,4.139
2011-07-26,4.1372
2011-07-27,4.138
2011-07-28,4.1398
2011-07-29,4.143
2011-08-01,4.146
2011-08-02,4.1478
2011-08-03,4.1502
2011-08-04,4.153
2011-08-05,4.1545
2011-08-08,4.1568
2011-08-09,4.1562
2011-08-10,4.1572
2011-08-11,4.1585
2011-08-12,4.1592
2011-08-15,4.1595
2011-08-16,4.1623
2011-08-17,4.1655
2011-08-18,4.1713
2011-08-19,4.1772
2011-08-23,4.1828
2011-08-24,4.1863
2011-08-25,4.1868
2011-08-26,4.1855
2011-08-29,4.1875
2011-08-30,4.1917
2011-08-31,4.1995
2011-09-01,4.2063
2011-09-02,4.2173
2011-09-05,4.2092
2011-09-06,4.2077
2011-09-07,4.2065
2011-09-08,4.2052
2011-09-09,4.204
2011-09-12,4.2042
2011-09-13,4.2037
2011-09-14,4.2035
2011-09-15,4.2043
2011-09-16,4.2045
2011-09-19,4.2047
2011-09-20,4.1972
2011-09-21,4.191
2011-09-22,4.1978
2011-09-23,4.203
2011-09-26,4.2045
2011-09-27,4.2045
2011-09-28,4.2045
2011-09-29,4.2045
2011-09-30,4.2045
2011-10-03,4.2045
2011-10-04,4.2045
2011-10-05,4.2057
2011-10-06,4.2085
2011-10-07,4.2095
2011-10-11,4.2108
2011-10-12,4.2105
2011-10-13,4.2133
2011-10-14,4.2148
2011-10-17,4.222
2011-10-18,4.2245
2011-10-19,4.2318
2011-10-20,4.2345
2011-10-21,4.2345
2011-10-24,4.2355
2011-10-25,4.2355
2011-10-26,4.2358
2011-10-27,4.2353
2011-10-28,4.2355
2011-10-31,4.2355
2011-11-01,4.2377
2011-11-02,4.2478
2011-11-03,4.2503
2011-11-04,4.251
2011-11-07,4.2575
2011-11-08,4.26
2011-11-09,4.2605
2011-11-10,4.2613
2011-11-11,4.2648
2011-11-14,4.2715
2011-11-15,4.2727
2011-11-16,4.2595
2011-11-17,4.2572
2011-11-18,4.2567
2011-11-21,4.2575
2011-11-22,4.2593
2011-11-23,4.2608
2011-11-24,4.2628
2011-11-25,4.2633
2011-11-29,4.2695
2011-11-30,4.2807
2011-12-01,4.2832
2011-12-02,4.2842
2011-12-05,4.286
2011-12-06,4.2812
2011-12-07,4.278
2011-12-12,4.2792
2011-12-13,4.2795
2011-12-14,4.2802
2011-12-15,4.2823
2011-12-16,4.2875
2011-12-19,4.2921
2011-12-20,4.2925
2011-12-21,4.2928
2011-12-22,4.2922
2011-12-23,4.2927
2011-12-27,4.2955
2011-12-28,4.3012
2011-12-29,4.3035
2011-12-30,4.3032
2012-01-03,4.3052
2012-01-04,4.3048
2012-01-05,4.3067
2012-01-06,4.3152
2012-01-09,4.3182
2012-01-10,4.3133
2012-01-11,4.3133
2012-01-12,4.312
2012-01-13,4.3118
2012-01-16,4.3148
2012-01-17,4.317
2012-01-18,4.3188
2012-01-19,4.3207
2012-01-20,4.3222
2012-01-23,4.3257
2012-01-24,4.3312
2012-01-25,4.3365
2012-01-26,4.3383
2012-01-27,4.3367
2012-01-30,4.3345
2012-01-31,4.3362
2012-02-01,4.3357
2012-02-02,4.3347
2012-02-03,4.3337
2012-02-06,4.3342
2012-02-07,4.3368
2012-02-08,4.3398
2012-02-09,4.3448
2012-02-10,4.3463
2012-02-13,4.3463
2012-02-14,4.3473
2012-02-15,4.3492
2012-02-16,4.3522
2012-02-17,4.355
2012-02-22,4.3552
2012-02-23,4.355
2012-02-24,4.3548
2012-02-28,4.3558
2012-02-29,4.3565
2012-03-01,4.3548
2012-03-02,4.3433
2012-03-05,4.3345
2012-03-06,4.3353
2012-03-07,4.3362
2012-03-08,4.3368
2012-03-09,4.341
2012-03-12,4.3458
2012-03-13,4.3497
2012-03-14,4.356
2012-03-15,4.3557
2012-03-16,4.354
2012-03-19,4.3633
2012-03-20,4.364
2012-03-21,4.3668
2012-03-22,4.3655
2012-03-23,4.3667
2012-03-26,4.3697
2012-03-27,4.3725
2012-03-28,4.3735
2012-03-29,4.3753
2012-03-30,4.3785
2012-04-03,4.3798
2012-04-04,4.3843
2012-04-09,4.3868
2012-04-10,4.3835
2012-04-11,4.385
2012-04-12,4.3907
2012-04-13,4.3948
2012-04-16,4.3953
2012-04-17,4.3948
2012-04-18,4.3992
2012-04-19,4.4037
2012-04-20,4.4052
2012-04-23,4.407
2012-04-24,4.4098
2012-04-25,4.413
2012-04-26,4.4145
2012-04-27,4.4148
2012-05-02,4.4205
2012-05-03,4.4273
2012-05-04,4.4275
2012-05-07,4.4317
2012-05-08,4.4367
2012-05-09,4.4405
2012-05-10,4.4397
2012-05-11,4.438
2012-05-14,4.442
2012-05-15,4.4428
2012-05-16,4.4437
2012-05-17,4.4505
2012-05-18,4.4543
2012-05-21,4.4622
2012-05-22,4.4675
2012-05-23,4.4692
2012-05-24,4.4697
2012-05-28,4.477
2012-05-29,4.4735
2012-05-30,4.4723
2012-05-31,4.4713
2012-06-01,4.4708
2012-06-04,4.4733
2012-06-05,4.4787
2012-06-06,4.4903
2012-06-07,4.4863
2012-06-08,4.4853
2012-06-11,4.489
2012-06-12,4.4892
2012-06-13,4.4905
2012-06-14,4.495
2012-06-15,4.4965
2012-06-18,4.4995
2012-06-19,4.5028
2012-06-21,4.5052
2012-06-22,4.5103
2012-06-25,4.5133
2012-06-26,4.5168
2012-06-27,4.5157
2012-06-28,4.5213
2012-06-29,4.5253
2012-07-02,4.53
2012-07-03,4.5258
2012-07-04,4.5255
2012-07-05,4.5275
2012-07-06,4.5322
2012-07-10,4.5385
2012-07-11,4.5403
2012-07-12,4.543
2012-07-13,4.5478
2012-07-16,4.5483
2012-07-17,4.5512
2012-07-18,4.5533
2012-07-19,4.5583
2012-07-20,4.562
2012-07-23,4.5688
2012-07-24,4.5707
2012-07-25,4.5712
2012-07-26,4.5717
2012-07-27,4.5783
2012-07-30,4.5813
2012-07-31,4.5833
2012-08-01,4.5862
2012-08-02,4.587
2012-08-03,4.5877
2012-08-06,4.5907
2012-08-07,4.594
2012-08-08,4.5973
2012-08-09,4.5992
2012-08-10,4.6012
2012-08-13,4.6047
2012-08-14,4.6062
2012-08-15,4.6075
2012-08-16,4.6092
2012-08-17,4.6138
2012-08-21,4.6187
2012-08-22,4.6178
2012-08-23,4.6173
2012-08-24,4.6202
2012-08-27,4.6287
2012-08-28,4.6322
2012-08-29,4.6312
2012-08-30,4.6307
2012-08-31,4.6347
2012-09-03,4.6423
2012-09-04,4.6448
2012-09-05,4.6505
2012-09-06,4.6535
2012-09-07,4.6585
2012-09-10,4.662
2012-09-11,4.6623
2012-09-12,4.6622
2012-09-13,4.6627
2012-09-14,4.6685
2012-09-17,4.6737
2012-09-18,4.675
2012-09-19,4.6802
2012-09-20,4.6822
2012-09-21,4.6842
2012-09-25,4.6897
2012-09-26,4.69
2012-09-27,4.6915
2012-09-28,4.6942
2012-10-01,4.6992
2012-10-02,4.6998
2012-10-03,4.7012
2012-10-04,4.7038
2012-10-05,4.7077
2012-10-09,4.7128
2012-10-10,4.7135
2012-10-11,4.7195
2012-10-12,4.7227
2012-10-15,4.7255
2012-10-16,4.7293
2012-10-17,4.7325
2012-10-18,4.7332
2012-10-19,4.7368
2012-10-22,4.7432
2012-10-23,4.744
2012-10-24,4.7467
2012-10-25,4.7508
2012-10-26,4.7532
2012-10-29,4.7558
2012-10-30,4.76
2012-10-31,4.7655
2012-11-01,4.77
2012-11-02,4.7708
2012-11-05,4.7722
2012-11-07,4.7715
2012-11-08,4.7725
2012-11-09,4.777
2012-11-12,4.7822
2012-11-13,4.7832
2012-11-14,4.7855
2012-11-15,4.7908
2012-11-16,4.798
2012-11-19,4.8028
2012-11-20,4.8058
2012-11-21,4.809
2012-11-22,4.8235
2012-11-23,4.821
2012-11-27,4.8227
2012-11-28,4.8253
2012-11-29,4.8302
2012-11-30,4.8338
2012-12-03,4.8398
2012-12-04,4.8445
2012-12-05,4.8505
2012-12-06,4.8542
2012-12-07,4.8617
2012-12-10,4.8632
2012-12-11,4.8655
2012-12-12,4.8718
2012-12-13,4.8735
2012-12-14,4.877
2012-12-17,4.8832
2012-12-18,4.886
2012-12-19,4.8948
2012-12-20,4.8987
2012-12-21,4.9032
2012-12-26,4.91
2012-12-27,4.9125
2012-12-28,4.913
2012-12-31,4.9173
2013-01-02,4.9228
2013-01-03,4.9263
2013-01-04,4.9262
2013-01-07,4.9288
2013-01-08,4.9312
2013-01-09,4.9353
2013-01-10,4.9385
2013-01-11,4.9408
2013-01-14,4.948
2013-01-15,4.9507
2013-01-16,4.9493
2013-01-17,4.9495
2013-01-18,4.95
2013-01-21,4.9563
2013-01-22,4.9588
2013-01-23,4.9608
2013-01-24,4.9625
2013-01-25,4.964
2013-01-28,4.9702
2013-01-29,4.974
2013-01-30,4.9768
2013-02-01,4.9828
2013-02-04,4.9825
2013-02-05,4.9833
2013-02-06,4.9855
2013-02-07,4.9913
2013-02-08,4.9963
2013-02-13,5.002
2013-02-14,5.0047
2013-02-15,5.0088
2013-02-18,5.0187
2013-02-19,5.0215
2013-02-21,5.0275
2013-02-22,5.03
2013-02-25,5.0337
2013-02-26,5.0358
2013-02-27,5.0392
2013-02-28,5.0448
2013-03-01,5.0475
2013-03-04,5.0523
2013-03-05,5.0555
2013-03-06,5.0592
2013-03-07,5.0628
2013-03-08,5.0648
2013-03-11,5.0692
2013-03-12,5.0765
2013-03-13,5.0788
2013-03-14,5.0843
2013-03-15,5.0902
2013-03-18,5.0967
2013-03-19,5.0967
2013-03-20,5.0958
2013-03-21,5.0997
2013-03-22,5.1077
2013-03-25,5.116
2013-03-26,5.1193
2013-03-27,5.1223
2013-04-03,5.1303
2013-04-04,5.1328
2013-04-05,5.137
2013-04-08,5.1345
2013-04-09,5.1373
2013-04-10,5.14
2013-04-11,5.1432
2013-04-12,5.1468
2013-04-15,5.1522
2013-04-16,5.1552
2013-04-17,5.1558
2013-04-18,5.158
2013-04-19,5.1613
2013-04-22,5.1667
2013-04-23,5.1693
2013-04-24,5.1747
2013-04-25,5.1753
2013-04-26,5.1752
2013-04-29,5.1805
2013-04-30,5.184
2013-05-02,5.1898
2013-05-03,5.1968
2013-05-06,5.2065
2013-05-07,5.2095
2013-05-08,5.213
2013-05-09,5.2197
2013-05-10,5.2268
2013-05-13,5.2313
2013-05-14,5.236
2013-05-15,5.2355
2013-05-16,5.234
2013-05-17,5.2343
2013-05-20,5.2423
2013-05-21,5.2472
2013-05-22,5.2512
2013-05-23,5.2602
2013-05-24,5.2662
2013-05-27,5.2685
2013-05-28,5.2702
2013-05-29,5.2743
2013-05-30,5.2798
2013-05-31,5.2837
2013-06-03,5.2875
2013-06-04,5.2895
2013-06-05,5.2917
2013-06-06,5.2955
2013-06-07,5.2995
2013-06-10,5.3052
2013-06-11,5.3093
2013-06-12,5.3167
2013-06-13,5.325
2013-06-14,5.3302
2013-06-17,5.3368
2013-06-18,5.3395
2013-06-19,5.3467
2013-06-24,5.3592
2013-06-25,5.3635
2013-06-26,5.3688
2013-06-27,5.3758
2013-06-28,5.3852
2013-07-01,5.39
2013-07-02,5.3932
2013-07-03,5.399
2013-07-04,5.405
2013-07-05,5.4048
2013-07-08,5.4073
2013-07-10,5.4125
2013-07-11,5.4183
2013-07-12,5.4242
2013-07-15,5.4303
2013-07-16,5.4345
2013-07-17,5.4383
2013-07-18,5.4465
2013-07-19,5.4593
2013-07-22,5.4623
2013-07-23,5.4617
2013-07-24,5.4638
2013-07-25,5.471
2013-07-26,5.4807
2013-07-29,5.4908
2013-07-30,5.4993
2013-07-31,5.5065
2013-08-01,5.5082
2013-08-02,5.5173
2013-08-05,5.5202
2013-08-06,5.5275
2013-08-07,5.5285
2013-08-08,5.5377
2013-08-09,5.5428
2013-08-12,5.5493
2013-08-13,5.5603
2013-08-14,5.5682
2013-08-15,5.5748
2013-08-16,5.5892
2013-08-20,5.5962
2013-08-21,5.6008
2013-08-22,5.6115
2013-08-23,5.6217
2013-08-26,5.6302
2013-08-27,5.6428
2013-08-28,5.6492
2013-08-29,5.661
2013-08-30,5.6713
2013-09-02,5.6845
2013-09-03,5.691
2013-09-04,5.7
2013-09-05,5.7097
2013-09-06,5.7027
2013-09-09,5.7038
2013-09-10,5.7102
2013-09-11,5.7207
2013-09-12,5.7195
2013-09-13,5.7238
2013-09-16,5.7313
2013-09-17,5.7408
2013-09-18,5.7498
2013-09-19,5.7578
2013-09-20,5.7597
2013-09-23,5.7703
2013-09-24,5.7713
2013-09-25,5.771
2013-09-26,5.7797
2013-09-27,5.7905
2013-09-30,5.7915
2013-10-01,5.7995
2013-10-02,5.8028
2013-10-03,5.8118
2013-10-04,5.8128
2013-10-07,5.8188
2013-10-08,5.822
2013-10-09,5.8228
2013-10-10,5.8278
2013-10-11,5.8325
2013-10-15,5.8388
2013-10-16,5.841
2013-10-17,5.8488
2013-10-18,5.8528
2013-10-21,5.861
2013-10-22,5.8617
2013-10-23,5.8628
2013-10-24,5.8682
2013-10-25,5.878
2013-10-28,5.8897
2013-10-29,5.8927
2013-10-30,5.9032
2013-10-31,5.9108
2013-11-01,5.9215
2013-11-04,5.9403
2013-11-05,5.953
2013-11-07,5.9432
2013-11-08,5.9595
2013-11-11,5.9713
2013-11-12,5.9742
2013-11-13,5.9765
2013-11-14,5.9858
2013-11-15,5.9932
2013-11-18,6.002
2013-11-19,6.0248
2013-11-20,6.0442
2013-11-21,6.0577
2013-11-22,6.0765
2013-11-26,6.0933
2013-11-27,6.1065
2013-11-28,6.1243
2013-11-29,6.136
2013-12-02,6.1547
2013-12-03,6.1713
2013-12-04,6.1973
2013-12-05,6.2203
2013-12-06,6.2407
2013-12-09,6.2458
2013-12-10,6.2623
2013-12-11,6.2738
2013-12-12,6.2808
2013-12-13,6.2908
2013-12-16,6.305
2013-12-17,6.3282
2013-12-18,6.356
2013-12-19,6.3977
2013-12-20,6.4205
2013-12-23,6.4408
2013-12-26,6.4712
2013-12-27,6.4892
2013-12-30,6.518
2014-01-02,6.543
2014-01-03,6.558
2014-01-06,6.5857
2014-01-07,6.5988
2014-01-08,6.6042
2014-01-09,6.6283
2014-01-10,6.6498
2014-01-13,6.6905
2014-01-14,6.708
2014-01-15,6.7408
2014-01-16,6.7733
2014-01-17,6.8055
2014-01-20,6.8295
2014-01-21,6.8763
2014-01-22,6.912
2014-01-23,7.5272
2014-01-24,8.0183
2014-01-27,8.0058
2014-01-28,8.0173
2014-01-29,8.015
2014-01-30,8.0225
2014-01-31,8.0182
2014-02-03,8.0178
2014-02-04,8.0118
2014-02-05,7.9667
2014-02-06,7.905
2014-02-07,7.8648
2014-02-10,7.8383
2014-02-11,7.8173
2014-02-12,7.8165
2014-02-13,7.803
2014-02-14,7.7803
2014-02-17,7.7645
2014-02-18,7.7635
2014-02-19,7.7745
2014-02-20,7.8023
2014-02-21,7.8408
2014-02-24,7.861
2014-02-25,7.864
2014-02-26,7.873
2014-02-27,7.8873
2014-02-28,7.8782
2014-03-05,7.8822
2014-03-06,7.8782
2014-03-07,7.8657
2014-03-10,7.8665
2014-03-11,7.8675
2014-03-12,7.8747
2014-03-13,7.8832
2014-03-14,7.8953
2014-03-17,7.909
2014-03-18,7.9348
2014-03-19,7.9545
2014-03-20,7.9592
2014-03-21,7.9707
2014-03-25,7.9955
2014-03-26,8.0053
2014-03-27,8.0065
2014-03-28,8.0048
2014-03-31,8.0098
2014-04-01,8.0012
2014-04-03,8.0028
2014-04-04,8.0008
2014-04-07,8.0018
2014-04-08,8.0013
2014-04-09,8.0008
2014-04-10,8.0012
2014-04-11,8.0013
2014-04-14,8.0018
2014-04-15,8.002
2014-04-16,8.0007
2014-04-21,8.002
2014-04-22,8.0015
2014-04-23,8.0008
2014-04-24,8.0008
2014-04-25,8.0005
2014-04-28,8.0005
2014-04-29,8.0005
2014-04-30,8.0015
2014-05-05,8.0012
2014-05-06,8.0005
2014-05-07,8.0005
2014-05-08,8.0008
2014-05-09,8.0035
2014-05-12,8.0063
2014-05-13,8.0197
2014-05-14,8.0287
2014-05-15,8.0535
2014-05-16,8.0605
2014-05-19,8.0632
2014-05-20,8.0602
2014-05-21,8.0613
2014-05-22,8.0632
2014-05-23,8.0653
2014-05-26,8.0692
2014-05-27,8.0677
2014-05-28,8.0745
2014-05-29,8.0758
2014-05-30,8.0777
2014-06-02,8.0825
2014-06-03,8.0893
2014-06-04,8.1032
2014-06-05,8.115
2014-06-06,8.1412
2014-06-09,8.1308
2014-06-10,8.1322
2014-06-11,8.132
2014-06-12,8.1322
2014-06-13,8.1325
2014-06-16,8.1362
2014-06-17,8.1313
2014-06-18,8.1297
2014-06-19,8.1317
2014-06-23,8.1323
2014-06-24,8.1312
2014-06-25,8.1305
2014-06-26,8.1318
2014-06-27,8.132
2014-06-30,8.1327
2014-07-01,8.1345
2014-07-02,8.138
2014-07-03,8.1393
2014-07-04,8.1437
2014-07-07,8.1415
2014-07-08,8.1418
2014-07-10,8.1463
2014-07-11,8.1502
2014-07-14,8.1538
2014-07-15,8.153
2014-07-16,8.1525
2014-07-17,8.1555
2014-07-18,8.1577
2014-07-21,8.1628
2014-07-22,8.164
2014-07-23,8.1685
2014-07-24,8.173
2014-07-25,8.1768
2014-07-28,8.1835
2014-07-29,8.1883
2014-07-30,8.198
2014-07-31,8.2102
2014-08-01,8.2243
2014-08-04,8.2492
2014-08-05,8.2663
2014-08-06,8.2705
2014-08-07,8.2727
2014-08-08,8.2713
2014-08-11,8.2738
2014-08-12,8.2718
2014-08-13,8.2732
2014-08-14,8.2762
2014-08-15,8.2803
2014-08-19,8.2845
2014-08-20,8.2952
2014-08-21,8.353
2014-08-22,8.4245
2014-08-25,8.4125
2014-08-26,8.411
2014-08-27,8.4077
2014-08-28,8.4052
2014-08-29,8.404
2014-09-01,8.4087
2014-09-02,8.4103
2014-09-03,8.4135
2014-09-04,8.4018
2014-09-05,8.412
2014-09-08,8.42
2014-09-09,8.4087
2014-09-10,8.4045
2014-09-11,8.4023
2014-09-12,8.4022
2014-09-15,8.4035
2014-09-16,8.4032
2014-09-17,8.4082
2014-09-18,8.4237
2014-09-19,8.4235
2014-09-22,8.4288
2014-09-23,8.432
2014-09-24,8.4272
2014-09-25,8.4255
2014-09-26,8.4402
2014-09-29,8.46
2014-09-30,8.4643
2014-10-01,8.4475
2014-10-02,8.4478
2014-10-03,8.459
2014-10-06,8.4645
2014-10-07,8.467
2014-10-08,8.4643
2014-10-09,8.474
2014-10-10,8.4782
2014-10-14,8.4752
2014-10-15,8.478
2014-10-16,8.4785
2014-10-17,8.4765
2014-10-20,8.4837
2014-10-21,8.4953
2014-10-22,8.4915
2014-10-23,8.4895
2014-10-24,8.4917
2014-10-27,8.496
2014-10-28,8.501
2014-10-29,8.5027
2014-10-30,8.5027
2014-10-31,8.5023
2014-11-03,8.507
2014-11-04,8.5065
2014-11-05,8.5087
2014-11-07,8.509
2014-11-10,8.5127
2014-11-11,8.5122
2014-11-12,8.5115
2014-11-13,8.5102
2014-11-14,8.5115
2014-11-17,8.5115
2014-11-18,8.513
2014-11-19,8.5137
2014-11-20,8.5147
2014-11-21,8.5158
2014-11-25,8.5197
2014-11-26,8.5232
2014-11-27,8.526
2014-11-28,8.5255
2014-12-01,8.5263
2014-12-02,8.5362
2014-12-03,8.5415
2014-12-04,8.5445
2014-12-05,8.5522
2014-12-09,8.5555
2014-12-10,8.5538
2014-12-11,8.5535
2014-12-12,8.5527
2014-12-15,8.5533
2014-12-16,8.5517
2014-12-17,8.5517
2014-12-18,8.5518
2014-12-19,8.5518
2014-12-22,8.5523
2014-12-23,8.5518
2014-12-24,8.554
2014-12-29,8.554
2014-12-30,8.552
2015-01-02,8.5537
2015-01-05,8.5573
2015-01-06,8.5668
2015-01-07,8.5788
2015-01-08,8.59
2015-01-09,8.5927
2015-01-12,8.5933
2015-01-13,8.5937
2015-01-14,8.5955
2015-01-15,8.5972
2015-01-16,8.599
2015-01-19,8.604
2015-01-20,8.6082
2015-01-21,8.612
2015-01-22,8.6205
2015-01-23,8.626
2015-01-26,8.6287
2015-01-27,8.6288
2015-01-28,8.6313
2015-01-29,8.633
2015-01-30,8.6395
2015-02-02,8.6488
2015-02-03,8.6603
2015-02-04,8.6623
2015-02-05,8.6625
2015-02-06,8.6615
2015-02-09,8.6647
2015-02-10,8.6702
2015-02-11,8.6753
2015-02-12,8.6788
2015-02-13,8.6825
2015-02-18,8.6898
2015-02-19,8.6933
2015-02-20,8.7008
2015-02-23,8.7072
2015-02-24,8.7153
2015-02-25,8.7218
2015-02-26,8.726
2015-02-27,8.7243
2015-03-02,8.731
2015-03-03,8.736
2015-03-04,8.743
2015-03-05,8.7473
2015-03-06,8.7557
2015-03-09,8.7612
2015-03-10,8.7682
2015-03-11,8.7748
2015-03-12,8.7787
2015-03-13,8.783
2015-03-16,8.7833
2015-03-17,8.7855
2015-03-18,8.7913
2015-03-19,8.7933
2015-03-20,8.7963
2015-03-25,8.8023
2015-03-26,8.804
2015-03-27,8.809
2015-03-30,8.8158
2015-03-31,8.8197
2015-04-01,8.826
2015-04-06,8.8295
2015-04-07,8.8343
2015-04-08,8.8388
2015-04-09,8.8435
2015-04-10,8.8482
2015-04-13,8.8543
2015-04-14,8.8578
2015-04-15,8.8638
2015-04-16,8.8673
2015-04-17,8.8668
2015-04-20,8.8692
2015-04-21,8.8728
2015-04-22,8.8772
2015-04-23,8.8823
2015-04-24,8.8878
2015-04-27,8.8935
2015-04-28,8.8975
2015-04-29,8.8995
2015-04-30,8.9047
2015-05-04,8.9103
2015-05-05,8.9142
2015-05-06,8.919
2015-05-07,8.9232
2015-05-08,8.927
2015-05-11,8.9318
2015-05-12,8.9357
2015-05-13,8.9388
2015-05-14,8.944
2015-05-15,8.9475
2015-05-18,8.951
2015-05-19,8.9568
2015-05-20,8.9607
2015-05-21,8.9657
2015-05-22,8.9698
2015-05-26,8.9745
2015-05-27,8.981
2015-05-28,8.9848
2015-05-29,8.9893
2015-06-01,8.9965
2015-06-02,9.0008
2015-06-03,9.005
2015-06-04,9.0095
2015-06-05,9.0143
2015-06-08,9.018
2015-06-09,9.0223
2015-06-10,9.0282
2015-06-11,9.0325
2015-06-12,9.036
2015-06-15,9.0403
2015-06-16,9.045
2015-06-17,9.0477
2015-06-18,9.0522
2015-06-19,9.0565
2015-06-22,9.0605
2015-06-23,9.0645
2015-06-24,9.069
2015-06-25,9.0723
2015-06-26,9.0767
2015-06-29,9.0818
2015-06-30,9.0865
2015-07-01,9.092
2015-07-02,9.0973
2015-07-03,9.1022
2015-07-06,9.1072
2015-07-07,9.1127
2015-07-08,9.117
2015-07-10,9.122
2015-07-13,9.1273
2015-07-14,9.132
2015-07-15,9.1362
2015-07-16,9.1415
2015-07-17,9.1462
2015-07-20,9.1503
2015-07-21,9.1548
2015-07-22,9.16
2015-07-23,9.1643
2015-07-24,9.1683
2015-07-27,9.1727
2015-07-28,9.1778
2015-07-29,9.1815
2015-07-30,9.1843
2015-07-31,9.1873
2015-08-03,9.1937
2015-08-04,9.1987
2015-08-05,9.2035
2015-08-06,9.2088
2015-08-07,9.2135
2015-08-10,9.2183
2015-08-11,9.2243
2015-08-12,9.2312
2015-08-13,9.2362
2015-08-14,9.2408
2015-08-18,9.2455
2015-08-19,9.2505
2015-08-20,9.255
2015-08-21,9.2598
2015-08-24,9.2662
2015-08-25,9.272
2015-08-26,9.278
2015-08-27,9.284
2015-08-28,9.2898
2015-08-31,9.2955
2015-09-01,9.302
2015-09-02,9.3088
2015-09-03,9.315
2015-09-04,9.3237
2015-09-07,9.3338
2015-09-08,9.3347
2015-09-09,9.343
2015-09-10,9.349
2015-09-11,9.3533
2015-09-14,9.3572
2015-09-15,9.3638
2015-09-16,9.3693
2015-09-17,9.375
2015-09-18,9.3803
2015-09-21,9.3858
2015-09-22,9.3917
2015-09-23,9.3978
2015-09-24,9.4023
2015-09-25,9.4053
2015-09-28,9.4095
2015-09-29,9.4147
2015-09-30,9.4192
2015-10-01,9.4273
2015-10-02,9.4355
2015-10-05,9.4408
2015-10-06,9.4492
2015-10-07,9.4537
2015-10-08,9.4608
2015-10-09,9.4655
2015-10-13,9.4712
2015-10-14,9.4802
2015-10-15,9.483
2015-10-16,9.4888
2015-10-19,9.4962
2015-10-20,9.502
2015-10-21,9.5087
2015-10-22,9.5132
2015-10-23,9.5198
2015-10-26,9.5268
2015-10-27,9.5322
2015-10-28,9.538
2015-10-29,9.542
2015-10-30,9.546
2015-11-02,9.554
2015-11-03,9.562
2015-11-04,9.5697
2015-11-05,9.5785
2015-11-09,9.586
2015-11-10,9.594
2015-11-11,9.6023
2015-11-12,9.6138
2015-11-13,9.6223
2015-11-16,9.6298
2015-11-17,9.64
2015-11-18,9.6478
2015-11-19,9.656
2015-11-20,9.6662
2015-11-23,9.671
2015-11-24,9.6732
2015-11-25,9.678
2015-11-26,9.6847
2015-11-30,9.688
2015-12-01,9.6975
2015-12-02,9.707
2015-12-03,9.7178
2015-12-04,9.7273
2015-12-09,9.7367
2015-12-10,9.7488
2015-12-11,9.7728
2015-12-14,9.7875
2015-12-15,9.806
2015-12-16,9.8268
2015-12-17,13.7633
2015-12-18,13.4217
2015-12-21,12.8083
2015-12-22,12.9375
2015-12-23,13.0442
2015-12-24,13.05
2015-12-28,13.0558
2015-12-29,12.9658
2015-12-30,12.9757
2015-12-31,13.005
2016-01-04,13.0692
2016-01-05,13.455
2016-01-06,13.835
2016-01-07,13.9413
2016-01-08,13.865
2016-01-11,13.8725
2016-01-12,13.5833
2016-01-13,13.56
2016-01-14,13.46
2016-01-15,13.4367
2016-01-18,13.5117
2016-01-19,13.4867
2016-01-20,13.4467
2016-01-21,13.5533
2016-01-22,13.715
2016-01-25,13.7832
2016-01-26,13.8378
2016-01-27,13.8912
2016-01-28,13.8892
2016-01-29,13.904
2016-02-01,14.0883
2016-02-02,14.1367
2016-02-03,14.1433
2016-02-04,14.1862
2016-02-05,14.3142
2016-02-10,14.4717
2016-02-11,14.5592
2016-02-12,14.7298
2016-02-15,14.7733
2016-02-16,14.8498
2016-02-17,14.9142
2016-02-18,15.0333
2016-02-19,15.0283
2016-02-22,15.09
2016-02-23,15.42
2016-02-24,15.3483
2016-02-25,15.3708
2016-02-26,15.435
2016-02-29,15.5842
2016-03-01,15.9192
2016-03-02,15.6852
2016-03-03,15.445
2016-03-04,15.195
2016-03-07,15.3442
2016-03-08,15.4392
2016-03-09,15.3633
2016-03-10,15.3403
2016-03-11,15.1183
2016-03-14,14.8017
2016-03-15,14.6083
2016-03-16,14.5093
2016-03-17,14.6273
2016-03-18,14.8217
2016-03-21,14.5808
2016-03-22,14.2458
2016-03-23,14.426
2016-03-28,14.6383
2016-03-29,14.884
2016-03-30,14.6167
2016-03-31,14.5817
2016-04-01,14.7033
2016-04-04,14.7792
2016-04-05,14.6817
2016-04-06,14.6913
2016-04-07,14.525
2016-04-08,14.43
2016-04-11,14.51
2016-04-12,14.54
2016-04-13,14.4242
2016-04-14,14.3683
2016-04-15,14.295
2016-04-18,14.14
2016-04-19,14.1418
2016-04-20,14.2425
2016-04-21,14.36
2016-04-22,14.4558
2016-04-25,14.3308
2016-04-26,14.3122
2016-04-27,14.2408
2016-04-28,14.1702
2016-04-29,14.2582
2016-05-02,14.2617
2016-05-03,14.2098
2016-05-04,14.2133
2016-05-05,14.2535
2016-05-06,14.2355
2016-05-09,14.2242
2016-05-10,14.2312
2016-05-11,14.222
2016-05-12,14.1987
2016-05-13,14.1622
2016-05-16,14.1498
2016-05-17,14.1318
2016-05-18,14.1108
2016-05-19,14.1222
2016-05-20,14.0803
2016-05-23,14.0117
2016-05-24,14.0233
2016-05-26,14.0875
2016-05-27,13.9867
2016-05-30,13.9633
2016-05-31,14.0127
2016-06-01,13.9537
2016-06-02,13.9343
2016-06-03,13.8783
2016-06-06,13.7773
2016-06-07,13.8042
2016-06-08,13.835
2016-06-09,13.8498
2016-06-10,13.8197
2016-06-13,13.7983
2016-06-14,13.7725
2016-06-15,13.7568
2016-06-16,13.7935
2016-06-21,13.8783
2016-06-22,14.0253
2016-06-23,14.1908
2016-06-24,14.8365
2016-06-27,15.0302
2016-06-28,15.0563
2016-06-29,14.9042
2016-06-30,14.92
2016-07-01,15.119
2016-07-04,15.0675
2016-07-05,15.0187
2016-07-06,14.755
2016-07-07,14.6925
2016-07-11,14.71
2016-07-12,14.5992
2016-07-13,14.5718
2016-07-14,14.6203
2016-07-15,14.8583
2016-07-18,15.0557
2016-07-19,15.1933
2016-07-20,14.9967
2016-07-21,15.0425
2016-07-22,14.9517
2016-07-25,14.9267
2016-07-26,14.9583
2016-07-27,14.9783
2016-07-28,15.0275
2016-07-29,15.0447
2016-08-01,14.9858
2016-08-02,14.8542
2016-08-03,14.8675
2016-08-04,14.8812
2016-08-05,14.8483
2016-08-08,14.7908
2016-08-09,14.7675
2016-08-10,14.7472
2016-08-11,14.6583
2016-08-12,14.6525
2016-08-16,14.6702
2016-08-17,14.6975
2016-08-18,14.8525
2016-08-19,14.9425
2016-08-22,14.8995
2016-08-23,14.8325
2016-08-24,14.8747
2016-08-25,14.8837
2016-08-26,14.929
2016-08-29,15.0608
2016-08-30,15.0988
2016-08-31,14.9008
2016-09-01,14.8843
2016-09-02,14.9
2016-09-05,14.995
2016-09-06,15.0067
2016-09-07,15.025
2016-09-08,15.0665
2016-09-09,15.0577
2016-09-12,14.9887
2016-09-13,14.9125
2016-09-14,15.0275
2016-09-15,15.0402
2016-09-16,15.0892
2016-09-19,15.1508
2016-09-20,15.1617
2016-09-21,15.1365
2016-09-22,15.1682
2016-09-23,15.1607
2016-09-26,15.2067
2016-09-27,15.2677
2016-09-28,15.305
2016-09-29,15.4023
2016-09-30,15.2633
2016-10-03,15.225
2016-10-04,15.18
2016-10-05,15.1825
2016-10-06,15.2232
2016-10-07,15.2092
2016-10-11,15.1862
2016-10-12,15.1522
2016-10-13,15.1152
2016-10-14,15.1217
2016-10-17,15.21
2016-10-18,15.2015
2016-10-19,15.2065
2016-10-20,15.1817
2016-10-21,15.1503
2016-10-24,15.1183
2016-10-25,15.1922
2016-10-26,15.2242
2016-10-27,15.1797
2016-10-28,15.1858
2016-10-31,15.1745
2016-11-01,15.1252
2016-11-02,15.0842
2016-11-03,15.125
2016-11-04,15.0745
2016-11-07,15.0367
2016-11-08,15.0393
2016-11-09,15.02
2016-11-10,15.0183
2016-11-11,15.2217
2016-11-14,15.5308
2016-11-15,15.5417
2016-11-16,15.55
2016-11-17,15.4735
2016-11-18,15.4817
2016-11-21,15.399
2016-11-22,15.406
2016-11-23,15.531
2016-11-24,15.53
2016-11-25,15.535
2016-11-29,15.5702
2016-11-30,15.8442
2016-12-01,15.874
2016-12-02,15.877
2016-12-05,15.9397
2016-12-06,15.8683
2016-12-07,15.958
2016-12-12,16.0392
2016-12-13,16.0183
2016-12-14,15.9133
2016-12-15,15.9992
2016-12-16,15.9523
2016-12-19,15.8567
2016-12-20,15.8273
2016-12-21,15.8648
2016-12-22,15.7733
2016-12-23,15.5993
2016-12-26,15.5525
2016-12-27,15.5225
2016-12-28,15.5725
2016-12-29,15.7333
2016-12-30,15.8502
2017-01-02,15.9192
2017-01-03,15.8955
2017-01-04,16.0533
2017-01-05,15.9942
2017-01-06,15.8535
2017-01-09,15.8083
2017-01-10,15.8677
2017-01-11,15.8575
2017-01-12,15.8208
2017-01-13,15.843
2017-01-16,15.8695
2017-01-17,15.8827
2017-01-18,15.9517
2017-01-19,15.9783
2017-01-20,15.8567
2017-01-23,15.9218
2017-01-24,15.9558
2017-01-25,15.9312
2017-01-26,15.9448
2017-01-27,15.8908
2017-01-30,15.935
2017-01-31,15.9117
2017-02-01,15.835
2017-02-02,15.7235
2017-02-03,15.6542
2017-02-06,15.6175
2017-02-07,15.7212
2017-02-08,15.685
2017-02-09,15.6325
2017-02-10,15.5483
2017-02-13,15.5262
2017-02-14,15.4845
2017-02-15,15.4587
2017-02-16,15.3675
2017-02-17,15.575
2017-02-20,15.715
2017-02-21,15.6642
2017-02-22,15.5358
2017-02-23,15.5698
2017-02-24,15.455
2017-03-01,15.477
2017-03-02,15.3875
2017-03-03,15.45
2017-03-06,15.4375
2017-03-07,15.5008
2017-03-08,15.5933
2017-03-09,15.625
2017-03-10,15.4767
2017-03-13,15.5163
2017-03-14,15.5358
2017-03-15,15.5467
2017-03-16,15.5283
2017-03-17,15.5342
2017-03-20,15.6687
2017-03-21,15.6353
2017-03-22,15.5815
2017-03-23,15.626
2017-03-27,15.6075
2017-03-28,15.5433
2017-03-29,15.4678
2017-03-30,15.3998
2017-03-31,15.3818
2017-04-03,15.4175
2017-04-04,15.379
2017-04-05,15.352
2017-04-06,15.4075
2017-04-07,15.3745
2017-04-10,15.3293
2017-04-11,15.2393
2017-04-12,15.1742
2017-04-17,15.2098
2017-04-18,15.2255
2017-04-19,15.4167
2017-04-20,15.4042
2017-04-21,15.393
2017-04-24,15.4192
2017-04-25,15.4142
2017-04-26,15.4432
2017-04-27,15.4532
2017-04-28,15.4268
2017-05-02,15.3258
2017-05-03,15.2687
2017-05-04,15.3722
2017-05-05,15.335
2017-05-08,15.3908
2017-05-09,15.5467
2017-05-10,15.5347
2017-05-11,15.4575
2017-05-12,15.4127
2017-05-15,15.4848
2017-05-16,15.5928
2017-05-17,15.6248
2017-05-18,15.9108
2017-05-19,15.8858
2017-05-22,16.07
2017-05-23,16.0967
2017-05-24,16.0975
2017-05-26,16.0383
2017-05-29,16.0075
2017-05-30,16.0658
2017-05-31,16.142
2017-06-01,16.0577
2017-06-02,16.0313
2017-06-05,16.031
2017-06-06,16.0075
2017-06-07,16.0055
2017-06-08,15.9892
2017-06-09,15.9
2017-06-12,15.9317
2017-06-13,15.892
2017-06-14,15.851
2017-06-15,15.9243
2017-06-16,16.0097
2017-06-19,16.0662
2017-06-21,16.3575
2017-06-22,16.1875
2017-06-23,16.13
2017-06-26,16.2388
2017-06-27,16.39
2017-06-28,16.369
2017-06-29,16.481
2017-06-30,16.5985
2017-07-03,16.6817
2017-07-04,16.8733
2017-07-05,17.0018
2017-07-06,17.1483
2017-07-07,16.9743
2017-07-10,16.99
2017-07-11,16.993
2017-07-12,16.9717
2017-07-13,16.9517
2017-07-14,16.8697
2017-07-17,16.8758
2017-07-18,17.0267
2017-07-19,17.3117
2017-07-20,17.1258
2017-07-21,17.3383
2017-07-24,17.5367
2017-07-25,17.4092
2017-07-26,17.4743
2017-07-27,17.5617
2017-07-28,17.7642
2017-07-31,17.67
2017-08-01,17.6135
2017-08-02,17.5648
2017-08-03,17.6408
2017-08-04,17.6517
2017-08-07,17.7017
2017-08-08,17.7128
2017-08-09,17.7833
2017-08-10,17.7298
2017-08-11,17.712
2017-08-14,17.1533
2017-08-15,17.0583
2017-08-16,17.1117
2017-08-17,17.2665
2017-08-18,17.2822
2017-08-22,17.2287
2017-08-23,17.2248
2017-08-24,17.1767
2017-08-25,17.2223
2017-08-28,17.2155
2017-08-29,17.308
2017-08-30,17.4403
2017-08-31,17.365
2017-09-01,17.2367
2017-09-04,17.2425
2017-09-05,17.2583
2017-09-06,17.2183
2017-09-07,17.2165
2017-09-08,17.2083
2017-09-11,17.2012
2017-09-12,17.1125
2017-09-13,17.0583
2017-09-14,17.0123
2017-09-15,16.972
2017-09-18,17.0558
2017-09-19,17.1983
2017-09-20,17.1483
2017-09-21,17.2755
2017-09-22,17.3
2017-09-25,17.4087
2017-09-26,17.6108
2017-09-27,17.567
2017-09-28,17.5562
2017-09-29,17.3183
2017-10-02,17.3475
2017-10-03,17.4283
2017-10-04,17.3623
2017-10-05,17.342
2017-10-06,17.5117
2017-10-09,17.47
2017-10-10,17.4425
2017-10-11,17.4312
2017-10-12,17.4342
2017-10-13,17.361
2017-10-17,17.3793
2017-10-18,17.325
2017-10-19,17.4025
2017-10-20,17.471
2017-10-23,17.3217
2017-10-24,17.495
2017-10-25,17.4458
2017-10-26,17.5308
2017-10-27,17.6775
2017-10-30,17.6578
2017-10-31,17.6713
2017-11-01,17.6492
2017-11-02,17.5733
2017-11-03,17.5642
2017-11-07,17.6703
2017-11-08,17.5575
2017-11-09,17.537
2017-11-10,17.5158
2017-11-13,17.5367
2017-11-14,17.4898
2017-11-15,17.5325
2017-11-16,17.4942
2017-11-17,17.4867
2017-11-21,17.5102
2017-11-22,17.4672
2017-11-23,17.4232
2017-11-24,17.3715
2017-11-27,17.3338
2017-11-28,17.3307
2017-11-29,17.4217
2017-11-30,17.3845
2017-12-01,17.26
2017-12-04,17.2608
2017-12-05,17.3513
2017-12-06,17.2862
2017-12-07,17.3058
2017-12-11,17.2697
2017-12-12,17.2635
2017-12-13,17.315
2017-12-14,17.3567
2017-12-15,17.5517
2017-12-18,17.5642
2017-12-19,17.5658
2017-12-20,17.7808
2017-12-21,17.87
2017-12-22,18.0108
2017-12-26,18.2495
2017-12-27,18.435
2017-12-28,18.83
2017-12-29,18.7742
2018-01-02,18.55
2018-01-03,18.4158
2018-01-04,18.605
2018-01-05,18.8608
2018-01-08,19.0725
2018-01-09,19.0458
2018-01-10,18.7217
2018-01-11,18.6517
2018-01-12,18.715
2018-01-15,18.7208
2018-01-16,18.8258
2018-01-17,18.8917
2018-01-18,18.8525
2018-01-19,18.9625
2018-01-22,19.07
2018-01-23,19.3167
2018-01-24,19.5258
2018-01-25,19.4933
2018-01-26,19.5217
2018-01-29,19.5717
2018-01-30,19.5955
2018-01-31,19.6525
2018-02-01,19.47
2018-02-02,19.5
2018-02-05,19.5335
2018-02-06,19.69
2018-02-07,19.6242
2018-02-08,19.8408
2018-02-09,20.1258
2018-02-14,20.025
2018-02-15,19.7367
2018-02-16,19.6667
2018-02-19,19.8375
2018-02-20,19.9375
2018-02-21,19.9208
2018-02-22,19.9407
2018-02-23,19.9683
2018-02-26,20.0442
2018-02-27,20.16
2018-02-28,20.115
2018-03-01,20.162
2018-03-02,20.2308
2018-03-05,20.2942
2018-03-06,20.1982
2018-03-07,20.3492
2018-03-08,20.3875
2018-03-09,20.2725
2018-03-12,20.2192
2018-03-13,20.1887
2018-03-14,20.1927
2018-03-15,20.2665
2018-03-16,20.2918
2018-03-19,20.2525
2018-03-20,20.239
2018-03-21,20.2805
2018-03-22,20.2465
2018-03-23,20.2142
2018-03-26,20.1642
2018-03-27,20.1625
2018-03-28,20.1433
2018-04-03,20.1648
2018-04-04,20.198
2018-04-05,20.1842
2018-04-06,20.2125
2018-04-09,20.1937
2018-04-10,20.1908
2018-04-11,20.1598
2018-04-12,20.1693
2018-04-13,20.2077
2018-04-16,20.2163
2018-04-17,20.181
2018-04-18,20.145
2018-04-19,20.1557
2018-04-20,20.1862
2018-04-23,20.2455
2018-04-24,20.2533
2018-04-25,20.2595
2018-04-26,20.4475
2018-04-27,20.6917
2018-05-02,20.9658
2018-05-03,21.7492
2018-05-04,21.6958
2018-05-07,21.825
2018-05-08,22.7633
2018-05-09,22.5683
2018-05-10,22.6305
2018-05-11,23.2333
2018-05-14,24.7683
2018-05-15,24.7997
2018-05-16,24.0367
2018-05-17,24.3292
2018-05-18,24.6033
2018-05-21,24.2692
2018-05-22,24.3617
2018-05-23,24.4352
2018-05-24,24.5567
2018-05-28,24.7
2018-05-29,24.9
2018-05-30,24.905
2018-05-31,24.9475
2018-06-01,24.9625
2018-06-04,24.9592
2018-06-05,24.9653
2018-06-06,24.9195
2018-06-07,24.9703
2018-06-08,25.4733
2018-06-11,25.4292
2018-06-12,25.8617
2018-06-13,25.7283
2018-06-14,27.0617
2018-06-15,27.8767
2018-06-18,27.8967
2018-06-19,27.7133
2018-06-21,27.5533
2018-06-22,27.2042
2018-06-25,27.0167
2018-06-26,27.1217
2018-06-27,27.2967
2018-06-28,27.8117
2018-06-29,28.8617
2018-07-02,28.7217
2018-07-03,27.9417
2018-07-04,28.0317
2018-07-05,28.1675
2018-07-06,28.08
2018-07-10,27.5633
2018-07-11,27.4592
2018-07-12,27.1467
2018-07-13,27.2467
2018-07-16,27.2958
2018-07-17,27.4883
2018-07-18,27.6417
2018-07-19,27.735
2018-07-20,27.65
2018-07-23,27.6283
2018-07-24,27.4892
2018-07-25,27.3592
2018-07-26,27.44
2018-07-27,27.3517
2018-07-30,27.3392
2018-07-31,27.3425
2018-08-01,27.5117
2018-08-02,27.6008
2018-08-03,27.3817
2018-08-06,27.3733
2018-08-07,27.2717
2018-08-08,27.5233
2018-08-09,27.97
2018-08-10,29.2
2018-08-13,30.0083
2018-08-14,29.415
2018-08-15,30.005
2018-08-16,29.81
2018-08-17,29.7942
2018-08-21,29.9667
2018-08-22,30.195
2018-08-23,30.2017
2018-08-24,30.5683
2018-08-27,30.9158
2018-08-28,31.3517
2018-08-29,31.9417
2018-08-30,39.6083
2018-08-31,37.125
2018-09-03,38.0333
2018-09-04,39.225
2018-09-05,38.8117
2018-09-06,37.6917
2018-09-07,36.985
2018-09-10,37.39
2018-09-11,37.9158
2018-09-12,37.8733
2018-09-13,38.7117
2018-09-14,39.7083
2018-09-17,39.5792
2018-09-18,39.7317
2018-09-19,39.46
2018-09-20,38.3117
2018-09-21,37.575
2018-09-24,37.3
2018-09-25,38.4
2018-09-26,38.69
2018-09-27,39.51
2018-09-28,40.8967
2018-10-01,40.3417
2018-10-02,38.1633
2018-10-03,37.6083
2018-10-04,38.5183
2018-10-05,38.0167
2018-10-08,37.545
2018-10-09,37.2467
2018-10-10,37.2933
2018-10-11,36.9183
2018-10-12,36.2383
2018-10-16,36.3583
2018-10-17,36.3033
2018-10-18,36.4133
2018-10-19,36.5533
2018-10-22,36.4167
2018-10-23,36.7733
2018-10-24,36.5417
2018-10-25,36.7883
2018-10-26,36.785
2018-10-29,36.7933
2018-10-30,36.8317
2018-10-31,36.1967
2018-11-01,35.7433
2018-11-02,35.59
2018-11-05,35.5475
2018-11-07,35.7617
2018-11-08,35.6092
2018-11-09,35.4883
2018-11-12,35.505
2018-11-13,35.885
2018-11-14,36.1233
2018-11-15,36.065
2018-11-16,35.9767
2018-11-20,36.2583
2018-11-21,36.2733
2018-11-22,36.425
2018-11-23,36.8867
2018-11-26,38.155
2018-11-27,38.875
2018-11-28,38.5317
2018-11-29,38.0217
2018-12-03,36.89
2018-12-04,37.0617
2018-12-05,37.9383
2018-12-06,37.8567
2018-12-07,37.3583
2018-12-10,37.7017
2018-12-11,37.6483
2018-12-12,37.6367
2018-12-13,37.8033
2018-12-14,38.165
2018-12-17,38.3217
2018-12-18,38.2133
2018-12-19,38.3017
2018-12-20,38.07
2018-12-21,38.0783
2018-12-26,38.51
2018-12-27,38.57
2018-12-28,37.8083
2019-01-02,37.9333
2019-01-03,37.5517
2019-01-04,37.39
2019-01-07,37.3583
2019-01-08,37.3742
2019-01-09,37.4708
2019-01-10,37.3092
2019-01-11,37.1033
2019-01-14,37.095
2019-01-15,37.135
2019-01-16,37.3567
2019-01-17,37.7383
2019-01-18,37.62
2019-01-21,37.705
2019-01-22,37.59
2019-01-23,37.56
2019-01-24,37.5592
2019-01-25,37.1433
2019-01-28,37.0933
2019-01-29,37.225
2019-01-30,37.605
2019-01-31,37.035
2019-02-01,37.2367
2019-02-04,37.24
2019-02-05,37.1967
2019-02-06,37.4283
2019-02-07,37.895
2019-02-08,37.8617
2019-02-11,38.32
2019-02-12,37.8167
2019-02-13,38.1467
2019-02-14,38.3717
2019-02-15,38.325
2019-02-18,38.765
2019-02-19,38.9158
2019-02-20,40.04
2019-02-21,39.6633
2019-02-22,39.2517
2019-02-25,38.96
2019-02-26,38.9917
2019-02-27,38.7467
2019-02-28,38.9983
2019-03-01,39.445
2019-03-06,40.4817
2019-03-07,41.225
2019-03-08,41.3
2019-03-11,40.8717
2019-03-12,41.3483
2019-03-13,41.6467
2019-03-14,40.98
2019-03-15,39.9417
2019-03-18,39.7133
2019-03-19,40.325
2019-03-20,41.0817
2019-03-21,40.7417
2019-03-22,42.01
2019-03-25,41.785
2019-03-26,42.3467
2019-03-27,43.6983
2019-03-28,43.59
2019-03-29,43.3533
2019-04-01,42.8233
2019-04-03,42.6533
2019-04-04,43.2467
2019-04-05,43.6933
2019-04-08,43.8
2019-04-09,43.74
2019-04-10,43.0417
2019-04-11,42.9117
2019-04-12,42.33
2019-04-15,41.5617
2019-04-16,42.1133
2019-04-17,41.7833
2019-04-22,42.6917
2019-04-23,42.38
2019-04-24,43.4783
2019-04-25,45.6333
2019-04-26,44.8767
2019-04-29,44.6733
2019-04-30,44.01
2019-05-02,44.7483
2019-05-03,44.4233
2019-05-06,44.8967
2019-05-07,44.895
2019-05-08,45.0383
2019-05-09,45.5667
2019-05-10,44.9817
2019-05-13,45.4133
2019-05-14,44.985
2019-05-15,45.1533
2019-05-16,44.8583
2019-05-17,45.0183
2019-05-20,45.3242
2019-05-21,44.82
2019-05-22,44.715
2019-05-23,45.15
2019-05-24,44.96
2019-05-27,44.9783
2019-05-28,44.7867
2019-05-29,44.5033
2019-05-30,44.445
2019-05-31,44.87
2019-06-03,44.8733
2019-06-04,44.7567
2019-06-05,44.8033
2019-06-06,44.98
2019-06-07,44.8833
2019-06-10,44.97
2019-06-11,44.7417
2019-06-12,43.7483
2019-06-13,43.585
2019-06-14,43.87
2019-06-18,43.6567
2019-06-19,43.4517
2019-06-21,42.915
2019-06-24,42.665
2019-06-25,42.305
2019-06-26,42.7117
2019-06-27,42.8433
2019-06-28,42.4483
2019-07-01,42.135
2019-07-02,42.465
2019-07-03,42.09
2019-07-04,41.7583
2019-07-05,41.98
2019-07-10,41.8808
2019-07-11,41.755
2019-07-12,41.6583
2019-07-15,41.8617
2019-07-16,42.6333
2019-07-17,42.52
2019-07-18,42.345
2019-07-19,42.4467
2019-07-22,42.4783
2019-07-23,42.6283
2019-07-24,42.8083
2019-07-25,43.245
2019-07-26,43.2167
2019-07-29,43.755
2019-07-30,43.8817
2019-07-31,43.8692
2019-08-01,44.3233
2019-08-02,44.7042
2019-08-05,45.4383
2019-08-06,45.3517
2019-08-07,45.69
2019-08-08,45.4117
2019-08-09,45.4033
2019-08-12,55.75
2019-08-13,56.3167
2019-08-14,58.835
2019-08-15,56.6333
2019-08-16,56.435
2019-08-20,55.3633
2019-08-21,54.915
2019-08-22,55.0308
2019-08-23,55.2683
2019-08-26,55.335
2019-08-27,55.7133
2019-08-28,58.075
2019-08-29,58.2
2019-08-30,59.075
2019-09-02,57.0917
2019-09-03,55.7833
2019-09-04,55.935
2019-09-05,56.0042
2019-09-06,55.9083
2019-09-09,55.9433
2019-09-10,56.0683
2019-09-11,56.105
2019-09-12,56.18
2019-09-13,56.1525
2019-09-16,56.2517
2019-09-17,56.4508
2019-09-18,56.5025
2019-09-19,56.6067
2019-09-20,56.6183
2019-09-23,56.9282
2019-09-24,56.9367
2019-09-25,57.0075
2019-09-26,57.18
2019-09-27,57.3175
2019-09-30,57.5583
2019-10-01,57.6967
2019-10-02,57.8883
2019-10-03,57.7625
2019-10-04,57.7133
2019-10-07,57.8725
2019-10-08,57.8375
2019-10-09,57.9575
2019-10-10,57.9828
2019-10-11,58.05
2019-10-15,58.235
2019-10-16,58.3333
2019-10-17,58.3142
2019-10-18,58.3447
2019-10-21,58.5217
2019-10-22,58.6533
2019-10-23,58.9367
2019-10-24,59.3417
2019-10-25,60.0033
2019-10-28,59.4667
2019-10-29,59.4567
2019-10-30,59.5833
2019-10-31,59.7267
2019-11-01,59.7583
2019-11-04,59.7617
2019-11-05,59.6817
2019-11-07,59.5977
2019-11-08,59.5442
2019-11-11,59.7467
2019-11-12,59.7452
2019-11-13,59.7442
2019-11-14,59.7258
2019-11-15,59.685
2019-11-19,59.7125
2019-11-20,59.723
2019-11-21,59.75
2019-11-22,59.7942
2019-11-25,59.745
2019-11-26,59.7167
2019-11-27,59.8783
2019-11-28,59.85
2019-11-29,59.8633
2019-12-02,59.9517
2019-12-03,59.9383
2019-12-04,59.9058
2019-12-05,59.9442
2019-12-06,59.9575
2019-12-09,59.9512
2019-12-10,59.9608
2019-12-11,59.8342
2019-12-12,59.8322
2019-12-13,59.817
2019-12-16,59.8417
2019-12-17,59.8227
2019-12-18,59.8212
2019-12-19,59.8172
2019-12-20,59.8185
2019-12-23,59.8633
2019-12-26,59.9175
2019-12-27,59.8908
2019-12-30,59.895
2020-01-02,59.8518
2020-01-03,59.8335
2020-01-06,59.819
2020-01-07,59.8195
2020-01-08,59.8177
2020-01-09,59.8152
2020-01-10,59.8163
2020-01-13,59.88
2020-01-14,60.0367
2020-01-15,60.0075
2020-01-16,59.995
2020-01-17,60.0113
2020-01-20,60.0333
2020-01-21,60.0592
2020-01-22,60.1148
2020-01-23,60.0908
2020-01-24,60.1025
2020-01-27,60.1408
2020-01-28,60.1808
2020-01-29,60.2367
2020-01-30,60.2475
2020-01-31,60.3312
2020-02-03,60.4325
2020-02-04,60.579
2020-02-05,60.5763
2020-02-06,60.6732
2020-02-07,60.7745
2020-02-10,60.9688
2020-02-11,61.112
2020-02-12,61.2297
2020-02-13,61.3808
2020-02-14,61.4522
2020-02-17,61.655
2020-02-18,61.6645
2020-02-19,61.7233
2020-02-20,61.785
2020-02-21,61.8348
2020-02-26,62.0842
2020-02-27,62.1375
2020-02-28,62.208
2020-03-02,62.2503
2020-03-03,62.3002
2020-03-04,62.3577
2020-03-05,62.418
2020-03-06,62.4793
2020-03-09,62.5298
2020-03-10,62.5898
2020-03-11,62.6697
2020-03-12,62.8182
2020-03-13,62.8992
2020-03-16,63.0398
2020-03-17,63.175
2020-03-18,63.33
2020-03-19,63.5497
2020-03-20,63.7688
2020-03-25,64.0473
2020-03-26,64.2295
2020-03-27,64.4095
2020-03-30,64.4697
2020-04-01,64.5295
2020-04-02,64.7165
2020-04-03,64.9065
2020-04-06,64.988
2020-04-07,65.0695
2020-04-08,65.1595
2020-04-13,65.3795
2020-04-14,65.498
2020-04-15,65.6195
2020-04-16,65.7395
2020-04-17,65.8595
2020-04-20,65.9778
2020-04-21,66.0895
2020-04-22,66.225
2020-04-23,66.3167
2020-04-24,66.425
2020-04-27,66.525
2020-04-28,66.635
2020-04-29,66.745
2020-04-30,66.835
2020-05-04,66.925
2020-05-05,67.005
2020-05-06,67.095
2020-05-07,67.185
2020-05-08,67.275
2020-05-11,67.365
2020-05-12,67.455
2020-05-13,67.545
2020-05-14,67.635
2020-05-15,67.725
2020-05-18,67.815
2020-05-19,67.905
2020-05-20,67.995
2020-05-21,68.085
2020-05-22,68.175
2020-05-26,68.265
2020-05-27,68.355
2020-05-28,68.445
2020-05-29,68.535
2020-06-01,68.625
2020-06-02,68.715
2020-06-03,68.805
2020-06-04,68.895
2020-06-05,68.985
2020-06-08,69.075
2020-06-09,69.165
2020-06-10,69.255
2020-06-11,69.315
2020-06-12,69.375
2020-06-16,69.615
2020-06-17,69.675
2020-06-18,69.735
2020-06-19,69.795
2020-06-22,69.975
2020-06-23,70.035
2020-06-24,70.095
2020-06-25,70.155
2020-06-26,70.215
2020-06-29,70.395
2020-06-30,70.455
2020-07-01,70.515
2020-07-02,70.575
2020-07-03,70.635
2020-07-06,70.815
2020-07-07,70.875
2020-07-08,70.935
2020-07-13,71.2333
2020-07-14,71.295
2020-07-15,71.355
2020-07-16,71.415
2020-07-17,71.475
2020-07-20,71.655
2020-07-21,71.715
2020-07-22,71.775
2020-07-23,71.835
2020-07-24,71.895
2020-07-27,72.075
2020-07-28,72.135
2020-07-29,72.195
2020-07-30,72.255
2020-07-31,72.315
2020-08-03,72.515
2020-08-04,72.565
2020-08-05,72.615
2020-08-06,72.695
2020-08-07,72.765
2020-08-10,72.945
2020-08-11,72.995
2020-08-12,73.045
2020-08-13,73.105
2020-08-14,73.155
2020-08-18,73.395
2020-08-19,73.475
2020-08-20,73.525
2020-08-21,73.575
2020-08-24,73.725
2020-08-25,73.805
2020-08-26,73.855
2020-08-27,73.935
2020-08-28,73.995
2020-08-31,74.175
2020-09-01,74.245
2020-09-02,74.315
2020-09-03,74.375
2020-09-04,74.435
2020-09-07,74.645
2020-09-08,74.705
2020-09-09,74.765
2020-09-10,74.835
2020-09-11,74.905
2020-09-14,75.115
2020-09-15,75.185
2020-09-16,75.245
2020-09-17,75.315
2020-09-18,75.375
2020-09-21,75.585
2020-09-22,75.645
2020-09-23,75.715
2020-09-24,75.775
2020-09-25,75.845
2020-09-28,76.055
2020-09-29,76.115
2020-09-30,76.175
2020-10-01,76.245
2020-10-02,76.945
2020-10-05,77.0517
2020-10-06,77.08
2020-10-07,77.0967
2020-10-08,77.1033
2020-10-09,77.1083
2020-10-13,77.4033
2020-10-14,77.4217
2020-10-15,77.46
2020-10-16,77.5317
2020-10-19,77.5767
2020-10-20,77.6567
2020-10-21,77.7133
2020-10-22,78.0467
2020-10-23,78.0883
2020-10-26,78.2067
2020-10-27,78.2967
2020-10-28,78.2983
2020-10-29,78.2967
2020-10-30,78.3283
2020-11-02,78.69
2020-11-03,78.9033
2020-11-04,79.0233
2020-11-05,79.0933
2020-11-09,79.3433
2020-11-10,79.425
2020-11-11,79.4783
2020-11-12,79.575
2020-11-13,79.7283
2020-11-16,79.955
2020-11-17,80.0283
2020-11-18,80.1517
2020-11-19,80.2717
2020-11-20,80.3583
2020-11-24,80.6917
2020-11-25,80.7917
2020-11-26,80.8883
2020-11-27,81.0383
2020-11-30,81.2967
2020-12-01,81.395
2020-12-02,81.475
2020-12-03,81.5617
2020-12-04,81.6517
2020-12-09,82.045
2020-12-10,82.13
2020-12-11,82.215
2020-12-14,82.4567
2020-12-15,82.535
2020-12-16,82.6267
2020-12-17,82.7217
2020-12-18,82.8383
2020-12-21,83.1483
2020-12-22,83.2483
2020-12-23,83.3583
2020-12-28,83.905
2020-12-29,84.025
2020-12-30,84.145
2021-01-04,84.7033
2021-01-05,84.7967
2021-01-06,84.9033
2021-01-07,85.0
2021-01-08,85.105
2021-01-11,85.3783
2021-01-12,85.465
2021-01-13,85.555
2021-01-14,85.645
2021-01-15,85.735
2021-01-18,86.0667
2021-01-19,86.1967
2021-01-20,86.32
2021-01-21,86.4283
2021-01-22,86.5467
2021-01-25,86.9117
2021-01-26,87.0217
2021-01-27,87.1233
2021-01-28,87.2167
2021-01-29,87.2983
2021-02-01,87.605
2021-02-02,87.7033
2021-02-03,87.805
2021-02-04,87.905
2021-02-05,88.005
2021-02-08,88.165
2021-02-09,88.275
2021-02-10,88.355
2021-02-11,88.45
2021-02-12,88.5383
2021-02-17,88.945
2021-02-18,89.045
2021-02-19,89.1567
2021-02-22,89.4383
2021-02-23,89.535
2021-02-24,89.6383
2021-02-25,89.7533
2021-02-26,89.825
2021-03-01,90.085
2021-03-02,90.155
2021-03-03,90.2233
2021-03-04,90.295
2021-03-05,90.365
2021-03-08,90.5817
2021-03-09,90.6517
2021-03-10,90.7233
2021-03-11,90.7867
2021-03-12,90.855
2021-03-15,91.0667
2021-03-16,91.135
2021-03-17,91.205
2021-03-18,91.28
2021-03-19,91.3567
2021-03-22,91.5683
2021-03-23,91.6367
2021-03-25,91.7767
2021-03-26,91.8483
2021-03-29,91.9217
2021-03-30,91.9583
2021-03-31,91.985
2021-04-05,92.2367
2021-04-06,92.2867
2021-04-07,92.335
2021-04-08,92.3867
2021-04-09,92.435
2021-04-12,92.5817
2021-04-13,92.6283
2021-04-14,92.6767
2021-04-15,92.725
2021-04-16,92.7767
2021-04-19,92.9267
2021-04-20,92.975
2021-04-21,93.025
2021-04-22,93.075
2021-04-23,93.125
2021-04-26,93.275
2021-04-27,93.335
2021-04-28,93.4167
2021-04-29,93.5
2021-04-30,93.555
2021-05-03,93.675
2021-05-04,93.715
2021-05-05,93.755
2021-05-06,93.795
2021-05-07,93.835
2021-05-10,93.925
2021-05-11,93.955
2021-05-12,93.985
2021-05-13,94.015
2021-05-14,94.045
2021-05-17,94.135
2021-05-18,94.165
2021-05-19,94.21
2021-05-20,94.245
2021-05-21,94.2767
2021-05-26,94.485
2021-05-27,94.525
2021-05-28,94.565
2021-05-31,94.685
2021-06-01,94.735
2021-06-02,94.775
2021-06-03,94.815
2021-06-04,94.86
2021-06-07,94.975
2021-06-08,95.015
2021-06-09,95.055
2021-06-10,95.0967
2021-06-11,95.135
2021-06-14,95.255
2021-06-15,95.285
2021-06-16,95.315
2021-06-17,95.3517
2021-06-18,95.3817
2021-06-22,95.4967
2021-06-23,95.53
2021-06-24,95.5583
2021-06-25,95.59
2021-06-28,95.6833
2021-06-29,95.705
2021-06-30,95.7267
2021-07-01,95.7667
2021-07-02,95.795
2021-07-05,95.89
2021-07-06,95.9183
2021-07-07,95.9483
2021-07-08,95.9767
2021-07-12,96.095
2021-07-13,96.125
2021-07-14,96.155
2021-07-15,96.185
2021-07-16,96.215
2021-07-19,96.305
2021-07-20,96.335
2021-07-21,96.365
2021-07-22,96.395
2021-07-23,96.4317
2021-07-26,96.5267
2021-07-27,96.5783
2021-07-28,96.635
2021-07-29,96.6667
2021-07-30,96.685
2021-08-02,96.7817
2021-08-03,96.8133
2021-08-04,96.8433
2021-08-05,96.875
2021-08-06,96.9083
2021-08-09,96.9967
2021-08-10,97.0283
2021-08-11,97.0517
2021-08-12,97.0767
2021-08-13,97.105
2021-08-17,97.23
2021-08-18,97.265
2021-08-19,97.2883
2021-08-20,97.315
2021-08-23,97.4117
2021-08-24,97.4367
2021-08-25,97.4833
2021-08-26,97.545
2021-08-27,97.5667
2021-08-30,97.7167
2021-08-31,97.7517
2021-09-01,97.78
2021-09-02,97.8333
2021-09-03,97.8683
2021-09-06,97.95
2021-09-07,97.9883
2021-09-08,98.0233
2021-09-09,98.05
2021-09-10,98.0967
2021-09-13,98.2083
2021-09-14,98.22
2021-09-15,98.245
2021-09-16,98.3117
2021-09-17,98.3483
2021-09-20,98.4817
2021-09-21,98.4917
2021-09-22,98.505
2021-09-23,98.5183
2021-09-24,98.56
2021-09-27,98.6683
2021-09-28,98.6817
2021-09-29,98.705
2021-09-30,98.735
2021-10-01,98.7817
2021-10-04,98.885
2021-10-05,98.9
2021-10-06,98.9217
2021-10-07,98.945
2021-10-12,99.1
2021-10-13,99.125
2021-10-14,99.155
2021-10-15,99.185
2021-10-18,99.275
2021-10-19,99.305
2021-10-20,99.3383
2021-10-21,99.3683
2021-10-22,99.3983
2021-10-25,99.4933
2021-10-26,99.5267
2021-10-27,99.6167
2021-10-28,99.6917
2021-10-29,99.7217
2021-11-01,99.825
2021-11-02,99.8533
2021-11-03,99.9033
2021-11-04,99.9517
2021-11-05,99.9467
2021-11-08,100.05
2021-11-09,100.0983
2021-11-10,100.1433
2021-11-11,100.175
2021-11-12,100.2267
2021-11-15,100.2917
2021-11-16,100.3083
2021-11-17,100.3583
2021-11-18,100.4067
2021-11-19,100.465
2021-11-23,100.595
2021-11-24,100.6233
2021-11-25,100.6833
2021-11-26,100.7583
2021-11-29,100.9233
2021-11-30,100.925
2021-12-01,101.005
2021-12-02,101.07
2021-12-03,101.155
2021-12-06,101.3233
2021-12-07,101.365
2021-12-09,101.5083
2021-12-10,101.58
2021-12-13,101.725
2021-12-14,101.7733
2021-12-15,101.83
2021-12-16,101.8883
2021-12-17,101.9667
2021-12-20,102.145
2021-12-21,102.2017
2021-12-22,102.2767
2021-12-23,102.33
2021-12-27,102.5667
2021-12-28,102.62
2021-12-29,102.69
2021-12-30,102.75
2022-01-03,103.04
2022-01-04,103.08
2022-01-05,103.15
2022-01-06,103.23
2022-01-07,103.29
2022-01-10,103.5083
2022-01-11,103.5767
2022-01-12,103.6417
2022-01-13,103.7433
2022-01-14,103.8467
2022-01-17,104.07
2022-01-18,104.1867
2022-01-19,104.2383
2022-01-20,104.3033
2022-01-21,104.3533
2022-01-24,104.5317
2022-01-25,104.6033
2022-01-26,104.6833
2022-01-27,104.7583
2022-01-28,104.8267
2022-01-31,105.015
2022-02-01,105.135
2022-02-02,105.2167
2022-02-03,105.31
2022-02-04,105.415
2022-02-07,105.695
2022-02-08,105.795
2022-02-09,105.905
2022-02-10,106.005
2022-02-11,106.1133
2022-02-14,106.3917
2022-02-15,106.4767
2022-02-16,106.575
2022-02-17,106.6767
2022-02-18,106.7783
2022-02-21,107.055
2022-02-22,107.1567
2022-02-23,107.3
2022-02-24,107.3933
2022-02-25,107.4417
2022-03-02,107.935
2022-03-03,108.0383
2022-03-04,108.1617
2022-03-07,108.4517
2022-03-08,108.5567
2022-03-09,108.6767
2022-03-10,108.7833
2022-03-11,108.8867
2022-03-14,109.21
2022-03-15,109.305
2022-03-16,109.4267
2022-03-17,109.52
2022-03-18,109.6367
2022-03-21,109.9917
2022-03-22,110.0717
2022-03-23,110.185
2022-03-25,110.39
2022-03-28,110.7033
2022-03-29,110.8033
2022-03-30,110.9167
2022-03-31,110.9783
2022-04-01,111.125
2022-04-04,111.5583
2022-04-05,111.6983
2022-04-06,111.8433
2022-04-07,111.9783
2022-04-08,112.13
2022-04-11,112.5917
2022-04-12,112.735
2022-04-13,112.9133
2022-04-18,113.6617
2022-04-19,113.7867
2022-04-20,113.9483
2022-04-21,114.1067
2022-04-22,114.2517
2022-04-25,114.695
2022-04-26,114.8417
2022-04-27,115.005
2022-04-28,115.1733
2022-04-29,115.3117
2022-05-02,115.7517
2022-05-03,115.875
2022-05-04,116.015
2022-05-05,116.1583
2022-05-06,116.305
2022-05-09,116.755
2022-05-10,116.915
2022-05-11,117.0883
2022-05-12,117.2517
2022-05-13,117.4067
2022-05-16,117.8717
2022-05-17,118.0383
2022-05-19,118.3583
2022-05-20,118.4917
2022-05-23,118.9483
2022-05-24,119.1017
2022-05-26,119.4167
2022-05-27,119.5583
2022-05-30,120.005
2022-05-31,120.1617
2022-06-01,120.325
2022-06-02,120.4683
2022-06-03,120.6283
2022-06-06,121.1083
2022-06-07,121.2783
2022-06-08,121.455
2022-06-09,121.625
2022-06-10,121.7933
2022-06-13,122.2983
2022-06-14,122.475
2022-06-15,122.69
2022-06-16,122.895
2022-06-21,123.685
2022-06-22,123.8617
2022-06-23,124.0333
2022-06-24,124.255
2022-06-27,124.705
2022-06-28,124.875
2022-06-29,125.045
2022-06-30,125.215
2022-07-01,125.4117
2022-07-04,125.9883
2022-07-05,126.1833
2022-07-06,126.3783
2022-07-07,126.57
2022-07-08,126.7783
2022-07-11,127.3717
2022-07-12,127.5733
2022-07-13,127.7933
2022-07-14,128.0167
2022-07-15,128.2317
2022-07-18,128.8983
2022-07-19,129.1267
2022-07-20,129.39
2022-07-21,129.61
2022-07-22,129.76
2022-07-25,130.4033
2022-07-26,130.6233
2022-07-27,130.8933
2022-07-28,131.125
2022-07-29,131.2267
2022-08-01,131.935
2022-08-02,132.1783
2022-08-03,132.41
2022-08-04,132.6417
2022-08-05,132.8867
2022-08-08,133.56
2022-08-09,133.8033
2022-08-10,134.0383
2022-08-11,134.2283
2022-08-12,134.5183
2022-08-16,135.395
2022-08-17,135.57
2022-08-18,135.7733
2022-08-19,136.06
2022-08-22,136.685
2022-08-23,136.9033
2022-08-24,137.145
2022-08-25,137.3933
2022-08-26,137.6517
2022-08-29,138.325
2022-08-30,138.5717
2022-08-31,138.7133
2022-09-01,139.005
2022-09-05,140.2
2022-09-06,140.5783
2022-09-07,140.82
2022-09-08,141.1767
2022-09-09,141.375
2022-09-12,142.275
2022-09-13,142.575
2022-09-14,142.875
2022-09-15,143.1817
2022-09-16,143.4967
2022-09-19,144.345
2022-09-20,144.6317
2022-09-21,144.9033
2022-09-22,145.1683
2022-09-23,145.4583
2022-09-26,146.2633
2022-09-27,146.5583
2022-09-28,146.8383
2022-09-29,147.09
2022-09-30,147.315
2022-10-03,148.2433
2022-10-04,148.5767
2022-10-05,148.9133
2022-10-06,149.1983
2022-10-11,150.7283
2022-10-12,151.0267
2022-10-13,151.3217
2022-10-14,151.6283
2022-10-17,152.53
2022-10-18,152.825
2022-10-19,153.165
2022-10-20,153.5
2022-10-21,153.8117
2022-10-24,154.7367
2022-10-25,155.0533
2022-10-26,155.3967
2022-10-27,155.6983
2022-10-28,156.0167
2022-10-31,156.895
2022-11-01,157.235
2022-11-02,157.5933
2022-11-03,157.94
2022-11-04,158.2667
2022-11-07,159.33
2022-11-08,159.7083
2022-11-09,160.0467
2022-11-10,160.3633
2022-11-11,160.7067
2022-11-14,161.7617
2022-11-15,162.1283
2022-11-16,162.4567
2022-11-17,162.795
2022-11-18,163.1467
2022-11-22,164.5233
2022-11-23,164.8467
2022-11-24,165.2133
2022-11-25,165.5883
2022-11-28,166.625
2022-11-29,166.955
2022-11-30,167.255
2022-12-01,167.685
2022-12-02,168.0933
2022-12-05,169.135
2022-12-06,169.5083
2022-12-07,169.8683
2022-12-12,171.425
2022-12-13,171.7617
2022-12-14,172.1
2022-12-15,172.425
2022-12-16,172.73
2022-12-19,173.645
2022-12-20,173.9317
2022-12-21,174.25
2022-12-22,174.5883
2022-12-23,174.8483
2022-12-26,175.745
2022-12-27,176.0717
2022-12-28,176.38
2022-12-29,176.7433
2022-12-30,177.1283
2023-01-02,178.1417
2023-01-03,178.4317
2023-01-04,178.6533
2023-01-05,178.94
2023-01-06,179.2433
2023-01-09,180.1367
2023-01-10,180.4017
2023-01-11,180.6883
2023-01-12,180.97
2023-01-13,181.28
2023-01-16,182.1633
2023-01-17,182.4917
2023-01-18,182.8033
2023-01-19,183.125
2023-01-20,183.4367
2023-01-23,184.3733
2023-01-24,184.6867
2023-01-25,185.005
2023-01-26,185.315
2023-01-27,185.63
2023-01-30,186.5783
2023-01-31,186.875
2023-02-01,187.3083
2023-02-02,187.6133
2023-02-03,187.95
2023-02-06,189.095
2023-02-07,189.4567
2023-02-08,189.8633
2023-02-09,190.2033
2023-02-10,190.5283
2023-02-13,191.64
2023-02-14,192.02
2023-02-15,192.375
2023-02-16,192.7833
2023-02-17,193.1933
2023-02-22,194.98
2023-02-23,195.35
2023-02-24,195.7383
2023-02-27,196.8117
2023-02-28,197.1533
2023-03-01,197.56
2023-03-02,197.8867
2023-03-03,198.26
2023-03-06,199.345
2023-03-07,199.6717
2023-03-08,200.0267
2023-03-09,200.3567
2023-03-10,200.7217
2023-03-13,201.8017
2023-03-14,202.1483
2023-03-15,202.5217
2023-03-16,202.955
2023-03-17,203.34
2023-03-20,204.4967
2023-03-21,204.9633
2023-03-22,205.395
2023-03-23,205.79
2023-03-27,207.4017
2023-03-28,207.84
2023-03-29,208.2533
2023-03-30,208.5983
2023-03-31,208.9883
2023-04-03,210.33
2023-04-04,210.8
2023-04-05,211.235
2023-04-10,213.3283
2023-04-11,213.7983
2023-04-12,214.25
2023-04-13,214.665
2023-04-14,215.095
2023-04-17,216.3583
2023-04-18,216.8883
2023-04-19,217.47
2023-04-20,218.025
2023-04-21,218.5083
2023-04-24,220.235
2023-04-25,220.8733
2023-04-26,221.5517
2023-04-27,222.02
2023-04-28,222.575
2023-05-02,224.625
2023-05-03,225.0917
2023-05-04,225.6583
2023-05-05,226.1917
2023-05-08,227.575
2023-05-09,228.0583
2023-05-10,228.5083
2023-05-11,228.9917
2023-05-12,229.3333
2023-05-15,230.6417
2023-05-16,231.175
2023-05-17,231.65
2023-05-18,232.2417
2023-05-19,232.7417
2023-05-22,234.4083
2023-05-23,234.9167
2023-05-24,235.6333
2023-05-29,238.2583
2023-05-30,238.7917
2023-05-31,239.325
2023-06-01,240.0667
2023-06-02,240.7417
2023-06-05,242.55
2023-06-06,243.175
2023-06-07,243.8083
2023-06-08,244.3333
2023-06-09,244.9667
2023-06-12,246.7833
2023-06-13,247.2917
2023-06-14,247.8
2023-06-15,248.5833
2023-06-16,249.1583
2023-06-21,252.0083
2023-06-22,252.5083
2023-06-23,252.9917
2023-06-26,254.5417
2023-06-27,255.1667
2023-06-28,255.8417
2023-06-29,256.2417
2023-06-30,256.675
2023-07-03,257.975
2023-07-04,259.15
2023-07-05,259.8
2023-07-06,260.325
2023-07-07,260.9833
2023-07-10,262.65
2023-07-11,263.3167
2023-07-12,263.9333
2023-07-13,264.5167
2023-07-14,265.1417
2023-07-17,266.7917
2023-07-18,267.5833
2023-07-19,268.225
2023-07-20,268.775
2023-07-21,269.4167
2023-07-24,271.1917
2023-07-25,271.6667
2023-07-26,272.4
2023-07-27,273.0
2023-07-28,273.6333
2023-07-31,275.2833
2023-08-01,276.1417
2023-08-02,277.3417
2023-08-03,278.2833
2023-08-04,279.3167
2023-08-07,283.15
2023-08-08,284.1917
2023-08-09,285.175
2023-08-10,286.1917
2023-08-11,287.2917
2023-08-14,349.975
2023-08-15,350.0083
2023-08-16,350.0
2023-08-17,349.975
2023-08-18,350.0167
2023-08-22,350.0083
2023-08-23,349.975
2023-08-24,349.975
2023-08-25,349.975
2023-08-28,349.9917
2023-08-29,349.975
2023-08-30,349.975
2023-08-31,350.0167
2023-09-01,350.0
2023-09-04,350.025
2023-09-05,349.9917
2023-09-06,350.0
2023-09-07,349.9917
2023-09-08,349.975
2023-09-11,349.9833
2023-09-12,349.975
2023-09-13,349.975
2023-09-14,349.975
2023-09-15,349.9917
2023-09-18,349.9917
2023-09-19,349.9833
2023-09-20,350.0
2023-09-21,349.9833
2023-09-22,350.025
2023-09-25,350.0083
2023-09-26,350.025
2023-09-27,350.025
2023-09-28,350.025
2023-09-29,350.0083
2023-10-02,350.025
2023-10-03,350.025
2023-10-04,350.025
2023-10-05,350.025
2023-10-06,350.025
2023-10-09,350.025
2023-10-10,350.025
2023-10-11,350.025
2023-10-12,350.025
2023-10-17,350.0167
2023-10-18,350.025
2023-10-19,350.025
2023-10-20,350.025
2023-10-23,350.0
2023-10-24,350.025
2023-10-25,350.0167
2023-10-26,350.0083
2023-10-27,350.0083
2023-10-30,350.025
2023-10-31,350.0083
2023-11-01,349.9917
2023-11-02,350.025
2023-11-03,350.025
2023-11-07,350.025
2023-11-08,350.025
2023-11-09,350.025
2023-11-10,350.0
2023-11-13,350.025
2023-11-14,350.025
2023-11-15,353.0083
2023-11-16,353.475
2023-11-17,354.0083
2023-11-21,356.025
2023-11-22,356.5083
2023-11-23,357.0083
2023-11-24,357.525
2023-11-27,359.025
2023-11-28,359.525
2023-11-29,360.0083
2023-11-30,360.525
2023-12-01,361.025
2023-12-04,362.525
2023-12-05,363.025
2023-12-06,363.55
2023-12-07,364.4083
2023-12-11,366.0
2023-12-12,366.5
2023-12-13,799.975
2023-12-14,800.525
2023-12-15,801.075
2023-12-18,802.625
2023-12-19,803.175
2023-12-20,803.725
2023-12-21,804.225
2023-12-22,804.775
2023-12-26,806.8833
2023-12-27,807.425
2023-12-28,807.975
2023-12-29,808.4833
2024-01-02,810.65
2024-01-03,811.15
2024-01-04,811.75
2024-01-05,812.25
2024-01-08,813.85
2024-01-09,814.35
2024-01-10,814.95
2024-01-11,815.45
2024-01-12,816.05
2024-01-15,817.65
2024-01-16,818.15
2024-01-17,818.65
2024-01-18,819.25
2024-01-19,819.75
2024-01-22,821.45
2024-01-23,821.95
2024-01-24,822.45
2024-01-25,823.05
2024-01-26,823.55
2024-01-29,825.25
2024-01-30,825.75
2024-01-31,826.25
2024-02-01,826.85
2024-02-02,827.35
2024-02-05,829.05
2024-02-06,829.55
2024-02-07,830.15
2024-02-08,830.65
2024-02-09,831.25
2024-02-14,833.95
2024-02-15,834.5667
2024-02-16,835.05
2024-02-19,836.75
2024-02-20,837.25
2024-02-21,837.85
2024-02-22,838.35
2024-02-23,838.95
2024-02-26,840.65
2024-02-27,841.15
2024-02-28,841.75
2024-02-29,842.25
2024-03-01,842.75
2024-03-04,844.25
2024-03-05,845.25
2024-03-06,845.75
2024-03-07,846.25
2024-03-08,846.75
2024-03-11,848.25
2024-03-12,848.75
2024-03-13,849.75
2024-03-14,850.25
2024-03-15,850.75
2024-03-18,852.25
2024-03-19,852.75
2024-03-20,853.25
2024-03-21,854.25
2024-03-22,854.75
2024-03-25,856.25
2024-03-26,856.75
2024-03-27,857.4167
2024-04-03,861.25
2024-04-04,861.75
2024-04-05,862.75
2024-04-08,864.25
2024-04-09,864.75
2024-04-10,865.25
2024-04-11,865.75
2024-04-12,866.75
2024-04-15,868.25
2024-04-16,868.75
2024-04-17,869.25
2024-04-18,869.75
2024-04-19,870.75
2024-04-22,872.25
2024-04-23,872.75
2024-04-24,873.25
2024-04-25,873.75
2024-04-26,874.75
2024-04-29,876.4167
2024-04-30,876.75
2024-05-02,878.25
2024-05-03,878.75
2024-05-06,880.25
2024-05-07,880.75
2024-05-08,881.75
2024-05-09,882.25
2024-05-10,882.75
2024-05-13,884.25
2024-05-14,885.25
2024-05-15,885.75
2024-05-16,886.25
2024-05-17,886.75
2024-05-20,888.75
2024-05-21,889.25
2024-05-22,889.75
2024-05-23,890.25
2024-05-24,890.75
2024-05-27,892.75
2024-05-28,893.25
2024-05-29,893.75
2024-05-30,894.25
2024-05-31,895.25
2024-06-03,896.4167
2024-06-04,896.9167
2024-06-05,898.25
2024-06-06,898.5
2024-06-07,899.0833
2024-06-10,901.1667
2024-06-11,902.1667
2024-06-12,902.25
2024-06-13,902.5833
2024-06-14,902.6667
2024-06-18,905.4167
2024-06-19,906.0
2024-06-24,909.0833
2024-06-25,909.6667
2024-06-26,910.75
2024-06-27,911.5833
2024-06-28,911.75
2024-07-01,914.5
2024-07-02,915.1667
2024-07-03,915.6667
2024-07-04,915.9167
2024-07-05,918.25
2024-07-08,918.9167
2024-07-10,919.8333
2024-07-11,920.5
2024-07-12,921.75
2024-07-15,922.9167
2024-07-16,923.5
2024-07-17,923.8333
2024-07-18,924.75
2024-07-19,926.75
2024-07-22,927.0833
2024-07-23,927.3333
2024-07-24,928.6667
2024-07-25,929.1667
2024-07-26,931.5833
2024-07-29,931.75
2024-07-30,932.25
2024-07-31,932.75
2024-08-01,933.4167
2024-08-02,935.0833
2024-08-05,935.75
2024-08-06,936.5
2024-08-07,937.0833
2024-08-08,937.5833
2024-08-09,939.6667
2024-08-12,939.8333
2024-08-13,940.3333
2024-08-14,941.6667
2024-08-15,942.0
2024-08-16,944.0
2024-08-19,944.3333
2024-08-20,944.8333
2024-08-21,945.3333
2024-08-22,946.25
2024-08-23,948.1667
2024-08-26,949.0833
2024-08-27,949.75
2024-08-28,950.0833
2024-08-29,950.6667
2024-08-30,952.8333
2024-09-02,952.75
2024-09-03,954.1667
2024-09-04,954.5
2024-09-05,954.9167
2024-09-06,957.1667
2024-09-09,957.75
2024-09-10,958.1667
2024-09-11,958.9167
2024-09-12,959.6667
2024-09-13,961.75
2024-09-16,962.0833
2024-09-17,962.4167
2024-09-18,963.3333
2024-09-19,963.75
2024-09-20,965.75
2024-09-23,966.3333
2024-09-24,966.75
2024-09-25,967.9167
2024-09-26,968.75
2024-09-27,970.5833
2024-09-30,970.9167
2024-10-01,971.25
2024-10-02,971.75
2024-10-03,972.75
2024-10-04,974.8333
2024-10-07,975.5
2024-10-08,975.9167
2024-10-09,976.25
2024-10-10,979.4167
2024-10-14,980.1667
2024-10-15,980.5833
2024-10-16,981.5833
2024-10-17,981.75
2024-10-18,983.8333
2024-10-21,984.4167
2024-10-22,984.8333
2024-10-23,985.9167
2024-10-24,986.3333
2024-10-25,988.3333
2024-10-28,988.8333
2024-10-29,989.25
2024-10-30,990.25
2024-10-31,990.75
2024-11-01,992.75
2024-11-04,993.3333
2024-11-05,994.75
2024-11-07,995.3333
2024-11-08,997.25
2024-11-11,997.75
2024-11-12,998.75
2024-11-13,999.25
2024-11-14,999.75
2024-11-15,1002.75
2024-11-19,1003.25
2024-11-20,1003.75
2024-11-21,1004.75
2024-11-22,1006.75
2024-11-25,1007.25
2024-11-26,1007.75
2024-11-27,1008.75
2024-11-28,1009.25
2024-11-29,1011.75
2024-12-02,1011.9167
2024-12-03,1013.1667
2024-12-04,1013.25
2024-12-05,1013.8333
2024-12-06,1015.75
2024-12-09,1016.75
2024-12-10,1017.25
2024-12-11,1017.75
2024-12-12,1018.75
2024-12-13,1020.75
2024-12-16,1021.25
2024-12-17,1021.8333
2024-12-18,1022.75
2024-12-19,1023.25
2024-12-20,1025.4167
2024-12-23,1027.75
2024-12-26,1029.0
2024-12-27,1030.5
2024-12-30,1032.5
2025-01-02,1032.75
2025-01-03,1034.75
2025-01-06,1035.75
2025-01-07,1036.25
2025-01-08,1036.75
2025-01-09,1037.75
2025-01-10,1039.75
2025-01-13,1040.25
2025-01-14,1041.25
2025-01-15,1041.75
2025-01-16,1042.25
2025-01-17,1044.5
2025-01-20,1045.25
2025-01-21,1045.9167
2025-01-22,1047.25
2025-01-23,1047.6667
2025-01-24,1049.5833
2025-01-27,1050.5
2025-01-28,1050.9167
2025-01-29,1051.5833
2025-01-30,1052.5
2025-01-31,1053.5
2025-02-03,1053.9167
2025-02-04,1054.25
2025-02-05,1054.7083
2025-02-06,1054.875
2025-02-07,1055.9167
2025-02-10,1056.375
2025-02-11,1056.625
2025-02-12,1056.875
2025-02-13,1057.4583
2025-02-14,1058.5
2025-02-17,1059.0833
2025-02-18,1059.1667
2025-02-19,1059.375
2025-02-20,1059.875
2025-02-21,1060.875
2025-02-24,1061.125
2025-02-25,1061.625
2025-02-26,1061.875
2025-02-27,1062.375
2025-02-28,1064.375
2025-03-05,1064.375
2025-03-06,1064.625
2025-03-07,1066.0417
2025-03-10,1066.3333
2025-03-11,1066.6667
2025-03-12,1066.875
2025-03-13,1067.125
2025-03-14,1068.5417
2025-03-17,1068.9167
2025-03-18,1069.125
2025-03-19,1069.625
2025-03-20,1069.8333
2025-03-21,1071.3333
2025-03-25,1071.5833
2025-03-26,1072.0833
2025-03-27,1072.2917
2025-03-28,1073.375
2025-03-31,1073.875
2025-04-01,1074.5417
2025-04-03,1074.8333
2025-04-04,1075.875
2025-04-07,1076.3333
2025-04-08,1076.5833
2025-04-09,1077.125
2025-04-10,1077.375
2025-04-11,1078.375
2025-04-14,1182.4167
2025-04-15,1200.8333
2025-04-16,1172.8333
2025-04-21,1070.4167
2025-04-22,1093.3333
2025-04-23,1122.5
2025-04-24,1176.4167
2025-04-25,1174.1667
2025-04-28,1163.1667
2025-04-29,1170.6667
2025-04-30,1172.0
2025-05-05,1178.5
2025-05-06,1203.8333
2025-05-07,1153.5
2025-05-08,1117.5
2025-05-09,1113.5833
2025-05-12,1126.0
2025-05-13,1125.6667
2025-05-14,1129.8333
2025-05-15,1135.5
2025-05-16,1146.1667
2025-05-19,1134.25
2025-05-20,1142.0
2025-05-21,1145.0
2025-05-22,1143.5833
2025-05-23,1137.0
2025-05-26,1139.8333
2025-05-27,1148.0
2025-05-28,1161.0
2025-05-29,1174.5
2025-05-30,1195.3333
2025-06-02,1181.1667
2025-06-03,1184.0
2025-06-04,1184.3333
2025-06-05,1189.6667
2025-06-06,1190.0
2025-06-09,1186.4167
2025-06-10,1187.0
2025-06-11,1184.5
2025-06-12,1185.5
2025-06-13,1187.6667
2025-06-17,1180.0833
2025-06-18,1151.0
2025-06-19,1156.1667
2025-06-23,1167.3333
2025-06-24,1176.0
2025-06-25,1176.3333
2025-06-26,1194.6667
2025-06-27,1189.8333
2025-06-30,1194.0833
2025-07-01,1203.0
2025-07-02,1231.3333
2025-07-03,1226.9167
2025-07-04,1239.8333
2025-07-07,1257.9167
2025-07-08,1258.0
2025-07-10,1261.1667
2025-07-11,1261.5833
2025-07-14,1266.1667
2025-07-15,1277.0
2025-07-16,1259.9167
2025-07-17,1266.25
2025-07-18,1283.8333
2025-07-21,1286.0
2025-07-22,1266.1667
2025-07-23,1259.6667
2025-07-24,1262.0
2025-07-25,1277.75
2025-07-28,1287.3333
2025-07-29,1296.6667
2025-07-30,1294.1667
2025-07-31,1351.8333
2025-08-01,1361.3333
2025-08-04,1361.8333
2025-08-05,1351.1667
2025-08-06,1333.6667
2025-08-07,1331.0833
2025-08-08,1329.4167
2025-08-11,1330.5
2025-08-12,1321.5
2025-08-13,1318.0
2025-08-14,1308.3333
2025-08-18,1298.8333
2025-08-19,1292.3333
2025-08-20,1298.5
2025-08-21,1309.25
2025-08-22,1321.5833
2025-08-25,1344.1667
2025-08-26,1352.3333
2025-08-27,1359.4167
2025-08-28,1343.6667
2025-08-29,1323.8333
2025-09-01,1371.1667
2025-09-02,1368.25
2025-09-03,1360.1667
2025-09-04,1362.3333
2025-09-05,1365.4167
2025-09-08,1422.1667
2025-09-09,1418.6667
2025-09-10,1419.9167
2025-09-11,1427.5833
2025-09-12,1447.1667
2025-09-15,1462.0
2025-09-16,1464.6667
2025-09-17,1471.4167
2025-09-18,1474.25
2025-09-19,1474.75
2025-09-22,1425.6667
2025-09-23,1354.1667
2025-09-24,1343.3333
2025-09-25,1325.0833
2025-09-26,1332.0
2025-09-29,1341.0
2025-09-30,1366.5833
2025-10-01,1423.8333
2025-10-02,1424.75
2025-10-03,1424.75
2025-10-06,1429.75
2025-10-07,1429.75
2025-10-08,1429.75
2025-10-09,1451.75
2025-10-13,1347.6667
2025-10-14,1359.8333
2025-10-15,1373.5
2025-10-16,1387.1667
2025-10-17,1439.5
2025-10-20,1462.8333
2025-10-21,1484.75
2025-10-22,1487.0833
2025-10-23,1484.0
2025-10-24,1485.9167
2025-10-27,1378.9167
2025-10-28,1470.8333
2025-10-29,1451.5
2025-10-30,1433.6667
2025-10-31,1443.0
2025-11-03,1457.4167
2025-11-04,1473.1667
2025-11-05,1447.5
2025-11-07,1441.5
2025-11-10,1419.3333
2025-11-11,1416.5
2025-11-12,1402.0
2025-11-13,1408.8333
2025-11-14,1405.0
2025-11-17,1401.0
2025-11-18,1388.0
2025-11-19,1402.5
2025-11-20,1416.6667
2025-11-25,1442.8333
2025-11-26,1448.5
2025-11-27,1448.0
2025-11-28,1450.75
2025-12-01,1449.0833
2025-12-02,1453.5833
2025-12-03,1453.5
2025-12-04,1449.3333
2025-12-05,1438.5833
2025-12-09,1437.4167
2025-12-10,1439.4167
2025-12-11,1438.25
2025-12-12,1438.4167
2025-12-15,1439.8333
2025-12-16,1451.3333
2025-12-17,1448.5833
2025-12-18,1453.1667
2025-12-19,1452.25
2025-12-22,1450.4167
2025-12-23,1450.5
2025-12-26,1450.9167
2025-12-29,1454.9167
2025-12-30,1459.4167
2026-01-02,1469.613
2026-01-05,1472.7348
2026-01-06,1467.6208
2026-01-07,1466.0309
2026-01-08,1459.5816
2026-01-09,1466.4689
2026-01-12,1466.646
2026-01-13,1463.3168
2026-01-14,1454.3238
2026-01-15,1443.8584
2026-01-16,1431.055
2026-01-19,1432.6913
2026-01-20,1435.6263
2026-01-21,1429.7799
2026-01-22,1427.0331
2026-01-23,1433.1999
2026-01-26,1438.4603
2026-01-27,1441.3245
2026-01-28,1442.6959
2026-01-29,1446.301
2026-01-30,1447.6657
2026-02-02,1451.701
2026-02-03,1447.6651
2026-02-04,1447.6232
2026-02-05,1445.6242
2026-02-06,1430.589
2026-02-09,1423.3639
2026-02-10,1405.427
2026-02-11,1403.6981
2026-02-12,1394.154
2026-02-13,1395.4205
2026-02-18,1401.8091
2026-02-19,1391.9703
2026-02-20,1384.205
2026-02-23,1367.2357
2026-02-24,1377.0942
2026-02-25,1388.5847
2026-02-26,1408.6966
2026-02-27,1408.9662
2026-03-02,1401.5785
2026-03-03,1411.1067
2026-03-04,1401.5797
2026-03-05,1407.1504
2026-03-06,1413.8218
2026-03-09,1418.2781
2026-03-10,1402.3816
2026-03-11,1396.4528
2026-03-12,1399.6749
2026-03-13,1392.9851
2026-03-16,1394.655
2026-03-17,1395.5134
2026-03-18,1399.6042
2026-03-19,1395.5142
2026-03-20,1393.438
2026-03-25,1378.9689
2026-03-26,1370.2909
2026-03-27,1376.0989
2026-03-30,1394.9234
2026-03-31,1382.7578
2026-04-01,1387.7212
2026-04-06,1391.6887
2026-04-07,1395.0979
2026-04-08,1387.0308
2026-04-09,1383.2312
2026-04-10,1373.9033
2026-04-13,1362.8139
2026-04-14,1358.522
2026-04-15,1363.6566
2026-04-16,1352.9774
2026-04-17,1360.0307
2026-04-20,1372.7745
2026-04-21,1379.0516
2026-04-22,1378.1258
2026-04-23,1387.6961
2026-04-24,1397.2063
2026-04-27,1412.9865
2026-04-28,1408.1491
2026-04-29,1395.2866
2026-04-30,1381.0954
2026-05-04,1398.3143
2026-05-05,1395.1909
2026-05-06,1386.2923
2026-05-07,1390.637
2026-05-08,1394.1232
2026-05-11,1399.4749
2026-05-12,1386.5259
2026-05-13,1389.2073
2026-05-14,1393.2322
2026-05-15,1395.3478
2026-05-18,1394.974
2026-05-19,1398.916
2026-05-20,1398.8346
2026-05-21,1392.1705
2026-05-22,1393.5019
2026-05-26,1407.8893
2026-05-27,1411.1796
2026-05-28,1411.4054
2026-05-29,1410.2904
2026-06-01,1421.4672
2026-06-02,1426.9788
2026-06-03,1435.3812
2026-06-04,1438.8159
2026-06-05,1442.4148
2026-06-08,1445.3978
2026-06-09,1446.1668
2026-06-10,1436.585
2026-06-11,1429.0298
2026-06-12,1430.8092
2026-06-16,1432.6696
2026-06-17,1439.2199
2026-06-18,1449.5799
2026-06-19,1460.2498
2026-06-22,1457.3057
2026-06-23,1469.9138
2026-06-24,1478.0437
2026-06-25,1477.2991
2026-06-26,1474.7207
2026-06-29,1480.6598
2026-06-30,1483.0198
2026-07-01,1487.769
2026-07-02,1490.6754
2026-07-03,1488.5858
2026-07-06,1489.5949
2026-07-07,1491.55
2026-07-08,1490.9024
2026-07-13,1486.0549
2026-07-14,1474.7373
2026-07-15,1475.4431
2026-07-16,1474.7696
2026-07-17,1480.1223
2026-07-20,1480.175
2026-07-21,1477.7
2026-07-22,1480.8616
2026-07-23,1489.7656
2026-07-24,1494.3744
2026-07-27,1498.5117
2026-07-28,1499.8387
2026-07-29,1496.3521
2026-07-30,1490.8431
2026-07-31,1488.4531
2026-08-03,1493.4428
2026-08-04,1496.4509
2026-08-05,1496.3132
2026-08-06,1497.0062
2026-08-07,1498.4355
2026-08-10,1498.0939
2026-08-11,1492.179
2026-08-12,1492.5477
2026-08-13,1491.8387
2026-08-14,1488.6984
2026-08-18,1494.1268
2026-08-19,1497.5332
2026-08-20,1497.2898
2026-08-21,1497.4528
2026-08-24,1506.9002
2026-08-25,1511.5326
2026-08-26,1514.1634
2026-08-27,1512.7498
2026-08-28,1513.0352
2026-08-31,1509.4686
2026-09-01,1512.7304
2026-09-02,1511.6306
2026-09-03,1508.2111
2026-09-04,1507.3745
2026-09-07,1511.154
2026-09-08,1510.1049
2026-09-09,1515.1105
2026-09-10,1512.9956
2026-09-11,1509.9074
2026-09-14,1510.3215
2026-09-15,1506.6836
